"MACRORREGIÃO ","UNIDADES EXECUTANTES","COMPLEXIDADE","TIPO DE ATENDIMENTO","TIPO DE LEITO","ESPECIALIDADES","FLUXO REGULATÓRIO","PARTICULARIDADES DA SOLICITAÇÃO POR UNIDADE EXECUTANTE","COBERTURA SAD - MUNICÍPIO REFERÊNCIA X UN. EXECUTANTE","","","","","","","","","","","","","","","","","","","",""
"CENTRO OESTE","BATUÍRA - GOIÂNIA","MÉDIA COMPLEXIDADE","URGÊNCIA E EMERGÊNCIA ","ENFERMARIA ADULTO","PSIQUIATRIA","REGULAÇÃO PARA O LEITO","BATUÍRA - CÓDIGO DE PROCEDIMENTO DE INTERNAÇÃO OBRIGATÓRIO: 0303170190 
HORÁRIO DE ADMISSÃO: SEGUNDA A SEXTA-FEIRA DAS 07H ÀS 21H E SÁBADO, DOMINGO E FERIADO DAS 07H ÀS 19H
 
PERFIL: > 18 ANOS, TRANSTORNO MENTAL EM GERAL E ETILISMO COM CID PRIMÁRIO DE TRANSTORNO MENTAL. NÃO TEM ESTRUTURA PARA ACOMPANHANTE TERAPÊUTICO;

NÃO É PERFIL:
MENOR DE IDADE; 
PENDÊNCIAS CLÍNICAS 
MAIOR DE 60 ANOS, COM AUTOCUIDADO PREJUDICADO E COM NECESSIDADE DE ACOMPANHANTE TERAPÊUTICO; 
DEPENDENTE QUÍMICO, EXCETO ALCOOLISMO; 
JUDICIALIZADO/COMPULSÓRIO, PAILI, PRIVADOS DE LIBERDADE; 
PACIENTES EM SITUAÇÃO DE RUA SEM VÍNCULOS.","","","","","","","","","","","","","","","","","","","","",""
"CENTRO OESTE","CASA DE EURIPEDES - GOIÂNIA","MÉDIA COMPLEXIDADE","URGÊNCIA E EMERGÊNCIA ","ENFERMARIA ADULTO","PSIQUIATRIA","REGULAÇÃO PARA O LEITO","CASA DE EURIPEDES - CÓDIGO DE PROCEDIMENTO DE INTERNAÇÃO OBRIGATÓRIO: 0303170190
HORÁRIO DE ADMISSÃO: 24h 

PERFIL: > 13 ANOS, TRANSTORNO MENTAL EM GERAL E DEPEDENCIA QUIMICA, ACEITA PRIVADO DE LIBERDADE, PAILI, ""COMPULSÓRIO/JUDICIALIZADO E INFANTO POSSUI LEITO ESPECÍFICO"";
OBRIGATÓRIO ACOMPANHANTE TERAPEUTICO PARA: INFANTO, > 60 ANOS E PLANEJAMENTO SUICIDA;

NÃO É PERFIL:
MAIOR DE 70 ANOS E MENOR DE 13 ANOS 
PENDÊNCIAS CLÍNICAS 
AUTOCUIDADO PREJUDICADO COM AUSÊNCIA DE ACOMPANHANTE TERAPÊUTICO; 
SONDADOS, COLOSTOMIZADOS, DEFICIÊNCIA VISUAL GRAVE, CADEIRANTE, COM DIFICIL MANEJO NA ENFERMARIA. ","","","","","","","","","","","","","","","","","","","","",""
"CENTRO OESTE","CASA DE EURIPEDES - GOIÂNIA","MÉDIA COMPLEXIDADE","URGÊNCIA E EMERGÊNCIA ","ENF INFANTO-JUVENIL (PSIQUIATRIA) ","PSIQUIATRIA","REGULAÇÃO PARA O LEITO","CASA DE EURIPEDES - CÓDIGO DE PROCEDIMENTO DE INTERNAÇÃO OBRIGATÓRIO: 0303170190
HORÁRIO DE ADMISSÃO: 24h 

PERFIL: > 13 ANOS, TRANSTORNO MENTAL EM GERAL E DEPEDENCIA QUIMICA, ACEITA COMPULSÓRIO/JUDICIALIZADO;
POSSUI LEITO ESPECÍFICO;
OBRIGATÓRIO ACOMPANHANTE TERAPEUTICO DURANTE TODA INTERNAÇÃO PARA ESSA FAIXA ETÁRIA. ","","","","","","","","","","","","","","","","","","","","",""
"CENTRO OESTE","CEAPSOL - GOIÂNIA","MÉDIA COMPLEXIDADE","URGÊNCIA E EMERGÊNCIA ","ENFERMARIA ADULTO","CLÍNICA MÉDICA","REGULAÇÃO PARA O LEITO","CEAPSOL - DOENÇAS PNEUMOLÓGICAS, ARBOVIROSES","","","","","","","","","","","","","","","","","","","","",""
"CENTRO OESTE","CEAPSOL - GOIÂNIA","MÉDIA COMPLEXIDADE","URGÊNCIA E EMERGÊNCIA ","ENFERMARIA ADULTO","DERMATOLOGIA","REGULAÇÃO PARA O LEITO","CEAPSOL - PACIENTES COM DOENÇAS DERMATOLÓGICAS","","","","","","","","","","","","","","","","","","","","",""
"CENTRO OESTE","CEAPSOL - GOIÂNIA","MÉDIA COMPLEXIDADE","URGÊNCIA E EMERGÊNCIA ","ENFERMARIA ADULTO","CUIDADOS PROLONGADOS","REGULAÇÃO PARA O LEITO","CEAPSOL - SEQUELAS NEUROLÓGICAS, PACIENTES EM CONDIÇÕES SOCIAIS DE DESOSPITALIZAÇÃO. USUÁRIO EM SITUAÇÃO VULNERÁVEL","","","","","","","","","","","","","","","","","","","","",""
"CENTRO OESTE","CEAPSOL - GOIÂNIA","MÉDIA COMPLEXIDADE","URGÊNCIA E EMERGÊNCIA ","ENFERMARIA ADULTO","INFECTOLOGIA ","REGULAÇÃO PARA O LEITO","CEAPSOL - COM DIAGNÓSTICO CONFIRMADO OU CLÍNICA SUGESTIVA","","","","","","","","","","","","","","","","","","","","",""
"CENTRO OESTE","CEAPSOL - GOIÂNIA","MÉDIA COMPLEXIDADE","URGÊNCIA E EMERGÊNCIA ","ENFERMARIA ADULTO","CLÍNICA MÉDICA","INTERNAÇÃO PRÓPRIA (COTA DIRETA)","CEAPSOL - EGRESSO DO AMBULATÓRIO ","","","","","","","","","","","","","","","","","","","","",""
"CENTRO OESTE","CEROF - GOIÂNIA","MÉDIA E ALTA COMPLEXIDADE","URGÊNCIA E EMERGÊNCIA ","PRONTO SOCORRO","OFTALMOLOGIA PEDIÁTRICA","ENCAMINHAMENTO DE URGÊNCIA ","CEROF: URGÊNCIAS OFTALMOLÓGICA ","","","","","","","","","","","","","","","","","","","","",""
"CENTRO OESTE","CEROF - GOIÂNIA","MÉDIA E ALTA COMPLEXIDADE","URGÊNCIA E EMERGÊNCIA ","PRONTO SOCORRO","OFTALMOLOGIA ADULTO","ENCAMINHAMENTO DE URGÊNCIA ","CEROF: URGÊNCIAS OFTALMOLÓGICA ","","","","","","","","","","","","","","","","","","","","",""
"CENTRO SUDESTE","CORA - GOIÂNIA ","MÉDIA E ALTA COMPLEXIDADE","URGÊNCIA E EMERGÊNCIA ","ENFERMARIA PEDIATRICA","ONCOLOGIA CIRURGICA ","REGULAÇÃO PARA O LEITO","CORA - DE 0 a 17 ANOS, ONCOLOGIA EM GERAL, EXCETO TUMORES DE ORIGEM VASCULAR; GINECOLÓGICOS, MAMA E PELE. 
DE 18 a 23 ANOS APENAS NEOPLASIA MALIGNA ÓSSEA (sarcoma de Ewing e osteossarcoma)","","","","","","","","","","","","","","","","","","","","",""
"CENTRO SUDESTE","CORA - GOIÂNIA ","MÉDIA E ALTA COMPLEXIDADE","URGÊNCIA E EMERGÊNCIA ","ENFERMARIA PEDIATRICA","ONCOLOGIA","REGULAÇÃO PARA O LEITO","CORA - DE 0 a 17 ANOS, ONCOLOGIA EM GERAL, EXCETO TUMORES DE ORIGEM VASCULAR; GINECOLÓGICOS, MAMA E PELE. 
DE 18 a 23 ANOS APENAS NEOPLASIA MALIGNA ÓSSEA (sarcoma de Ewing e osteossarcoma)","","","","","","","","","","","","","","","","","","","","",""
"CENTRO SUDESTE","CORA - GOIÂNIA ","MÉDIA E ALTA COMPLEXIDADE","URGÊNCIA E EMERGÊNCIA ","UTI PEDIATRICA","ONCOLOGIA ","REGULAÇÃO PARA O LEITO","CORA - DE 0 a 17 ANOS, ONCOLOGIA EM GERAL, EXCETO TUMORES DE ORIGEM VASCULAR; GINECOLÓGICOS, MAMA E PELE. 
DE 18 a 23 ANOS APENAS NEOPLASIA MALIGNA ÓSSEA (sarcoma de Ewing e osteossarcoma)","","","","","","","","","","","","","","","","","","","","",""
"CENTRO SUDOESTE","CORA - GOIÂNIA ","MÉDIA E ALTA COMPLEXIDADE","URGÊNCIA E EMERGÊNCIA ","ENFERMARIA PEDIATRICA","ONCOLOGIA CIRURGICA ","REGULAÇÃO PARA O LEITO","CORA - DE 0 a 17 ANOS, ONCOLOGIA EM GERAL, EXCETO TUMORES DE ORIGEM VASCULAR; GINECOLÓGICOS, MAMA E PELE. 
DE 18 a 23 ANOS APENAS NEOPLASIA MALIGNA ÓSSEA (sarcoma de Ewing e osteossarcoma)","","","","","","","","","","","","","","","","","","","","",""
"CENTRO SUDOESTE","CORA - GOIÂNIA ","MÉDIA E ALTA COMPLEXIDADE","URGÊNCIA E EMERGÊNCIA ","ENFERMARIA PEDIATRICA","ONCOLOGIA","REGULAÇÃO PARA O LEITO","CORA - DE 0 a 17 ANOS, ONCOLOGIA EM GERAL, EXCETO TUMORES DE ORIGEM VASCULAR; GINECOLÓGICOS, MAMA E PELE. 
DE 18 a 23 ANOS APENAS NEOPLASIA MALIGNA ÓSSEA (sarcoma de Ewing e osteossarcoma)","","","","","","","","","","","","","","","","","","","","",""
"CENTRO SUDOESTE","CORA - GOIÂNIA ","MÉDIA E ALTA COMPLEXIDADE","URGÊNCIA E EMERGÊNCIA ","UTI PEDIATRICA","ONCOLOGIA ","REGULAÇÃO PARA O LEITO","CORA - DE 0 a 17 ANOS, ONCOLOGIA EM GERAL, EXCETO TUMORES DE ORIGEM VASCULAR; GINECOLÓGICOS, MAMA E PELE. 
DE 18 a 23 ANOS APENAS NEOPLASIA MALIGNA ÓSSEA (sarcoma de Ewing e osteossarcoma)","","","","","","","","","","","","","","","","","","","","",""
"NORDESTE","CORA - GOIÂNIA ","MÉDIA E ALTA COMPLEXIDADE","URGÊNCIA E EMERGÊNCIA ","ENFERMARIA PEDIATRICA","ONCOLOGIA CIRURGICA ","REGULAÇÃO PARA O LEITO","CORA - DE 0 a 17 ANOS, ONCOLOGIA EM GERAL, EXCETO TUMORES DE ORIGEM VASCULAR; GINECOLÓGICOS, MAMA E PELE. 
DE 18 a 23 ANOS APENAS NEOPLASIA MALIGNA ÓSSEA (sarcoma de Ewing e osteossarcoma)","","","","","","","","","","","","","","","","","","","","",""
"NORDESTE","CORA - GOIÂNIA ","MÉDIA E ALTA COMPLEXIDADE","URGÊNCIA E EMERGÊNCIA ","ENFERMARIA PEDIATRICA","ONCOLOGIA","REGULAÇÃO PARA O LEITO","CORA - DE 0 a 17 ANOS, ONCOLOGIA EM GERAL, EXCETO TUMORES DE ORIGEM VASCULAR; GINECOLÓGICOS, MAMA E PELE. 
DE 18 a 23 ANOS APENAS NEOPLASIA MALIGNA ÓSSEA (sarcoma de Ewing e osteossarcoma)","","","","","","","","","","","","","","","","","","","","",""
"NORDESTE","CORA - GOIÂNIA ","MÉDIA E ALTA COMPLEXIDADE","URGÊNCIA E EMERGÊNCIA ","UTI PEDIATRICA","ONCOLOGIA ","REGULAÇÃO PARA O LEITO","CORA - DE 0 a 17 ANOS, ONCOLOGIA EM GERAL, EXCETO TUMORES DE ORIGEM VASCULAR; GINECOLÓGICOS, MAMA E PELE. 
DE 18 a 23 ANOS APENAS NEOPLASIA MALIGNA ÓSSEA (sarcoma de Ewing e osteossarcoma)","","","","","","","","","","","","","","","","","","","","",""
"CENTRO NORTE","CORA - GOIÂNIA ","MÉDIA E ALTA COMPLEXIDADE","URGÊNCIA E EMERGÊNCIA ","UTI PEDIATRICA","ONCOLOGIA ","REGULAÇÃO PARA O LEITO","CORA - DE 0 a 17 ANOS, ONCOLOGIA EM GERAL, EXCETO TUMORES DE ORIGEM VASCULAR; GINECOLÓGICOS, MAMA E PELE. 
DE 18 a 23 ANOS APENAS NEOPLASIA MALIGNA ÓSSEA (sarcoma de Ewing e osteossarcoma)","","","","","","","","","","","","","","","","","","","","",""
"CENTRO OESTE","CORA - GOIÂNIA ","MÉDIA E ALTA COMPLEXIDADE","URGÊNCIA E EMERGÊNCIA ","ENFERMARIA PEDIATRICA","ONCOLOGIA CIRURGICA ","REGULAÇÃO PARA O LEITO","CORA - DE 0 a 17 ANOS, ONCOLOGIA EM GERAL, EXCETO TUMORES DE ORIGEM VASCULAR; GINECOLÓGICOS, MAMA E PELE. 
DE 18 a 23 ANOS APENAS NEOPLASIA MALIGNA ÓSSEA (sarcoma de Ewing e osteossarcoma)","","","","","","","","","","","","","","","","","","","","",""
"CENTRO OESTE","CORA - GOIÂNIA ","MÉDIA E ALTA COMPLEXIDADE","URGÊNCIA E EMERGÊNCIA ","ENFERMARIA PEDIATRICA","ONCOLOGIA","REGULAÇÃO PARA O LEITO","CORA - DE 0 a 17 ANOS, ONCOLOGIA EM GERAL, EXCETO TUMORES DE ORIGEM VASCULAR; GINECOLÓGICOS, MAMA E PELE. 
DE 18 a 23 ANOS APENAS NEOPLASIA MALIGNA ÓSSEA (sarcoma de Ewing e osteossarcoma)","","","","","","","","","","","","","","","","","","","","",""
"CENTRO NORTE","CORA - GOIÂNIA ","MÉDIA E ALTA COMPLEXIDADE","URGÊNCIA E EMERGÊNCIA ","ENFERMARIA PEDIATRICA","ONCOLOGIA CIRURGICA ","REGULAÇÃO PARA O LEITO","CORA - DE 0 a 17 ANOS, ONCOLOGIA EM GERAL, EXCETO TUMORES DE ORIGEM VASCULAR; GINECOLÓGICOS, MAMA E PELE. 
DE 18 a 23 ANOS APENAS NEOPLASIA MALIGNA ÓSSEA (sarcoma de Ewing e osteossarcoma)","","","","","","","","","","","","","","","","","","","","",""
"CENTRO NORTE","CORA - GOIÂNIA ","MÉDIA E ALTA COMPLEXIDADE","URGÊNCIA E EMERGÊNCIA ","ENFERMARIA PEDIATRICA","ONCOLOGIA","REGULAÇÃO PARA O LEITO","CORA - DE 0 a 17 ANOS, ONCOLOGIA EM GERAL, EXCETO TUMORES DE ORIGEM VASCULAR; GINECOLÓGICOS, MAMA E PELE. 
DE 18 a 23 ANOS APENAS NEOPLASIA MALIGNA ÓSSEA (sarcoma de Ewing e osteossarcoma)","","","","","","","","","","","","","","","","","","","","",""
"CENTRO OESTE","CORA - GOIÂNIA ","MÉDIA E ALTA COMPLEXIDADE","URGÊNCIA E EMERGÊNCIA ","UTI PEDIATRICA","ONCOLOGIA ","REGULAÇÃO PARA O LEITO","CORA - DE 0 a 17 ANOS, ONCOLOGIA EM GERAL, EXCETO TUMORES DE ORIGEM VASCULAR; GINECOLÓGICOS, MAMA E PELE. 
DE 18 a 23 ANOS APENAS NEOPLASIA MALIGNA ÓSSEA (sarcoma de Ewing e osteossarcoma)","","","","","","","","","","","","","","","","","","","","",""
"CENTRO OESTE","CORA - GOIÂNIA ","MÉDIA E ALTA COMPLEXIDADE","URGÊNCIA E EMERGÊNCIA ","UTI PEDIATRICA","ONCOLOGIA ","INTERNAÇÃO PRÓPRIA (COTA DIRETA)","CORA - SOMENTE PARA PACIENTES EGRESSOS DE CIRURGIA ELETIVA OU DO AMBULATORIO ","","","","","","","","","","","","","","","","","","","","",""
"CENTRO OESTE","CORA - GOIÂNIA ","MÉDIA E ALTA COMPLEXIDADE","URGÊNCIA E EMERGÊNCIA ","ENFERMARIA PEDIATRICA","ONCOLOGIA","INTERNAÇÃO PRÓPRIA (COTA DIRETA)","CORA - SOMENTE PARA PACIENTES EGRESSOS DE CIRURGIA ELETIVA OU DO AMBULATORIO ","","","","","","","","","","","","","","","","","","","","",""
"CENTRO OESTE","CRER - GOIÂNIA","MÉDIA E ALTA COMPLEXIDADE","URGÊNCIA E EMERGÊNCIA ","UTI ADULTO","CLÍNICA MÉDICA ","REGULAÇÃO PARA O LEITO","CRER- CONDIÇÕES CLÍNICAS AGUDAS OU DESCOMPENSAÇÃO DE DOENÇAS CRÔNICAS, DISTÚRBIOS HIDROELETROLÍTICOS E OUTRAS INTERCORRÊNCIAS CLÍNICAS QUE NÃO TENHAM INDICAÇÃO PRIMÁRIA CIRÚRGICA OU TRAUMÁTICA.

NÃO É PERFIL: IRA OU DRC, HEMORRAGIA DIGESTIVA, SERVIÇO DE HEMODINÂMICA, PÓS-PCR DE CAUSA NÃO DEFINIDA, IAM, AVC, DOENÇAS INFECTOCONTAGIOSAS, ONCOLOGIA, HEMATOLOGIA, REUMATOLOGIA, PSIQUIATRIA, GINECOLOGIA E OBSTETRÍCIA, NEUROCIRURGIA EM GERAL, CARDIOCIRURGIA, EMBOLIZAÇÃO, TROMBÓLISE E GASTROENTEROLOGIA.","","","","","","","","","","","","","","","","","","","","",""
"CENTRO NORTE","CRER - GOIÂNIA","MÉDIA E ALTA COMPLEXIDADE","URGÊNCIA E EMERGÊNCIA ","UTI ADULTO","CLÍNICA MÉDICA ","REGULAÇÃO PARA O LEITO","CRER- CONDIÇÕES CLÍNICAS AGUDAS OU DESCOMPENSAÇÃO DE DOENÇAS CRÔNICAS, DISTÚRBIOS HIDROELETROLÍTICOS E OUTRAS INTERCORRÊNCIAS CLÍNICAS QUE NÃO TENHAM INDICAÇÃO PRIMÁRIA CIRÚRGICA OU TRAUMÁTICA.

NÃO É PERFIL: IRA OU DRC, HEMORRAGIA DIGESTIVA, SERVIÇO DE HEMODINÂMICA, PÓS-PCR DE CAUSA NÃO DEFINIDA, IAM, AVC, DOENÇAS INFECTOCONTAGIOSAS, ONCOLOGIA, HEMATOLOGIA, REUMATOLOGIA, PSIQUIATRIA, GINECOLOGIA E OBSTETRÍCIA, NEUROCIRURGIA EM GERAL, CARDIOCIRURGIA, EMBOLIZAÇÃO, TROMBÓLISE E GASTROENTEROLOGIA.","","","","","","","","","","","","","","","","","","","","",""
"CENTRO SUDESTE","CRER - GOIÂNIA","MÉDIA E ALTA COMPLEXIDADE","URGÊNCIA E EMERGÊNCIA ","UTI ADULTO","CLÍNICA MÉDICA ","REGULAÇÃO PARA O LEITO","CRER- CONDIÇÕES CLÍNICAS AGUDAS OU DESCOMPENSAÇÃO DE DOENÇAS CRÔNICAS, DISTÚRBIOS HIDROELETROLÍTICOS E OUTRAS INTERCORRÊNCIAS CLÍNICAS QUE NÃO TENHAM INDICAÇÃO PRIMÁRIA CIRÚRGICA OU TRAUMÁTICA.

NÃO É PERFIL: IRA OU DRC, HEMORRAGIA DIGESTIVA, SERVIÇO DE HEMODINÂMICA, PÓS-PCR DE CAUSA NÃO DEFINIDA, IAM, AVC, DOENÇAS INFECTOCONTAGIOSAS, ONCOLOGIA, HEMATOLOGIA, REUMATOLOGIA, PSIQUIATRIA, GINECOLOGIA E OBSTETRÍCIA, NEUROCIRURGIA EM GERAL, CARDIOCIRURGIA, EMBOLIZAÇÃO, TROMBÓLISE E GASTROENTEROLOGIA.","","","","","","","","","","","","","","","","","","","","",""
"CENTRO SUDOESTE","CRER - GOIÂNIA","MÉDIA E ALTA COMPLEXIDADE","URGÊNCIA E EMERGÊNCIA ","UTI ADULTO","CLÍNICA MÉDICA ","REGULAÇÃO PARA O LEITO","CRER- CONDIÇÕES CLÍNICAS AGUDAS OU DESCOMPENSAÇÃO DE DOENÇAS CRÔNICAS, DISTÚRBIOS HIDROELETROLÍTICOS E OUTRAS INTERCORRÊNCIAS CLÍNICAS QUE NÃO TENHAM INDICAÇÃO PRIMÁRIA CIRÚRGICA OU TRAUMÁTICA.

NÃO É PERFIL: IRA OU DRC, HEMORRAGIA DIGESTIVA, SERVIÇO DE HEMODINÂMICA, PÓS-PCR DE CAUSA NÃO DEFINIDA, IAM, AVC, DOENÇAS INFECTOCONTAGIOSAS, ONCOLOGIA, HEMATOLOGIA, REUMATOLOGIA, PSIQUIATRIA, GINECOLOGIA E OBSTETRÍCIA, NEUROCIRURGIA EM GERAL, CARDIOCIRURGIA, EMBOLIZAÇÃO, TROMBÓLISE E GASTROENTEROLOGIA.","","","","","","","","","","","","","","","","","","","","",""
"NORDESTE","CRER - GOIÂNIA","MÉDIA E ALTA COMPLEXIDADE","URGÊNCIA E EMERGÊNCIA ","UTI ADULTO","CLÍNICA MÉDICA ","REGULAÇÃO PARA O LEITO","CRER- CONDIÇÕES CLÍNICAS AGUDAS OU DESCOMPENSAÇÃO DE DOENÇAS CRÔNICAS, DISTÚRBIOS HIDROELETROLÍTICOS E OUTRAS INTERCORRÊNCIAS CLÍNICAS QUE NÃO TENHAM INDICAÇÃO PRIMÁRIA CIRÚRGICA OU TRAUMÁTICA.

NÃO É PERFIL: IRA OU DRC, HEMORRAGIA DIGESTIVA, SERVIÇO DE HEMODINÂMICA, PÓS-PCR DE CAUSA NÃO DEFINIDA, IAM, AVC, DOENÇAS INFECTOCONTAGIOSAS, ONCOLOGIA, HEMATOLOGIA, REUMATOLOGIA, PSIQUIATRIA, GINECOLOGIA E OBSTETRÍCIA, NEUROCIRURGIA EM GERAL, CARDIOCIRURGIA, EMBOLIZAÇÃO, TROMBÓLISE E GASTROENTEROLOGIA.","","","","","","","","","","","","","","","","","","","","",""
"CENTRO OESTE","CRER - GOIÂNIA","MÉDIA E ALTA COMPLEXIDADE","URGÊNCIA E EMERGÊNCIA ","UTI ADULTO","CLÍNICA MÉDICA ","INTERNAÇÃO PRÓPRIA (COTA DIRETA)","CRER- PACIENTES EGRESSOS DA CIRÚRGIA ELETIVA OU DO AMBULATÓRIO","","","","","","","","","","","","","","","","","","","","",""
"CENTRO OESTE","CRER - GOIÂNIA","MÉDIA E ALTA COMPLEXIDADE","URGÊNCIA E EMERGÊNCIA ","ENFERMARIA ADULTO","ORTOPEDIA E TRAUMATOLOGIA","INTERNAÇÃO PRÓPRIA (COTA DIRETA)","CRER- PACIENTES EGRESSOS DA CIRÚRGIA ELETIVA OU DO AMBULATÓRIO","","","","","","","","","","","","","","","","","","","","",""
"CENTRO OESTE","CRER - GOIÂNIA","MÉDIA E ALTA COMPLEXIDADE","URGÊNCIA E EMERGÊNCIA ","ENFERMARIA ADULTO","ORTOPEDIA E TRAUMATOLOGIA","REGULAÇÃO PARA O LEITO","CRER: FRATURA DE COLO DE FÊMUR, TRANSTROCANTÉRICA E PERTROCANTÉRICA, FRATURA DE CLAVÍCULA, LUXAÇÃO ACROMIOCLAVICULAR, DIÁFISE DO ÚMERO, ARTROPLASTIA DE CABEÇA DO RÁDIO, FRATURA LUXAÇÃO DO TORNOZELO, CALCÂNEO, PÉ, ENTRE OUTRAS. CONFORME DISPONIBILIDADE DIÁRIA DE VAGAS POR ESPECIALIDADE.

NÃO É PERFIL: COLUNA, FRATURAS EXPOSTAS, MÚLTIPLAS FRATURAS, COMPLICAÇÃO CIRÚRGICA DE OUTRA UNIDADE E JOELHO","","","","","","","","","","","","","","","","","","","","",""
"CENTRO NORTE","CRER - GOIÂNIA","MÉDIA E ALTA COMPLEXIDADE","URGÊNCIA E EMERGÊNCIA ","ENFERMARIA ADULTO","ORTOPEDIA E TRAUMATOLOGIA","REGULAÇÃO PARA O LEITO","CRER: FRATURA DE COLO DE FÊMUR, TRANSTROCANTÉRICA E PERTROCANTÉRICA, FRATURA DE CLAVÍCULA, LUXAÇÃO ACROMIOCLAVICULAR, DIÁFISE DO ÚMERO, ARTROPLASTIA DE CABEÇA DO RÁDIO, FRATURA LUXAÇÃO DO TORNOZELO, CALCÂNEO, PÉ, ENTRE OUTRAS. CONFORME DISPONIBILIDADE DIÁRIA DE VAGAS POR ESPECIALIDADE.

NÃO É PERFIL: COLUNA, FRATURAS EXPOSTAS, MÚLTIPLAS FRATURAS, COMPLICAÇÃO CIRÚRGICA DE OUTRA UNIDADE E JOELHO","","","","","","","","","","","","","","","","","","","","",""
"CENTRO SUDESTE","CRER - GOIÂNIA","MÉDIA E ALTA COMPLEXIDADE","URGÊNCIA E EMERGÊNCIA ","ENFERMARIA ADULTO","ORTOPEDIA E TRAUMATOLOGIA","REGULAÇÃO PARA O LEITO","CRER: FRATURA DE COLO DE FÊMUR, TRANSTROCANTÉRICA E PERTROCANTÉRICA, FRATURA DE CLAVÍCULA, LUXAÇÃO ACROMIOCLAVICULAR, DIÁFISE DO ÚMERO, ARTROPLASTIA DE CABEÇA DO RÁDIO, FRATURA LUXAÇÃO DO TORNOZELO, CALCÂNEO, PÉ, ENTRE OUTRAS. CONFORME DISPONIBILIDADE DIÁRIA DE VAGAS POR ESPECIALIDADE.

NÃO É PERFIL: COLUNA, FRATURAS EXPOSTAS, MÚLTIPLAS FRATURAS, COMPLICAÇÃO CIRÚRGICA DE OUTRA UNIDADE E JOELHO","","","","","","","","","","","","","","","","","","","","",""
"CENTRO SUDOESTE","CRER - GOIÂNIA","MÉDIA E ALTA COMPLEXIDADE","URGÊNCIA E EMERGÊNCIA ","ENFERMARIA ADULTO","ORTOPEDIA E TRAUMATOLOGIA","REGULAÇÃO PARA O LEITO","CRER: FRATURA DE COLO DE FÊMUR, TRANSTROCANTÉRICA E PERTROCANTÉRICA, FRATURA DE CLAVÍCULA, LUXAÇÃO ACROMIOCLAVICULAR, DIÁFISE DO ÚMERO, ARTROPLASTIA DE CABEÇA DO RÁDIO, FRATURA LUXAÇÃO DO TORNOZELO, CALCÂNEO, PÉ, ENTRE OUTRAS. CONFORME DISPONIBILIDADE DIÁRIA DE VAGAS POR ESPECIALIDADE.

NÃO É PERFIL: COLUNA, FRATURAS EXPOSTAS, MÚLTIPLAS FRATURAS, COMPLICAÇÃO CIRÚRGICA DE OUTRA UNIDADE E JOELHO","","","","","","","","","","","","","","","","","","","","",""
"NORDESTE","CRER - GOIÂNIA","MÉDIA E ALTA COMPLEXIDADE","URGÊNCIA E EMERGÊNCIA ","ENFERMARIA ADULTO","ORTOPEDIA E TRAUMATOLOGIA","REGULAÇÃO PARA O LEITO","CRER: FRATURA DE COLO DE FÊMUR, TRANSTROCANTÉRICA E PERTROCANTÉRICA, FRATURA DE CLAVÍCULA, LUXAÇÃO ACROMIOCLAVICULAR, DIÁFISE DO ÚMERO, ARTROPLASTIA DE CABEÇA DO RÁDIO, FRATURA LUXAÇÃO DO TORNOZELO, CALCÂNEO, PÉ, ENTRE OUTRAS. CONFORME DISPONIBILIDADE DIÁRIA DE VAGAS POR ESPECIALIDADE.

NÃO É PERFIL: COLUNA, FRATURAS EXPOSTAS, MÚLTIPLAS FRATURAS, COMPLICAÇÃO CIRÚRGICA DE OUTRA UNIDADE E JOELHO","","","","","","","","","","","","","","","","","","","","",""
"CENTRO OESTE","CRER - GOIÂNIA","MÉDIA E ALTA COMPLEXIDADE","URGÊNCIA E EMERGÊNCIA ","ENFERMARIA ADULTO","REABILITAÇÃO","REGULAÇÃO PARA O LEITO","CRER - A REABILITAÇÃO NEUROFUNCIONAL É INDICADA PARA PACIENTES CLINICAMENTE ESTÁVEIS, VÍTIMAS DE EVENTO RECENTE INCAPACITANTE, COM IDADE SUPERIOR A 8 ANOS, QUE ATENDAM A TODOS OS CRITÉRIOS ESTABELECIDOS NO CHECKLIST. 
O CHECKLIST É PRÉ-REQUISITO OBRIGATÓRIO PARA DEFINIÇÃO DO PERFIL.

NÃO É PERFIL:

• INSTABILIDADE CLÍNICA, RESPIRATÓRIA OU HEMODINÂMICA
• CRISES CONVULSIVAS NÃO CONTROLADAS
• DOENÇA NEUROMUSCULAR (ELA, AMIOTROFIA ESPINHAL, DISTROFIAS, PARKINSON)
• INFECÇÃO ATIVA, EM ANTIBIOTICOTERAPIA E/OU PICO FEBRIL NAS ÚLTIMAS 24H
• INSUFICIÊNCIA RENAL DIALÍTICA
• VENTILAÇÃO MECÂNICA OU USO DE OXIGÊNIO SUPLEMENTAR
• CAQUEXIA
• DRENO (QUALQUER TIPO)
• AUSÊNCIA DE ACOMPANHANTE PARA INTERNAÇÃO
• IDOSO COM ANTECEDENTE DE DEMÊNCIA OU DELIRIUM
• AUSÊNCIA DE RESPOSTA VERBAL, MOTORA OU GESTUAL A COMANDOS
• LESÃO POR PRESSÃO (LPP) ESTÁGIO 3 OU SUPERIOR.","","","","","","","","","","","","","","","","","","","","",""
"CENTRO NORTE","CRER - GOIÂNIA","MÉDIA E ALTA COMPLEXIDADE","URGÊNCIA E EMERGÊNCIA ","ENFERMARIA ADULTO","REABILITAÇÃO","REGULAÇÃO PARA O LEITO","CRER - A REABILITAÇÃO NEUROFUNCIONAL É INDICADA PARA PACIENTES CLINICAMENTE ESTÁVEIS, VÍTIMAS DE EVENTO RECENTE INCAPACITANTE, COM IDADE SUPERIOR A 8 ANOS, QUE ATENDAM A TODOS OS CRITÉRIOS ESTABELECIDOS NO CHECKLIST. 
O CHECKLIST É PRÉ-REQUISITO OBRIGATÓRIO PARA DEFINIÇÃO DO PERFIL.

NÃO É PERFIL:

• INSTABILIDADE CLÍNICA, RESPIRATÓRIA OU HEMODINÂMICA
• CRISES CONVULSIVAS NÃO CONTROLADAS
• DOENÇA NEUROMUSCULAR (ELA, AMIOTROFIA ESPINHAL, DISTROFIAS, PARKINSON)
• INFECÇÃO ATIVA, EM ANTIBIOTICOTERAPIA E/OU PICO FEBRIL NAS ÚLTIMAS 24H
• INSUFICIÊNCIA RENAL DIALÍTICA
• VENTILAÇÃO MECÂNICA OU USO DE OXIGÊNIO SUPLEMENTAR
• CAQUEXIA
• DRENO (QUALQUER TIPO)
• AUSÊNCIA DE ACOMPANHANTE PARA INTERNAÇÃO
• IDOSO COM ANTECEDENTE DE DEMÊNCIA OU DELIRIUM
• AUSÊNCIA DE RESPOSTA VERBAL, MOTORA OU GESTUAL A COMANDOS
• LESÃO POR PRESSÃO (LPP) ESTÁGIO 3 OU SUPERIOR.","","","","","","","","","","","","","","","","","","","","",""
"CENTRO SUDESTE","CRER - GOIÂNIA","MÉDIA E ALTA COMPLEXIDADE","URGÊNCIA E EMERGÊNCIA ","ENFERMARIA ADULTO","REABILITAÇÃO","REGULAÇÃO PARA O LEITO","CRER - A REABILITAÇÃO NEUROFUNCIONAL É INDICADA PARA PACIENTES CLINICAMENTE ESTÁVEIS, VÍTIMAS DE EVENTO RECENTE INCAPACITANTE, COM IDADE SUPERIOR A 8 ANOS, QUE ATENDAM A TODOS OS CRITÉRIOS ESTABELECIDOS NO CHECKLIST. 
O CHECKLIST É PRÉ-REQUISITO OBRIGATÓRIO PARA DEFINIÇÃO DO PERFIL.

NÃO É PERFIL:

• INSTABILIDADE CLÍNICA, RESPIRATÓRIA OU HEMODINÂMICA
• CRISES CONVULSIVAS NÃO CONTROLADAS
• DOENÇA NEUROMUSCULAR (ELA, AMIOTROFIA ESPINHAL, DISTROFIAS, PARKINSON)
• INFECÇÃO ATIVA, EM ANTIBIOTICOTERAPIA E/OU PICO FEBRIL NAS ÚLTIMAS 24H
• INSUFICIÊNCIA RENAL DIALÍTICA
• VENTILAÇÃO MECÂNICA OU USO DE OXIGÊNIO SUPLEMENTAR
• CAQUEXIA
• DRENO (QUALQUER TIPO)
• AUSÊNCIA DE ACOMPANHANTE PARA INTERNAÇÃO
• IDOSO COM ANTECEDENTE DE DEMÊNCIA OU DELIRIUM
• AUSÊNCIA DE RESPOSTA VERBAL, MOTORA OU GESTUAL A COMANDOS
• LESÃO POR PRESSÃO (LPP) ESTÁGIO 3 OU SUPERIOR.","","","","","","","","","","","","","","","","","","","","",""
"CENTRO SUDOESTE","CRER - GOIÂNIA","MÉDIA E ALTA COMPLEXIDADE","URGÊNCIA E EMERGÊNCIA ","ENFERMARIA ADULTO","REABILITAÇÃO","REGULAÇÃO PARA O LEITO","CRER - A REABILITAÇÃO NEUROFUNCIONAL É INDICADA PARA PACIENTES CLINICAMENTE ESTÁVEIS, VÍTIMAS DE EVENTO RECENTE INCAPACITANTE, COM IDADE SUPERIOR A 8 ANOS, QUE ATENDAM A TODOS OS CRITÉRIOS ESTABELECIDOS NO CHECKLIST. 
O CHECKLIST É PRÉ-REQUISITO OBRIGATÓRIO PARA DEFINIÇÃO DO PERFIL.

NÃO É PERFIL:

• INSTABILIDADE CLÍNICA, RESPIRATÓRIA OU HEMODINÂMICA
• CRISES CONVULSIVAS NÃO CONTROLADAS
• DOENÇA NEUROMUSCULAR (ELA, AMIOTROFIA ESPINHAL, DISTROFIAS, PARKINSON)
• INFECÇÃO ATIVA, EM ANTIBIOTICOTERAPIA E/OU PICO FEBRIL NAS ÚLTIMAS 24H
• INSUFICIÊNCIA RENAL DIALÍTICA
• VENTILAÇÃO MECÂNICA OU USO DE OXIGÊNIO SUPLEMENTAR
• CAQUEXIA
• DRENO (QUALQUER TIPO)
• AUSÊNCIA DE ACOMPANHANTE PARA INTERNAÇÃO
• IDOSO COM ANTECEDENTE DE DEMÊNCIA OU DELIRIUM
• AUSÊNCIA DE RESPOSTA VERBAL, MOTORA OU GESTUAL A COMANDOS
• LESÃO POR PRESSÃO (LPP) ESTÁGIO 3 OU SUPERIOR.","","","","","","","","","","","","","","","","","","","","",""
"NORDESTE","CRER - GOIÂNIA","MÉDIA E ALTA COMPLEXIDADE","URGÊNCIA E EMERGÊNCIA ","ENFERMARIA ADULTO","REABILITAÇÃO","REGULAÇÃO PARA O LEITO","CRER - A REABILITAÇÃO NEUROFUNCIONAL É INDICADA PARA PACIENTES CLINICAMENTE ESTÁVEIS, VÍTIMAS DE EVENTO RECENTE INCAPACITANTE, COM IDADE SUPERIOR A 8 ANOS, QUE ATENDAM A TODOS OS CRITÉRIOS ESTABELECIDOS NO CHECKLIST. 
O CHECKLIST É PRÉ-REQUISITO OBRIGATÓRIO PARA DEFINIÇÃO DO PERFIL.

NÃO É PERFIL:

• INSTABILIDADE CLÍNICA, RESPIRATÓRIA OU HEMODINÂMICA
• CRISES CONVULSIVAS NÃO CONTROLADAS
• DOENÇA NEUROMUSCULAR (ELA, AMIOTROFIA ESPINHAL, DISTROFIAS, PARKINSON)
• INFECÇÃO ATIVA, EM ANTIBIOTICOTERAPIA E/OU PICO FEBRIL NAS ÚLTIMAS 24H
• INSUFICIÊNCIA RENAL DIALÍTICA
• VENTILAÇÃO MECÂNICA OU USO DE OXIGÊNIO SUPLEMENTAR
• CAQUEXIA
• DRENO (QUALQUER TIPO)
• AUSÊNCIA DE ACOMPANHANTE PARA INTERNAÇÃO
• IDOSO COM ANTECEDENTE DE DEMÊNCIA OU DELIRIUM
• AUSÊNCIA DE RESPOSTA VERBAL, MOTORA OU GESTUAL A COMANDOS
• LESÃO POR PRESSÃO (LPP) ESTÁGIO 3 OU SUPERIOR.","","","","","","","","","","","","","","","","","","","","",""
"CENTRO SUDESTE","CRESM - APARECIDA DE GOIÂNIA","MÉDIA COMPLEXIDADE","URGÊNCIA E EMERGÊNCIA ","ENFERMARIA ADULTO","PSIQUIATRIA","REGULAÇÃO PARA O LEITO","CRESM: DEPENDÊNCIA QUÍMICA E TRANSTORNO RELACIONADO À DEPENDÊNCIA QUÍMICA","","","","","","","","","","","","","","","","","","","","",""
"CENTRO SUDOESTE","CRESM - APARECIDA DE GOIÂNIA","MÉDIA COMPLEXIDADE","URGÊNCIA E EMERGÊNCIA ","ENFERMARIA ADULTO","PSIQUIATRIA","REGULAÇÃO PARA O LEITO","CRESM: DEPENDÊNCIA QUÍMICA E TRANSTORNO RELACIONADO À DEPENDÊNCIA QUÍMICA","","","","","","","","","","","","","","","","","","","","",""
"CENTRO OESTE","CRESM - APARECIDA DE GOIÂNIA","MÉDIA COMPLEXIDADE","URGÊNCIA E EMERGÊNCIA ","ENFERMARIA ADULTO","PSIQUIATRIA","REGULAÇÃO PARA O LEITO","CRESM: DEPENDÊNCIA QUÍMICA E TRANSTORNO RELACIONADO À DEPENDÊNCIA QUÍMICA","","","","","","","","","","","","","","","","","","","","",""
"CENTRO NORTE","CRESM - APARECIDA DE GOIÂNIA","MÉDIA COMPLEXIDADE","URGÊNCIA E EMERGÊNCIA ","ENFERMARIA ADULTO","PSIQUIATRIA","REGULAÇÃO PARA O LEITO","CRESM: DEPENDÊNCIA QUÍMICA E TRANSTORNO RELACIONADO À DEPENDÊNCIA QUÍMICA","","","","","","","","","","","","","","","","","","","","",""
"NORDESTE","CRESM - APARECIDA DE GOIÂNIA","MÉDIA COMPLEXIDADE","URGÊNCIA E EMERGÊNCIA ","ENFERMARIA ADULTO","PSIQUIATRIA","REGULAÇÃO PARA O LEITO","CRESM: DEPENDÊNCIA QUÍMICA E TRANSTORNO RELACIONADO À DEPENDÊNCIA QUÍMICA","","","","","","","","","","","","","","","","","","","","",""
"CENTRO OESTE","CRESM - APARECIDA DE GOIÂNIA","MÉDIA COMPLEXIDADE","URGÊNCIA E EMERGÊNCIA ","ENFERMARIA ADULTO","PSIQUIATRIA","INTERNAÇÃO PRÓPRIA (COTA DIRETA)","CRESM: PACIENTE EGRESSO DO AMBULATÓRIO ","","","","","","","","","","","","","","","","","","","","",""
"NORDESTE","HCN - URUAÇU ","MÉDIA E ALTA COMPLEXIDADE","URGÊNCIA E EMERGÊNCIA ","ENFERMARIA ADULTO","CIRURGIA BUCOMAXILOFACIAL","ACEITE DA UNIDADE EXECUTANTE","","","","","","","","","","","","","","","","","","","","","",""
"CENTRO NORTE","HCN - URUAÇU ","MÉDIA E ALTA COMPLEXIDADE","URGÊNCIA E EMERGÊNCIA ","ENFERMARIA ADULTO","CIRURGIA BUCOMAXILOFACIAL","ACEITE DA UNIDADE EXECUTANTE","","","","","","","","","","","","","","","","","","","","","",""
"CENTRO NORTE","HCN - URUAÇU ","MÉDIA E ALTA COMPLEXIDADE","URGÊNCIA E EMERGÊNCIA ","ENFERMARIA ADULTO","CIRURGIA BUCOMAXILOFACIAL","INTERNAÇÃO PRÓPRIA (COTA DIRETA)","HCN: PACIENTES ATENDIDOS PELA URGÊNCIA/EMERGÊNCIA E EGRESSOS DE CIRURGIA ELETIVA OU AMBULATÓRIO. ","","","","","","","","","","","","","","","","","","","","",""
"CENTRO NORTE","HCN - URUAÇU ","MÉDIA E ALTA COMPLEXIDADE","URGÊNCIA E EMERGÊNCIA ","PRONTO SOCORRO","CIRURGIA BUCOMAXILOFACIAL","ENCAMINHAMENTO DE URGÊNCIA ","-","","","","","","","","","","","","","","","","","","","","",""
"NORDESTE","HCN - URUAÇU ","MÉDIA E ALTA COMPLEXIDADE","URGÊNCIA E EMERGÊNCIA ","PRONTO SOCORRO","CIRURGIA BUCOMAXILOFACIAL","ENCAMINHAMENTO DE URGÊNCIA ","","","","","","","","","","","","","","","","","","","","","",""
"NORDESTE","HCN - URUAÇU ","MÉDIA E ALTA COMPLEXIDADE","URGÊNCIA E EMERGÊNCIA ","UTI ADULTO","CIRURGIA BUCOMAXILOFACIAL","ACEITE DA UNIDADE EXECUTANTE","","","","","","","","","","","","","","","","","","","","","",""
"CENTRO NORTE","HCN - URUAÇU ","MÉDIA E ALTA COMPLEXIDADE","URGÊNCIA E EMERGÊNCIA ","UTI ADULTO","CIRURGIA BUCOMAXILOFACIAL","ACEITE DA UNIDADE EXECUTANTE","","","","","","","","","","","","","","","","","","","","","",""
"CENTRO NORTE","HCN - URUAÇU ","MÉDIA E ALTA COMPLEXIDADE","URGÊNCIA E EMERGÊNCIA ","UTI ADULTO","CIRURGIA BUCOMAXILOFACIAL","INTERNAÇÃO PRÓPRIA (COTA DIRETA)","HCN: PACIENTES ATENDIDOS PELA URGÊNCIA/EMERGÊNCIA E EGRESSOS DE CIRURGIA ELETIVA OU AMBULATÓRIO. ","","","","","","","","","","","","","","","","","","","","",""
"CENTRO NORTE","HCN - URUAÇU ","MÉDIA E ALTA COMPLEXIDADE","URGÊNCIA E EMERGÊNCIA ","ENFERMARIA ADULTO","CIRURGIA GERAL","INTERNAÇÃO PRÓPRIA (COTA DIRETA)","HCN: PACIENTES ATENDIDOS PELA URGÊNCIA/EMERGÊNCIA E EGRESSOS DE CIRURGIA ELETIVA OU AMBULATÓRIO. ","","","","","","","","","","","","","","","","","","","","",""
"CENTRO NORTE","HCN - URUAÇU ","MÉDIA E ALTA COMPLEXIDADE","URGÊNCIA E EMERGÊNCIA ","ENFERMARIA ADULTO","CIRURGIA GERAL","ACEITE DA UNIDADE EXECUTANTE","HCN: FAB, FAF, ABDOME AGUDO, HDA COM E SEM REPERCUSSÃO HEMODINÂMICA","","","","","","","","","","","","","","","","","","","","",""
"NORDESTE","HCN - URUAÇU ","MÉDIA E ALTA COMPLEXIDADE","URGÊNCIA E EMERGÊNCIA ","ENFERMARIA ADULTO","CIRURGIA GERAL","ACEITE DA UNIDADE EXECUTANTE","HCN: FAB, FAF, ABDOME AGUDO, HDA COM E SEM REPERCUSSÃO HEMODINÂMICA","","","","","","","","","","","","","","","","","","","","",""
"CENTRO NORTE","HCN - URUAÇU ","MÉDIA E ALTA COMPLEXIDADE","URGÊNCIA E EMERGÊNCIA ","PRONTO SOCORRO","CIRURGIA GERAL","ENCAMINHAMENTO DE URGÊNCIA ","HCN: FAB, FAF, ABDOME AGUDO, HDA COM E SEM REPERCUSSÃO HEMODINÂMICA","","","","","","","","","","","","","","","","","","","","",""
"NORDESTE","HCN - URUAÇU ","MÉDIA E ALTA COMPLEXIDADE","URGÊNCIA E EMERGÊNCIA ","PRONTO SOCORRO","CIRURGIA GERAL","ENCAMINHAMENTO DE URGÊNCIA ","HCN: FAB, FAF, ABDOME AGUDO, HDA COM E SEM REPERCUSSÃO HEMODINÂMICA","","","","","","","","","","","","","","","","","","","","",""
"NORDESTE","HCN - URUAÇU ","MÉDIA E ALTA COMPLEXIDADE","URGÊNCIA E EMERGÊNCIA ","UTI ADULTO","CIRURGIA GERAL","ACEITE DA UNIDADE EXECUTANTE","HCN: FAB, FAF, ABDOME AGUDO, HDA COM E SEM REPERCUSSÃO HEMODINÂMICA","","","","","","","","","","","","","","","","","","","","",""
"CENTRO NORTE","HCN - URUAÇU ","MÉDIA E ALTA COMPLEXIDADE","URGÊNCIA E EMERGÊNCIA ","UTI ADULTO","CIRURGIA GERAL","ACEITE DA UNIDADE EXECUTANTE","HCN: FAB, FAF, ABDOME AGUDO, HDA COM E SEM REPERCUSSÃO HEMODINÂMICA","","","","","","","","","","","","","","","","","","","","",""
"CENTRO NORTE","HCN - URUAÇU ","MÉDIA E ALTA COMPLEXIDADE","URGÊNCIA E EMERGÊNCIA ","UTI ADULTO","CIRURGIA GERAL","INTERNAÇÃO PRÓPRIA (COTA DIRETA)","HCN: PACIENTES ATENDIDOS PELA URGÊNCIA/EMERGÊNCIA E EGRESSOS DE CIRURGIA ELETIVA OU AMBULATÓRIO.","","","","","","","","","","","","","","","","","","","","",""
"CENTRO NORTE","HCN - URUAÇU ","MÉDIA E ALTA COMPLEXIDADE","URGÊNCIA E EMERGÊNCIA ","ENFERMARIA PEDIATRICA","CIRURGIA PEDIÁTRICA","INTERNAÇÃO PRÓPRIA (COTA DIRETA)","HCN: PACIENTES ATENDIDOS PELA URGÊNCIA/EMERGÊNCIA E EGRESSOS DE CIRURGIA ELETIVA OU AMBULATÓRIO.","","","","","","","","","","","","","","","","","","","","",""
"CENTRO NORTE","HCN - URUAÇU ","MÉDIA E ALTA COMPLEXIDADE","URGÊNCIA E EMERGÊNCIA ","ENFERMARIA PEDIATRICA","CIRURGIA PEDIÁTRICA","ACEITE DA UNIDADE EXECUTANTE","HCN: CIPE NO HCN DE QUARTA 19:00 A SÁBADO ATÉ 07:00","","","","","","","","","","","","","","","","","","","","",""
"NORDESTE","HCN - URUAÇU ","MÉDIA E ALTA COMPLEXIDADE","URGÊNCIA E EMERGÊNCIA ","ENFERMARIA PEDIATRICA","CIRURGIA PEDIÁTRICA","ACEITE DA UNIDADE EXECUTANTE","HCN: CIPE NO HCN DE QUARTA 19:00 A SÁBADO ATÉ 07:00","","","","","","","","","","","","","","","","","","","","",""
"NORDESTE","HCN - URUAÇU ","MÉDIA E ALTA COMPLEXIDADE","URGÊNCIA E EMERGÊNCIA ","UTI PEDIATRICA","CIRURGIA PEDIÁTRICA","ACEITE DA UNIDADE EXECUTANTE","HCN: CIPE NO HCN DE QUARTA 19:00 A SÁBADO ATÉ 07:00","","","","","","","","","","","","","","","","","","","","",""
"CENTRO NORTE","HCN - URUAÇU ","MÉDIA E ALTA COMPLEXIDADE","URGÊNCIA E EMERGÊNCIA ","UTI PEDIATRICA","CIRURGIA PEDIÁTRICA","ACEITE DA UNIDADE EXECUTANTE","HCN: CIPE NO HCN DE QUARTA 19:00 A SÁBADO ATÉ 07:00","","","","","","","","","","","","","","","","","","","","",""
"CENTRO NORTE","HCN - URUAÇU ","MÉDIA E ALTA COMPLEXIDADE","URGÊNCIA E EMERGÊNCIA ","PRONTO SOCORRO","CIRURGIA PEDIÁTRICA","ENCAMINHAMENTO DE URGÊNCIA ","HCN: CIPE NO HCN DE QUARTA 19:00 A SÁBADO ATÉ 07:00","","","","","","","","","","","","","","","","","","","","",""
"NORDESTE","HCN - URUAÇU ","MÉDIA E ALTA COMPLEXIDADE","URGÊNCIA E EMERGÊNCIA ","PRONTO SOCORRO","CIRURGIA PEDIÁTRICA","ENCAMINHAMENTO DE URGÊNCIA ","HCN: CIPE NO HCN DE QUARTA 19:00 A SÁBADO ATÉ 07:00","","","","","","","","","","","","","","","","","","","","",""
"CENTRO NORTE","HCN - URUAÇU ","MÉDIA E ALTA COMPLEXIDADE","URGÊNCIA E EMERGÊNCIA ","ENFERMARIA ADULTO","CIRURGIA TORÁCICA","INTERNAÇÃO PRÓPRIA (COTA DIRETA)","HCN: PACIENTES ATENDIDOS PELA URGÊNCIA/EMERGÊNCIA E EGRESSOS DE CIRURGIA ELETIVA OU AMBULATÓRIO.","","","","","","","","","","","","","","","","","","","","",""
"CENTRO NORTE","HCN - URUAÇU ","MÉDIA E ALTA COMPLEXIDADE","URGÊNCIA E EMERGÊNCIA ","ENFERMARIA ADULTO","CIRURGIA TORÁCICA","ACEITE DA UNIDADE EXECUTANTE","","","","","","","","","","","","","","","","","","","","","",""
"NORDESTE","HCN - URUAÇU ","MÉDIA E ALTA COMPLEXIDADE","URGÊNCIA E EMERGÊNCIA ","ENFERMARIA ADULTO","CIRURGIA TORÁCICA","ACEITE DA UNIDADE EXECUTANTE","","","","","","","","","","","","","","","","","","","","","",""
"CENTRO NORTE","HCN - URUAÇU ","MÉDIA E ALTA COMPLEXIDADE","URGÊNCIA E EMERGÊNCIA ","PRONTO SOCORRO","CIRURGIA TORÁCICA","ENCAMINHAMENTO DE URGÊNCIA ","","","","","","","","","","","","","","","","","","","","","",""
"NORDESTE","HCN - URUAÇU ","MÉDIA E ALTA COMPLEXIDADE","URGÊNCIA E EMERGÊNCIA ","PRONTO SOCORRO","CIRURGIA TORÁCICA","ENCAMINHAMENTO DE URGÊNCIA ","","","","","","","","","","","","","","","","","","","","","",""
"CENTRO NORTE","HCN - URUAÇU ","MÉDIA E ALTA COMPLEXIDADE","URGÊNCIA E EMERGÊNCIA ","UTI ADULTO","CIRURGIA TORÁCICA","ACEITE DA UNIDADE EXECUTANTE","-","","","","","","","","","","","","","","","","","","","","",""
"NORDESTE","HCN - URUAÇU ","MÉDIA E ALTA COMPLEXIDADE","URGÊNCIA E EMERGÊNCIA ","UTI ADULTO","CIRURGIA TORÁCICA","ACEITE DA UNIDADE EXECUTANTE","","","","","","","","","","","","","","","","","","","","","",""
"CENTRO NORTE","HCN - URUAÇU ","MÉDIA E ALTA COMPLEXIDADE","URGÊNCIA E EMERGÊNCIA ","UTI ADULTO","CIRURGIA TORÁCICA","INTERNAÇÃO PRÓPRIA (COTA DIRETA)","HCN: PACIENTES ATENDIDOS PELA URGÊNCIA/EMERGÊNCIA E EGRESSOS DE CIRURGIA ELETIVA OU AMBULATÓRIO.","","","","","","","","","","","","","","","","","","","","",""
"CENTRO NORTE","HCN - URUAÇU ","MÉDIA E ALTA COMPLEXIDADE","URGÊNCIA E EMERGÊNCIA ","ENFERMARIA ADULTO","CIRURGIA VASCULAR/ANGIO","INTERNAÇÃO PRÓPRIA (COTA DIRETA)","HCN: PACIENTES ATENDIDOS PELA URGÊNCIA/EMERGÊNCIA E EGRESSOS DE CIRURGIA ELETIVA OU AMBULATÓRIO.","","","","","","","","","","","","","","","","","","","","",""
"NORDESTE","HCN - URUAÇU ","MÉDIA E ALTA COMPLEXIDADE","URGÊNCIA E EMERGÊNCIA ","ENFERMARIA ADULTO","CIRURGIA VASCULAR/ANGIO","ACEITE DA UNIDADE EXECUTANTE","HCN - AVALIAÇÃO DA VASCULAR PARA DEFINIÇÃO DE CONDUTA, UNIDADE NÃO DISPÕE DE HEMODINÂMICA","","","","","","","","","","","","","","","","","","","","",""
"CENTRO NORTE","HCN - URUAÇU ","MÉDIA E ALTA COMPLEXIDADE","URGÊNCIA E EMERGÊNCIA ","ENFERMARIA ADULTO","CIRURGIA VASCULAR/ANGIO","ACEITE DA UNIDADE EXECUTANTE","HCN - AVALIAÇÃO DA VASCULAR PARA DEFINIÇÃO DE CONDUTA, UNIDADE NÃO DISPÕE DE HEMODINÂMICA","","","","","","","","","","","","","","","","","","","","",""
"CENTRO NORTE","HCN - URUAÇU ","MÉDIA E ALTA COMPLEXIDADE","URGÊNCIA E EMERGÊNCIA ","PRONTO SOCORRO","CIRURGIA VASCULAR/ANGIO","ENCAMINHAMENTO DE URGÊNCIA ","HCN: AVALIAÇÃO DA VASCULAR PARA DEFINIÇÃO DE CONDUTA, UNIDADE NÃO DISPÕE DE HEMODINÂMICA","","","","","","","","","","","","","","","","","","","","",""
"NORDESTE","HCN - URUAÇU ","MÉDIA E ALTA COMPLEXIDADE","URGÊNCIA E EMERGÊNCIA ","PRONTO SOCORRO","CIRURGIA VASCULAR/ANGIO","ENCAMINHAMENTO DE URGÊNCIA ","HCN: AVALIAÇÃO DA VASCULAR PARA DEFINIÇÃO DE CONDUTA, UNIDADE NÃO DISPÕE DE HEMODINÂMICA","","","","","","","","","","","","","","","","","","","","",""
"CENTRO NORTE","HCN - URUAÇU ","MÉDIA E ALTA COMPLEXIDADE","URGÊNCIA E EMERGÊNCIA ","UTI ADULTO","CIRURGIA VASCULAR/ANGIO","ACEITE DA UNIDADE EXECUTANTE","HCN - AVALIAÇÃO DA VASCULAR PARA DEFINIÇÃO DE CONDUTA, UNIDADE NÃO DISPÕE DE HEMODINÂMICA","","","","","","","","","","","","","","","","","","","","",""
"NORDESTE","HCN - URUAÇU ","MÉDIA E ALTA COMPLEXIDADE","URGÊNCIA E EMERGÊNCIA ","UTI ADULTO","CIRURGIA VASCULAR/ANGIO","ACEITE DA UNIDADE EXECUTANTE","HCN - AVALIAÇÃO DA VASCULAR PARA DEFINIÇÃO DE CONDUTA, UNIDADE NÃO DISPÕE DE HEMODINÂMICA","","","","","","","","","","","","","","","","","","","","",""
"CENTRO NORTE","HCN - URUAÇU ","MÉDIA E ALTA COMPLEXIDADE","URGÊNCIA E EMERGÊNCIA ","UTI ADULTO","CIRURGIA VASCULAR/ANGIO","INTERNAÇÃO PRÓPRIA (COTA DIRETA)","HCN: PACIENTES ATENDIDOS PELA URGÊNCIA/EMERGÊNCIA E EGRESSOS DE CIRURGIA ELETIVA OU AMBULATÓRIO.","","","","","","","","","","","","","","","","","","","","",""
"CENTRO NORTE","HCN - URUAÇU ","MÉDIA E ALTA COMPLEXIDADE","URGÊNCIA E EMERGÊNCIA ","ENFERMARIA ADULTO","CLÍNICA MÉDICA","INTERNAÇÃO PRÓPRIA (COTA DIRETA)","HCN: PACIENTES ATENDIDOS PELA URGÊNCIA/EMERGÊNCIA E EGRESSOS DE CIRURGIA ELETIVA OU AMBULATÓRIO.","","","","","","","","","","","","","","","","","","","","",""
"CENTRO NORTE","HCN - URUAÇU ","MÉDIA E ALTA COMPLEXIDADE","URGÊNCIA E EMERGÊNCIA ","ENFERMARIA ADULTO","CLÍNICA MÉDICA","ACEITE DA UNIDADE EXECUTANTE","","","","","","","","","","","","","","","","","","","","","",""
"NORDESTE","HCN - URUAÇU ","MÉDIA E ALTA COMPLEXIDADE","URGÊNCIA E EMERGÊNCIA ","ENFERMARIA ADULTO","CLÍNICA MÉDICA","ACEITE DA UNIDADE EXECUTANTE","","","","","","","","","","","","","","","","","","","","","",""
"CENTRO NORTE","HCN - URUAÇU ","MÉDIA E ALTA COMPLEXIDADE","URGÊNCIA E EMERGÊNCIA ","PRONTO SOCORRO","CLÍNICA MÉDICA","ENCAMINHAMENTO DE URGÊNCIA ","-","","","","","","","","","","","","","","","","","","","","",""
"NORDESTE","HCN - URUAÇU ","MÉDIA E ALTA COMPLEXIDADE","URGÊNCIA E EMERGÊNCIA ","PRONTO SOCORRO","CLÍNICA MÉDICA","ENCAMINHAMENTO DE URGÊNCIA ","","","","","","","","","","","","","","","","","","","","","",""
"CENTRO NORTE","HCN - URUAÇU ","MÉDIA E ALTA COMPLEXIDADE","URGÊNCIA E EMERGÊNCIA ","UTI ADULTO","CLÍNICA MÉDICA","INTERNAÇÃO PRÓPRIA (COTA DIRETA)","HCN: PACIENTES ATENDIDOS PELA URGÊNCIA/EMERGÊNCIA E EGRESSOS DE CIRURGIA ELETIVA OU AMBULATÓRIO.","","","","","","","","","","","","","","","","","","","","",""
"CENTRO NORTE","HCN - URUAÇU ","MÉDIA E ALTA COMPLEXIDADE","URGÊNCIA E EMERGÊNCIA ","UTI ADULTO","CLÍNICA MÉDICA","ACEITE DA UNIDADE EXECUTANTE","","","","","","","","","","","","","","","","","","","","","",""
"NORDESTE","HCN - URUAÇU ","MÉDIA E ALTA COMPLEXIDADE","URGÊNCIA E EMERGÊNCIA ","UTI ADULTO","CLÍNICA MÉDICA","ACEITE DA UNIDADE EXECUTANTE","","","","","","","","","","","","","","","","","","","","","",""
"CENTRO NORTE","HCN - URUAÇU ","MÉDIA E ALTA COMPLEXIDADE","URGÊNCIA E EMERGÊNCIA ","ENFERMARIA ADULTO","GINECOLOGIA","INTERNAÇÃO PRÓPRIA (COTA DIRETA)","HCN: PACIENTES ATENDIDOS PELA URGÊNCIA/EMERGÊNCIA E EGRESSOS DE CIRURGIA ELETIVA OU AMBULATÓRIO.","","","","","","","","","","","","","","","","","","","","",""
"CENTRO NORTE","HCN - URUAÇU ","MÉDIA E ALTA COMPLEXIDADE","URGÊNCIA E EMERGÊNCIA ","ENFERMARIA ADULTO","GINECOLOGIA","ACEITE DA UNIDADE EXECUTANTE","HCN: GO ALTO RISCO","","","","","","","","","","","","","","","","","","","","",""
"NORDESTE","HCN - URUAÇU ","MÉDIA E ALTA COMPLEXIDADE","URGÊNCIA E EMERGÊNCIA ","ENFERMARIA ADULTO","GINECOLOGIA","ACEITE DA UNIDADE EXECUTANTE","HCN: GO ALTO RISCO","","","","","","","","","","","","","","","","","","","","",""
"CENTRO NORTE","HCN - URUAÇU ","MÉDIA E ALTA COMPLEXIDADE","URGÊNCIA E EMERGÊNCIA ","PRONTO SOCORRO","GINECOLOGIA","ENCAMINHAMENTO DE URGÊNCIA ","HCN: GO ALTO RISCO","","","","","","","","","","","","","","","","","","","","",""
"NORDESTE","HCN - URUAÇU ","MÉDIA E ALTA COMPLEXIDADE","URGÊNCIA E EMERGÊNCIA ","PRONTO SOCORRO","GINECOLOGIA","ENCAMINHAMENTO DE URGÊNCIA ","HCN: GO ALTO RISCO","","","","","","","","","","","","","","","","","","","","",""
"CENTRO NORTE","HCN - URUAÇU ","MÉDIA E ALTA COMPLEXIDADE","URGÊNCIA E EMERGÊNCIA ","UTI ADULTO","GINECOLOGIA","INTERNAÇÃO PRÓPRIA (COTA DIRETA)","HCN: PACIENTES ATENDIDOS PELA URGÊNCIA/EMERGÊNCIA E EGRESSOS DE CIRURGIA ELETIVA OU AMBULATÓRIO.","","","","","","","","","","","","","","","","","","","","",""
"CENTRO NORTE","HCN - URUAÇU ","MÉDIA E ALTA COMPLEXIDADE","URGÊNCIA E EMERGÊNCIA ","UTI ADULTO","GINECOLOGIA","ACEITE DA UNIDADE EXECUTANTE","HCN: GO ALTO RISCO","","","","","","","","","","","","","","","","","","","","",""
"NORDESTE","HCN - URUAÇU ","MÉDIA E ALTA COMPLEXIDADE","URGÊNCIA E EMERGÊNCIA ","UTI ADULTO","GINECOLOGIA","ACEITE DA UNIDADE EXECUTANTE","HCN: GO ALTO RISCO","","","","","","","","","","","","","","","","","","","","",""
"CENTRO NORTE","HCN - URUAÇU ","MÉDIA E ALTA COMPLEXIDADE","URGÊNCIA E EMERGÊNCIA ","PRONTO SOCORRO","NEONATOLOGIA","ENCAMINHAMENTO DE URGÊNCIA ","HCN: CIPE QUARTA A SÁBADO. 
RN GRAVE TERMO ATÉ 28 DIAS DE VIDA OU PRÉ-TERMO COM IDADE GESTACIONAL CORRIGIDA MENOR DO QUE 37 SEMANAS. RN GRAVE COM ATÉ 28 DIAS DE VIDA OU IDADE GESTACIONAL CORRIGIDA MENOR QUE 37 SEMANAS. TODAS AS DOENÇAS DO PERÍODO NEONATAL GRAVE CLÍNICO E CIRURGICO INCLUINDO SRAG NO ISOLAMENTO.","","","","","","","","","","","","","","","","","","","","",""
"NORDESTE","HCN - URUAÇU ","MÉDIA E ALTA COMPLEXIDADE","URGÊNCIA E EMERGÊNCIA ","PRONTO SOCORRO","NEONATOLOGIA","ENCAMINHAMENTO DE URGÊNCIA ","HCN: CIPE QUARTA A SÁBADO. 
RN GRAVE TERMO ATÉ 28 DIAS DE VIDA OU PRÉ-TERMO COM IDADE GESTACIONAL CORRIGIDA MENOR DO QUE 37 SEMANAS. RN GRAVE COM ATÉ 28 DIAS DE VIDA OU IDADE GESTACIONAL CORRIGIDA MENOR QUE 37 SEMANAS. TODAS AS DOENÇAS DO PERÍODO NEONATAL GRAVE CLÍNICO E CIRURGICO INCLUINDO SRAG NO ISOLAMENTO.","","","","","","","","","","","","","","","","","","","","",""
"CENTRO NORTE","HCN - URUAÇU ","MÉDIA E ALTA COMPLEXIDADE","URGÊNCIA E EMERGÊNCIA ","UTI NEONATAL","NEONATOLOGIA","INTERNAÇÃO PRÓPRIA (COTA DIRETA)","HCN: PACIENTES ATENDIDOS PELA URGÊNCIA/EMERGÊNCIA E EGRESSOS DE CIRURGIA ELETIVA OU AMBULATÓRIO.","","","","","","","","","","","","","","","","","","","","",""
"CENTRO NORTE","HCN - URUAÇU ","MÉDIA E ALTA COMPLEXIDADE","URGÊNCIA E EMERGÊNCIA ","UTI NEONATAL","NEONATOLOGIA","ACEITE DA UNIDADE EXECUTANTE","HCN: CIPE QUARTA A SÁBADO. 
RN GRAVE TERMO ATÉ 28 DIAS DE VIDA OU PRÉ-TERMO COM IDADE GESTACIONAL CORRIGIDA MENOR DO QUE 37 SEMANAS. RN GRAVE COM ATÉ 28 DIAS DE VIDA OU IDADE GESTACIONAL CORRIGIDA MENOR QUE 37 SEMANAS. TODAS AS DOENÇAS DO PERÍODO NEONATAL GRAVE CLÍNICO E CIRURGICO INCLUINDO SRAG NO ISOLAMENTO.","","","","","","","","","","","","","","","","","","","","",""
"NORDESTE","HCN - URUAÇU ","MÉDIA E ALTA COMPLEXIDADE","URGÊNCIA E EMERGÊNCIA ","UTI NEONATAL","NEONATOLOGIA","ACEITE DA UNIDADE EXECUTANTE","HCN: CIPE QUARTA A SÁBADO. 
RN GRAVE TERMO ATÉ 28 DIAS DE VIDA OU PRÉ-TERMO COM IDADE GESTACIONAL CORRIGIDA MENOR DO QUE 37 SEMANAS. RN GRAVE COM ATÉ 28 DIAS DE VIDA OU IDADE GESTACIONAL CORRIGIDA MENOR QUE 37 SEMANAS. TODAS AS DOENÇAS DO PERÍODO NEONATAL GRAVE CLÍNICO E CIRURGICO INCLUINDO SRAG NO ISOLAMENTO.","","","","","","","","","","","","","","","","","","","","",""
"CENTRO NORTE","HCN - URUAÇU ","MÉDIA E ALTA COMPLEXIDADE","URGÊNCIA E EMERGÊNCIA ","ENFERMARIA ADULTO","NEUROCIRURGIA","INTERNAÇÃO PRÓPRIA (COTA DIRETA)","HCN: PACIENTES ATENDIDOS PELA URGÊNCIA/EMERGÊNCIA E EGRESSOS DE CIRURGIA ELETIVA OU AMBULATÓRIO.","","","","","","","","","","","","","","","","","","","","",""
"NORDESTE","HCN - URUAÇU ","MÉDIA E ALTA COMPLEXIDADE","URGÊNCIA E EMERGÊNCIA ","ENFERMARIA ADULTO","NEUROCIRURGIA","ACEITE DA UNIDADE EXECUTANTE","HCN: TCE, AVCH, HEMATOMA SUBARACNOIDE, HEMATOMA SUBDURAL, NEUROCIRURGIA DESCOMPRESSIVA. UNIDADE NÃO DISPÕE DE HEMODINÂMICA","","","","","","","","","","","","","","","","","","","","",""
"CENTRO NORTE","HCN - URUAÇU ","MÉDIA E ALTA COMPLEXIDADE","URGÊNCIA E EMERGÊNCIA ","ENFERMARIA ADULTO","NEUROCIRURGIA","ACEITE DA UNIDADE EXECUTANTE","HCN: TCE, AVCH, HEMATOMA SUBARACNOIDE, HEMATOMA SUBDURAL, NEUROCIRURGIA DESCOMPRESSIVA. UNIDADE NÃO DISPÕE DE HEMODINÂMICA","","","","","","","","","","","","","","","","","","","","",""
"NORDESTE","HCN - URUAÇU ","MÉDIA E ALTA COMPLEXIDADE","URGÊNCIA E EMERGÊNCIA ","PRONTO SOCORRO","NEUROCIRURGIA","ENCAMINHAMENTO DE URGÊNCIA ","HCN: TCE, AVCH, HEMATOMA SUBARACNOIDE, HEMATOMA SUBDURAL, NEUROCIRURGIA DESCOMPRESSIVA. UNIDADE NÃO DISPÕE DE HEMODINÂMICA","","","","","","","","","","","","","","","","","","","","",""
"CENTRO NORTE","HCN - URUAÇU ","MÉDIA E ALTA COMPLEXIDADE","URGÊNCIA E EMERGÊNCIA ","PRONTO SOCORRO","NEUROCIRURGIA","ENCAMINHAMENTO DE URGÊNCIA ","HCN: TCE, AVCH, HEMATOMA SUBARACNOIDE, HEMATOMA SUBDURAL, NEUROCIRURGIA DESCOMPRESSIVA. UNIDADE NÃO DISPÕE DE HEMODINÂMICA","","","","","","","","","","","","","","","","","","","","",""
"CENTRO NORTE","HCN - URUAÇU ","MÉDIA E ALTA COMPLEXIDADE","URGÊNCIA E EMERGÊNCIA ","UTI ADULTO","NEUROCIRURGIA","INTERNAÇÃO PRÓPRIA (COTA DIRETA)","HCN: PACIENTES ATENDIDOS PELA URGÊNCIA/EMERGÊNCIA E EGRESSOS DE CIRURGIA ELETIVA OU AMBULATÓRIO.","","","","","","","","","","","","","","","","","","","","",""
"CENTRO NORTE","HCN - URUAÇU ","MÉDIA E ALTA COMPLEXIDADE","URGÊNCIA E EMERGÊNCIA ","UTI ADULTO","NEUROCIRURGIA","ACEITE DA UNIDADE EXECUTANTE","HCN: TCE, AVCH, HEMATOMA SUBARACNOIDE, HEMATOMA SUBDURAL, NEUROCIRURGIA DESCOMPRESSIVA. UNIDADE NÃO DISPÕE DE HEMODINÂMICA","","","","","","","","","","","","","","","","","","","","",""
"NORDESTE","HCN - URUAÇU ","MÉDIA E ALTA COMPLEXIDADE","URGÊNCIA E EMERGÊNCIA ","UTI ADULTO","NEUROCIRURGIA","ACEITE DA UNIDADE EXECUTANTE","HCN: TCE, AVCH, HEMATOMA SUBARACNOIDE, HEMATOMA SUBDURAL, NEUROCIRURGIA DESCOMPRESSIVA. UNIDADE NÃO DISPÕE DE HEMODINÂMICA","","","","","","","","","","","","","","","","","","","","",""
"CENTRO NORTE","HCN - URUAÇU ","MÉDIA E ALTA COMPLEXIDADE","URGÊNCIA E EMERGÊNCIA ","ENFERMARIA ADULTO","NEUROLOGIA","INTERNAÇÃO PRÓPRIA (COTA DIRETA)","HCN: PACIENTES ATENDIDOS PELA URGÊNCIA/EMERGÊNCIA E EGRESSOS DE CIRURGIA ELETIVA OU AMBULATÓRIO.","","","","","","","","","","","","","","","","","","","","",""
"CENTRO NORTE","HCN - URUAÇU ","MÉDIA E ALTA COMPLEXIDADE","URGÊNCIA E EMERGÊNCIA ","ENFERMARIA ADULTO","NEUROLOGIA","ACEITE DA UNIDADE EXECUTANTE","","","","","","","","","","","","","","","","","","","","","",""
"NORDESTE","HCN - URUAÇU ","MÉDIA E ALTA COMPLEXIDADE","URGÊNCIA E EMERGÊNCIA ","ENFERMARIA ADULTO","NEUROLOGIA","ACEITE DA UNIDADE EXECUTANTE","","","","","","","","","","","","","","","","","","","","","",""
"CENTRO NORTE","HCN - URUAÇU ","MÉDIA E ALTA COMPLEXIDADE","URGÊNCIA E EMERGÊNCIA ","PRONTO SOCORRO","NEUROLOGIA","ENCAMINHAMENTO DE URGÊNCIA ","-","","","","","","","","","","","","","","","","","","","","",""
"NORDESTE","HCN - URUAÇU ","MÉDIA E ALTA COMPLEXIDADE","URGÊNCIA E EMERGÊNCIA ","PRONTO SOCORRO","NEUROLOGIA","ENCAMINHAMENTO DE URGÊNCIA ","","","","","","","","","","","","","","","","","","","","","",""
"CENTRO NORTE","HCN - URUAÇU ","MÉDIA E ALTA COMPLEXIDADE","URGÊNCIA E EMERGÊNCIA ","UTI ADULTO","NEUROLOGIA","INTERNAÇÃO PRÓPRIA (COTA DIRETA)","HCN: PACIENTES ATENDIDOS PELA URGÊNCIA/EMERGÊNCIA E EGRESSOS DE CIRURGIA ELETIVA OU AMBULATÓRIO.","","","","","","","","","","","","","","","","","","","","",""
"CENTRO NORTE","HCN - URUAÇU ","MÉDIA E ALTA COMPLEXIDADE","URGÊNCIA E EMERGÊNCIA ","UTI ADULTO","NEUROLOGIA","ACEITE DA UNIDADE EXECUTANTE","","","","","","","","","","","","","","","","","","","","","",""
"NORDESTE","HCN - URUAÇU ","MÉDIA E ALTA COMPLEXIDADE","URGÊNCIA E EMERGÊNCIA ","UTI ADULTO","NEUROLOGIA","ACEITE DA UNIDADE EXECUTANTE","","","","","","","","","","","","","","","","","","","","","",""
"CENTRO NORTE","HCN - URUAÇU ","MÉDIA E ALTA COMPLEXIDADE","URGÊNCIA E EMERGÊNCIA ","ENFERMARIA ADULTO","OBSTETRÍCIA","INTERNAÇÃO PRÓPRIA (COTA DIRETA)","HCN: PACIENTES ATENDIDOS PELA URGÊNCIA/EMERGÊNCIA E EGRESSOS DE CIRURGIA ELETIVA OU AMBULATÓRIO.","","","","","","","","","","","","","","","","","","","","",""
"CENTRO NORTE","HCN - URUAÇU ","MÉDIA E ALTA COMPLEXIDADE","URGÊNCIA E EMERGÊNCIA ","ENFERMARIA ADULTO","OBSTETRÍCIA","ACEITE DA UNIDADE EXECUTANTE","HCN:  GO ALTO RISCO","","","","","","","","","","","","","","","","","","","","",""
"NORDESTE","HCN - URUAÇU ","MÉDIA E ALTA COMPLEXIDADE","URGÊNCIA E EMERGÊNCIA ","ENFERMARIA ADULTO","OBSTETRÍCIA","ACEITE DA UNIDADE EXECUTANTE","HCN:  GO ALTO RISCO","","","","","","","","","","","","","","","","","","","","",""
"CENTRO NORTE","HCN - URUAÇU ","MÉDIA E ALTA COMPLEXIDADE","URGÊNCIA E EMERGÊNCIA ","PRONTO SOCORRO","OBSTETRÍCIA","ENCAMINHAMENTO DE URGÊNCIA ","HCN:  GO ALTO RISCO","","","","","","","","","","","","","","","","","","","","",""
"NORDESTE","HCN - URUAÇU ","MÉDIA E ALTA COMPLEXIDADE","URGÊNCIA E EMERGÊNCIA ","PRONTO SOCORRO","OBSTETRÍCIA","ENCAMINHAMENTO DE URGÊNCIA ","HCN:  GO ALTO RISCO","","","","","","","","","","","","","","","","","","","","",""
"CENTRO NORTE","HCN - URUAÇU ","MÉDIA E ALTA COMPLEXIDADE","URGÊNCIA E EMERGÊNCIA ","UTI ADULTO","OBSTETRÍCIA","INTERNAÇÃO PRÓPRIA (COTA DIRETA)","HCN: PACIENTES ATENDIDOS PELA URGÊNCIA/EMERGÊNCIA E EGRESSOS DE CIRURGIA ELETIVA OU AMBULATÓRIO.","","","","","","","","","","","","","","","","","","","","",""
"CENTRO NORTE","HCN - URUAÇU ","MÉDIA E ALTA COMPLEXIDADE","URGÊNCIA E EMERGÊNCIA ","UTI ADULTO","OBSTETRÍCIA","ACEITE DA UNIDADE EXECUTANTE","HCN:  GO ALTO RISCO","","","","","","","","","","","","","","","","","","","","",""
"NORDESTE","HCN - URUAÇU ","MÉDIA E ALTA COMPLEXIDADE","URGÊNCIA E EMERGÊNCIA ","UTI ADULTO","OBSTETRÍCIA","ACEITE DA UNIDADE EXECUTANTE","HCN:  GO ALTO RISCO","","","","","","","","","","","","","","","","","","","","",""
"CENTRO NORTE","HCN - URUAÇU ","MÉDIA E ALTA COMPLEXIDADE","URGÊNCIA E EMERGÊNCIA ","ENFERMARIA ADULTO","ONCOLOGIA","INTERNAÇÃO PRÓPRIA (COTA DIRETA)","HCN: PACIENTES ATENDIDOS PELA URGÊNCIA/EMERGÊNCIA E EGRESSOS DE CIRURGIA ELETIVA OU AMBULATÓRIO.","","","","","","","","","","","","","","","","","","","","",""
"CENTRO NORTE","HCN - URUAÇU ","MÉDIA E ALTA COMPLEXIDADE","URGÊNCIA E EMERGÊNCIA ","ENFERMARIA ADULTO","ONCOLOGIA","ACEITE DA UNIDADE EXECUTANTE","HCN: NÃO DISPÕE DO SERVIÇO DE HEMATOLOGIA E RADIOTERAPIA","","","","","","","","","","","","","","","","","","","","",""
"NORDESTE","HCN - URUAÇU ","MÉDIA E ALTA COMPLEXIDADE","URGÊNCIA E EMERGÊNCIA ","ENFERMARIA ADULTO","ONCOLOGIA","ACEITE DA UNIDADE EXECUTANTE","HCN: NÃO DISPÕE DO SERVIÇO DE HEMATOLOGIA E RADIOTERAPIA","","","","","","","","","","","","","","","","","","","","",""
"CENTRO NORTE","HCN - URUAÇU ","MÉDIA E ALTA COMPLEXIDADE","URGÊNCIA E EMERGÊNCIA ","PRONTO SOCORRO","ONCOLOGIA","ENCAMINHAMENTO DE URGÊNCIA ","HCN: NÃO DISPÕE DO SERVIÇO DE HEMATOLOGIA E RADIOTERAPIA","","","","","","","","","","","","","","","","","","","","",""
"NORDESTE","HCN - URUAÇU ","MÉDIA E ALTA COMPLEXIDADE","URGÊNCIA E EMERGÊNCIA ","PRONTO SOCORRO","ONCOLOGIA","ENCAMINHAMENTO DE URGÊNCIA ","HCN: NÃO DISPÕE DO SERVIÇO DE HEMATOLOGIA E RADIOTERAPIA","","","","","","","","","","","","","","","","","","","","",""
"CENTRO NORTE","HCN - URUAÇU ","MÉDIA E ALTA COMPLEXIDADE","URGÊNCIA E EMERGÊNCIA ","UTI ADULTO","ONCOLOGIA","INTERNAÇÃO PRÓPRIA (COTA DIRETA)","HCN: PACIENTES ATENDIDOS PELA URGÊNCIA/EMERGÊNCIA E EGRESSOS DE CIRURGIA ELETIVA OU AMBULATÓRIO.","","","","","","","","","","","","","","","","","","","","",""
"CENTRO NORTE","HCN - URUAÇU ","MÉDIA E ALTA COMPLEXIDADE","URGÊNCIA E EMERGÊNCIA ","UTI ADULTO","ONCOLOGIA","ACEITE DA UNIDADE EXECUTANTE","HCN: NÃO DISPÕE DO SERVIÇO DE HEMATOLOGIA E RADIOTERAPIA","","","","","","","","","","","","","","","","","","","","",""
"NORDESTE","HCN - URUAÇU ","MÉDIA E ALTA COMPLEXIDADE","URGÊNCIA E EMERGÊNCIA ","UTI ADULTO","ONCOLOGIA","ACEITE DA UNIDADE EXECUTANTE","HCN: NÃO DISPÕE DO SERVIÇO DE HEMATOLOGIA E RADIOTERAPIA","","","","","","","","","","","","","","","","","","","","",""
"CENTRO NORTE","HCN - URUAÇU ","MÉDIA E ALTA COMPLEXIDADE","URGÊNCIA E EMERGÊNCIA ","ENFERMARIA ADULTO","ORTOPEDIA E TRAUMATOLOGIA","INTERNAÇÃO PRÓPRIA (COTA DIRETA)","HCN: PACIENTES ATENDIDOS PELA URGÊNCIA/EMERGÊNCIA E EGRESSOS DE CIRURGIA ELETIVA OU AMBULATÓRIO.","","","","","","","","","","","","","","","","","","","","",""
"CENTRO NORTE","HCN - URUAÇU ","MÉDIA E ALTA COMPLEXIDADE","URGÊNCIA E EMERGÊNCIA ","ENFERMARIA ADULTO","ORTOPEDIA E TRAUMATOLOGIA","ACEITE DA UNIDADE EXECUTANTE","HCN:  TODAS AS FRATURAS E LESÕES INCLUINDO EXPOSTA, POLITRAUMA, EXCETO COLUNA","","","","","","","","","","","","","","","","","","","","",""
"NORDESTE","HCN - URUAÇU ","MÉDIA E ALTA COMPLEXIDADE","URGÊNCIA E EMERGÊNCIA ","ENFERMARIA ADULTO","ORTOPEDIA E TRAUMATOLOGIA","ACEITE DA UNIDADE EXECUTANTE","HCN:  TODAS AS FRATURAS E LESÕES INCLUINDO EXPOSTA, POLITRAUMA, EXCETO COLUNA","","","","","","","","","","","","","","","","","","","","",""
"CENTRO NORTE","HCN - URUAÇU ","MÉDIA E ALTA COMPLEXIDADE","URGÊNCIA E EMERGÊNCIA ","PRONTO SOCORRO","ORTOPEDIA E TRAUMATOLOGIA","ENCAMINHAMENTO DE URGÊNCIA ","HCN:  TODAS AS FRATURAS E LESÕES INCLUINDO EXPOSTA, POLITRAUMA, EXCETO COLUNA","","","","","","","","","","","","","","","","","","","","",""
"NORDESTE","HCN - URUAÇU ","MÉDIA E ALTA COMPLEXIDADE","URGÊNCIA E EMERGÊNCIA ","PRONTO SOCORRO","ORTOPEDIA E TRAUMATOLOGIA","ENCAMINHAMENTO DE URGÊNCIA ","HCN:  TODAS AS FRATURAS E LESÕES INCLUINDO EXPOSTA, POLITRAUMA, EXCETO COLUNA","","","","","","","","","","","","","","","","","","","","",""
"CENTRO NORTE","HCN - URUAÇU ","MÉDIA E ALTA COMPLEXIDADE","URGÊNCIA E EMERGÊNCIA ","UTI ADULTO","ORTOPEDIA E TRAUMATOLOGIA","INTERNAÇÃO PRÓPRIA (COTA DIRETA)","HCN: PACIENTES ATENDIDOS PELA URGÊNCIA/EMERGÊNCIA E EGRESSOS DE CIRURGIA ELETIVA OU AMBULATÓRIO.","","","","","","","","","","","","","","","","","","","","",""
"CENTRO NORTE","HCN - URUAÇU ","MÉDIA E ALTA COMPLEXIDADE","URGÊNCIA E EMERGÊNCIA ","UTI ADULTO","ORTOPEDIA E TRAUMATOLOGIA","ACEITE DA UNIDADE EXECUTANTE","HCN:  TODAS AS FRATURAS E LESÕES INCLUINDO EXPOSTA, POLITRAUMA, EXCETO COLUNA","","","","","","","","","","","","","","","","","","","","",""
"NORDESTE","HCN - URUAÇU ","MÉDIA E ALTA COMPLEXIDADE","URGÊNCIA E EMERGÊNCIA ","UTI ADULTO","ORTOPEDIA E TRAUMATOLOGIA","ACEITE DA UNIDADE EXECUTANTE","HCN:  TODAS AS FRATURAS E LESÕES INCLUINDO EXPOSTA, POLITRAUMA, EXCETO COLUNA","","","","","","","","","","","","","","","","","","","","",""
"CENTRO NORTE","HCN - URUAÇU ","MÉDIA E ALTA COMPLEXIDADE","URGÊNCIA E EMERGÊNCIA ","ENFERMARIA PEDIATRICA","ORTOPEDIA E TRAUMATOLOGIA PEDIÁTRICA","INTERNAÇÃO PRÓPRIA (COTA DIRETA)","HCN: PACIENTES ATENDIDOS PELA URGÊNCIA/EMERGÊNCIA E EGRESSOS DE CIRURGIA ELETIVA OU AMBULATÓRIO.","","","","","","","","","","","","","","","","","","","","",""
"CENTRO NORTE","HCN - URUAÇU ","MÉDIA E ALTA COMPLEXIDADE","URGÊNCIA E EMERGÊNCIA ","ENFERMARIA PEDIATRICA","ORTOPEDIA E TRAUMATOLOGIA PEDIÁTRICA","ACEITE DA UNIDADE EXECUTANTE","HCN: NÃO ENCAMINHAR DE URG, POIS NÃO TEM ORTOPEDISTA PEDIÁTRICO, FICA COM A ORTOPEDIA GERAL. SOLICITAR VAGA PARA ACEITE DA UNIDADE.","","","","","","","","","","","","","","","","","","","","",""
"NORDESTE","HCN - URUAÇU ","MÉDIA E ALTA COMPLEXIDADE","URGÊNCIA E EMERGÊNCIA ","ENFERMARIA PEDIATRICA","ORTOPEDIA E TRAUMATOLOGIA PEDIÁTRICA","ACEITE DA UNIDADE EXECUTANTE","HCN: NÃO ENCAMINHAR DE URG, POIS NÃO TEM ORTOPEDISTA PEDIÁTRICO, FICA COM A ORTOPEDIA GERAL. SOLICITAR VAGA PARA ACEITE DA UNIDADE.","","","","","","","","","","","","","","","","","","","","",""
"CENTRO NORTE","HCN - URUAÇU ","MÉDIA E ALTA COMPLEXIDADE","URGÊNCIA E EMERGÊNCIA ","UTI PEDIATRICA","ORTOPEDIA E TRAUMATOLOGIA PEDIÁTRICA","INTERNAÇÃO PRÓPRIA (COTA DIRETA)","HCN: PACIENTES ATENDIDOS PELA URGÊNCIA/EMERGÊNCIA E EGRESSOS DE CIRURGIA ELETIVA OU AMBULATÓRIO.","","","","","","","","","","","","","","","","","","","","",""
"CENTRO NORTE","HCN - URUAÇU ","MÉDIA E ALTA COMPLEXIDADE","URGÊNCIA E EMERGÊNCIA ","UTI PEDIATRICA","ORTOPEDIA E TRAUMATOLOGIA PEDIÁTRICA","ACEITE DA UNIDADE EXECUTANTE","HCN: NÃO ENCAMINHAR DE URG, POIS NÃO TEM ORTOPEDISTA PEDIÁTRICO, FICA COM A ORTOPEDIA GERAL. SOLICITAR VAGA PARA ACEITE DA UNIDADE.","","","","","","","","","","","","","","","","","","","","",""
"NORDESTE","HCN - URUAÇU ","MÉDIA E ALTA COMPLEXIDADE","URGÊNCIA E EMERGÊNCIA ","UTI PEDIATRICA","ORTOPEDIA E TRAUMATOLOGIA PEDIÁTRICA","ACEITE DA UNIDADE EXECUTANTE","HCN: NÃO ENCAMINHAR DE URG, POIS NÃO TEM ORTOPEDISTA PEDIÁTRICO, FICA COM A ORTOPEDIA GERAL. SOLICITAR VAGA PARA ACEITE DA UNIDADE.","","","","","","","","","","","","","","","","","","","","",""
"CENTRO NORTE","HCN - URUAÇU ","MÉDIA E ALTA COMPLEXIDADE","URGÊNCIA E EMERGÊNCIA ","ENFERMARIA PEDIATRICA","PEDIATRIA","ACEITE DA UNIDADE EXECUTANTE","HCN: CIPE QUARTA A SÁBADO","","","","","","","","","","","","","","","","","","","","",""
"NORDESTE","HCN - URUAÇU ","MÉDIA E ALTA COMPLEXIDADE","URGÊNCIA E EMERGÊNCIA ","ENFERMARIA PEDIATRICA","PEDIATRIA","ACEITE DA UNIDADE EXECUTANTE","HCN: CIPE QUARTA A SÁBADO","","","","","","","","","","","","","","","","","","","","",""
"CENTRO NORTE","HCN - URUAÇU ","MÉDIA E ALTA COMPLEXIDADE","URGÊNCIA E EMERGÊNCIA ","ENFERMARIA PEDIATRICA","PEDIATRIA","INTERNAÇÃO PRÓPRIA (COTA DIRETA)","HCN: PACIENTES ATENDIDOS PELA URGÊNCIA/EMERGÊNCIA E EGRESSOS DE CIRURGIA ELETIVA OU AMBULATÓRIO.","","","","","","","","","","","","","","","","","","","","",""
"CENTRO NORTE","HCN - URUAÇU ","MÉDIA E ALTA COMPLEXIDADE","URGÊNCIA E EMERGÊNCIA ","PRONTO SOCORRO","PEDIATRIA","ENCAMINHAMENTO DE URGÊNCIA ","HCN: CIPE QUARTA A SÁBADO","","","","","","","","","","","","","","","","","","","","",""
"NORDESTE","HCN - URUAÇU ","MÉDIA E ALTA COMPLEXIDADE","URGÊNCIA E EMERGÊNCIA ","PRONTO SOCORRO","PEDIATRIA","ENCAMINHAMENTO DE URGÊNCIA ","HCN: CIPE QUARTA A SÁBADO","","","","","","","","","","","","","","","","","","","","",""
"CENTRO NORTE","HCN - URUAÇU ","MÉDIA E ALTA COMPLEXIDADE","URGÊNCIA E EMERGÊNCIA ","UTI PEDIATRICA","PEDIATRIA","ACEITE DA UNIDADE EXECUTANTE","HCN: CIPE QUARTA A SÁBADO","","","","","","","","","","","","","","","","","","","","",""
"NORDESTE","HCN - URUAÇU ","MÉDIA E ALTA COMPLEXIDADE","URGÊNCIA E EMERGÊNCIA ","UTI PEDIATRICA","PEDIATRIA","ACEITE DA UNIDADE EXECUTANTE","HCN: CIPE QUARTA A SÁBADO","","","","","","","","","","","","","","","","","","","","",""
"CENTRO NORTE","HCN - URUAÇU ","MÉDIA E ALTA COMPLEXIDADE","URGÊNCIA E EMERGÊNCIA ","UTI PEDIATRICA","PEDIATRIA","INTERNAÇÃO PRÓPRIA (COTA DIRETA)","HCN: PACIENTES ATENDIDOS PELA URGÊNCIA/EMERGÊNCIA E EGRESSOS DE CIRURGIA ELETIVA OU AMBULATÓRIO.","","","","","","","","","","","","","","","","","","","","",""
"CENTRO NORTE","HCN - URUAÇU ","MÉDIA E ALTA COMPLEXIDADE","URGÊNCIA E EMERGÊNCIA ","ENFERMARIA ADULTO (SAÚDE MENTAL)","SAÚDE MENTAL","INTERNAÇÃO PRÓPRIA (COTA DIRETA)","HCN: PACIENTES ATENDIDOS PELA URGÊNCIA/EMERGÊNCIA E EGRESSOS DE CIRURGIA ELETIVA OU AMBULATÓRIO.","","","","","","","","","","","","","","","","","","","","",""
"CENTRO NORTE","HCN - URUAÇU ","MÉDIA E ALTA COMPLEXIDADE","URGÊNCIA E EMERGÊNCIA ","ENFERMARIA ADULTO (SAÚDE MENTAL)","SAÚDE MENTAL","ACEITE DA UNIDADE EXECUTANTE","-","","","","","","","","","","","","","","","","","","","","",""
"NORDESTE","HCN - URUAÇU ","MÉDIA E ALTA COMPLEXIDADE","URGÊNCIA E EMERGÊNCIA ","ENFERMARIA ADULTO (SAÚDE MENTAL)","SAÚDE MENTAL","ACEITE DA UNIDADE EXECUTANTE","-","","","","","","","","","","","","","","","","","","","","",""
"CENTRO SUDOESTE","HCRV - RIO VERDE","MÉDIA E ALTA COMPLEXIDADE","URGÊNCIA E EMERGÊNCIA ","UTI ADULTO","CLÍNICA MÉDICA","INTERNAÇÃO PRÓPRIA (COTA DIRETA)","HCRV: INTERNAÇÃO PRÓPRIA (COTA DIRETA), SOMENTE PARA PACIENTES EGRESSOS DA CIRURGIA ELETIVA OU DO AMBULAUTORIO, MEDIANTE ANEXO DA FILIPETA DO REGNET/GERCON. ","","","","","","","","","","","","","","","","","","","","",""
"CENTRO SUDOESTE","HCRV - RIO VERDE","MÉDIA E ALTA COMPLEXIDADE","URGÊNCIA E EMERGÊNCIA ","UTI ADULTO","CLÍNICA MÉDICA","REGULAÇÃO PARA O LEITO","HCRV: 8 LEITOS DE UTI E 4 ENFERMARIA CLINICA PARA ALTA DA UTI","","","","","","","","","","","","","","","","","","","","",""
"CENTRO SUDOESTE","HCRV - RIO VERDE","MÉDIA E ALTA COMPLEXIDADE","URGÊNCIA E EMERGÊNCIA ","UTI ADULTO","ONCOLOGIA","REGULAÇÃO PARA O LEITO","HCRV: APENAS INTERCORRÊNCIAS CLÍNICAS DE PACIENTES ONCOLÓGICOS COM NECESSIDADE DE UTI ","","","","","","","","","","","","","","","","","","","","",""
"CENTRO OESTE","HCSPA - GOIAS","MÉDIA E ALTA COMPLEXIDADE","URGÊNCIA E EMERGÊNCIA ","UTI ADULTO","CLÍNICA MÉDICA","INTERNAÇÃO PRÓPRIA (COTA DIRETA)","HCSPA: INTERNAÇÃO PRÓPRIA (COTA DIRETA), SOMENTE PARA PACIENTES EGRESSOS DA CIRURGIA ELETIVA OU DO AMBULAUTORIO, MEDIANTE ANEXO DA FILIPETA DO REGNET/GERCON","","","","","","","","","","","","","","","","","","","","",""
"CENTRO OESTE","HCSPA - GOIAS","MÉDIA E ALTA COMPLEXIDADE","URGÊNCIA E EMERGÊNCIA ","UTI ADULTO","CLÍNICA MÉDICA","REGULAÇÃO PARA O LEITO","HCSPA: 10 LEITOS DE UTI E 3 ENFERMARIA CLINICA PARA ALTA DA UTI ","","","","","","","","","","","","","","","","","","","","",""
"CENTRO OESTE","HDS - GOIÂNIA","MÉDIA COMPLEXIDADE","URGÊNCIA E EMERGÊNCIA ","ENFERMARIA ADULTO","CUIDADOS PROLONGADOS","REGULAÇÃO PARA O LEITO","HDS: HORARIO DE ADMISSAO DAS 07h as 19h. ACIMA DE 16 ANOS COM MAIS DE 50 KG, OBRIGATÓRIO ACOMPANHANTE DURANTE O TRATAMENTO 

PERFIL: 
ANTIBIOTICOTERAPIA VENOSA OU ANTIFÙNGICA PROLONGADA, PARA O AJUSTE DE DROGAS DE USO CONTÌNUO, COMO ANTICONVULSIONANTES E ANTIGOAGULANTES;
PACIENTES TRASQUEOTOMIZADOS EM FASE DE DECANULAÇÃO;
PACIENTES DISFÀGICOS EM TREINAMENTO PARA REABILITAÇÃO DA VIA ORAL;
PACIENTES NECESSITANDO DE TRATAMENTO DE LPP
PACIENTES EM CUIDADOS PALIATIVOS

SUPORTE DAS SEGUINTES ESPECIALIDADES: ANGIOLOGIA, CARDIOLOGIA, CUIDADOS PROLONGADOS, DERMATOLOGIA, ENDOCRINOLOGIA, GERIATRIA, NEUROLOGIA, ORTOPEDIA, PNEUMOLOGIA, PSIQUIATRIA, OFTALMOLOGIA E REUMATOLOGIA ","","","","","","","","","","","","","","","","","","","","",""
"CENTRO NORTE ","HDS - GOIÂNIA","MÉDIA COMPLEXIDADE","URGÊNCIA E EMERGÊNCIA ","ENFERMARIA ADULTO","CUIDADOS PROLONGADOS","REGULAÇÃO PARA O LEITO","HDS: HORARIO DE ADMISSAO DAS 07h as 19h. ACIMA DE 16 ANOS COM MAIS DE 50 KG, OBRIGATÓRIO ACOMPANHANTE DURANTE O TRATAMENTO 

PERFIL: 
ANTIBIOTICOTERAPIA VENOSA OU ANTIFÙNGICA PROLONGADA, PARA O AJUSTE DE DROGAS DE USO CONTÌNUO, COMO ANTICONVULSIONANTES E ANTIGOAGULANTES;
PACIENTES TRASQUEOTOMIZADOS EM FASE DE DECANULAÇÃO;
PACIENTES DISFÀGICOS EM TREINAMENTO PARA REABILITAÇÃO DA VIA ORAL;
PACIENTES NECESSITANDO DE TRATAMENTO DE LPP
PACIENTES EM CUIDADOS PALIATIVOS

SUPORTE DAS SEGUINTES ESPECIALIDADES: ANGIOLOGIA, CARDIOLOGIA, CUIDADOS PROLONGADOS, DERMATOLOGIA, ENDOCRINOLOGIA, GERIATRIA, NEUROLOGIA, ORTOPEDIA, PNEUMOLOGIA, PSIQUIATRIA, OFTALMOLOGIA E REUMATOLOGIA ","","","","","","","","","","","","","","","","","","","","",""
"NORDESTE","HDS - GOIÂNIA","MÉDIA COMPLEXIDADE","URGÊNCIA E EMERGÊNCIA ","ENFERMARIA ADULTO","CUIDADOS PROLONGADOS","REGULAÇÃO PARA O LEITO","HDS: HORARIO DE ADMISSAO DAS 07h as 19h. ACIMA DE 16 ANOS COM MAIS DE 50 KG, OBRIGATÓRIO ACOMPANHANTE DURANTE O TRATAMENTO 

PERFIL: 
ANTIBIOTICOTERAPIA VENOSA OU ANTIFÙNGICA PROLONGADA, PARA O AJUSTE DE DROGAS DE USO CONTÌNUO, COMO ANTICONVULSIONANTES E ANTIGOAGULANTES;
PACIENTES TRASQUEOTOMIZADOS EM FASE DE DECANULAÇÃO;
PACIENTES DISFÀGICOS EM TREINAMENTO PARA REABILITAÇÃO DA VIA ORAL;
PACIENTES NECESSITANDO DE TRATAMENTO DE LPP
PACIENTES EM CUIDADOS PALIATIVOS

SUPORTE DAS SEGUINTES ESPECIALIDADES: ANGIOLOGIA, CARDIOLOGIA, CUIDADOS PROLONGADOS, DERMATOLOGIA, ENDOCRINOLOGIA, GERIATRIA, NEUROLOGIA, ORTOPEDIA, PNEUMOLOGIA, PSIQUIATRIA, OFTALMOLOGIA E REUMATOLOGIA ","","","","","","","","","","","","","","","","","","","","",""
"CENTRO SUDESTE","HDS - GOIÂNIA","MÉDIA COMPLEXIDADE","URGÊNCIA E EMERGÊNCIA ","ENFERMARIA ADULTO","CUIDADOS PROLONGADOS","REGULAÇÃO PARA O LEITO","HDS: HORARIO DE ADMISSAO DAS 07h as 19h. ACIMA DE 16 ANOS COM MAIS DE 50 KG, OBRIGATÓRIO ACOMPANHANTE DURANTE O TRATAMENTO 

PERFIL: 
ANTIBIOTICOTERAPIA VENOSA OU ANTIFÙNGICA PROLONGADA, PARA O AJUSTE DE DROGAS DE USO CONTÌNUO, COMO ANTICONVULSIONANTES E ANTIGOAGULANTES;
PACIENTES TRASQUEOTOMIZADOS EM FASE DE DECANULAÇÃO;
PACIENTES DISFÀGICOS EM TREINAMENTO PARA REABILITAÇÃO DA VIA ORAL;
PACIENTES NECESSITANDO DE TRATAMENTO DE LPP
PACIENTES EM CUIDADOS PALIATIVOS

SUPORTE DAS SEGUINTES ESPECIALIDADES: ANGIOLOGIA, CARDIOLOGIA, CUIDADOS PROLONGADOS, DERMATOLOGIA, ENDOCRINOLOGIA, GERIATRIA, NEUROLOGIA, ORTOPEDIA, PNEUMOLOGIA, PSIQUIATRIA, OFTALMOLOGIA E REUMATOLOGIA ","","","","","","","","","","","","","","","","","","","","",""
"CENTRO SUDOESTE","HDS - GOIÂNIA","MÉDIA COMPLEXIDADE","URGÊNCIA E EMERGÊNCIA ","ENFERMARIA ADULTO","CUIDADOS PROLONGADOS","REGULAÇÃO PARA O LEITO","HDS: HORARIO DE ADMISSAO DAS 07h as 19h. ACIMA DE 16 ANOS COM MAIS DE 50 KG, OBRIGATÓRIO ACOMPANHANTE DURANTE O TRATAMENTO 

PERFIL: 
ANTIBIOTICOTERAPIA VENOSA OU ANTIFÙNGICA PROLONGADA, PARA O AJUSTE DE DROGAS DE USO CONTÌNUO, COMO ANTICONVULSIONANTES E ANTIGOAGULANTES;
PACIENTES TRASQUEOTOMIZADOS EM FASE DE DECANULAÇÃO;
PACIENTES DISFÀGICOS EM TREINAMENTO PARA REABILITAÇÃO DA VIA ORAL;
PACIENTES NECESSITANDO DE TRATAMENTO DE LPP
PACIENTES EM CUIDADOS PALIATIVOS

SUPORTE DAS SEGUINTES ESPECIALIDADES: ANGIOLOGIA, CARDIOLOGIA, CUIDADOS PROLONGADOS, DERMATOLOGIA, ENDOCRINOLOGIA, GERIATRIA, NEUROLOGIA, ORTOPEDIA, PNEUMOLOGIA, PSIQUIATRIA, OFTALMOLOGIA E REUMATOLOGIA ","","","","","","","","","","","","","","","","","","","","",""
"CENTRO OESTE","HDT - GOIÂNIA","MÉDIA E ALTA COMPLEXIDADE","URGÊNCIA E EMERGÊNCIA ","UTI ADULTO","CLÍNICA MÉDICA","ACEITE DA UNIDADE EXECUTANTE ","HDT - TRATAMENTO CLÍNICO E/OU DOENÇAS INFECTOCONTAGIOSAS/DERMATOLÓGICAS. TUBERCULOSE, MENINGITE, HEPATITE, AIDS, TÉTANO, ACIDENTES OFÍDICOS, BIOLOGICO E  RÁBICO, HANSENÍASE, PÊNFIGO, VITILIGO, ARBOVIROSE, SRAG, EXPOSIÇÃO VERTICAL AO HIV, FEBRE TIFOIDE, BROQUIOLITE, COQUELUCHE, DIFTERIA, ESQUITOSSOMOSE, DOENÇAS EXANTEMATICAS FEBRIS, LEISHIMANIOSE, MENINGOENCEFALITE INFECCIOSA, MICOSES SISTEMICAS, PNEUMONIA COMPLICADA, RAIVA HUMANA, HIV, SINDROME ICTEROHEMORRAGICAS, TOXOPLASMOSE, INFECÇÕES DE PELES E PARTES MOLES, VARICELA COM COMPLICAÇÃO. ","","","","","","","","","","","","","","","","","","","","",""
"CENTRO OESTE","HDT - GOIÂNIA","MÉDIA E ALTA COMPLEXIDADE","URGÊNCIA E EMERGÊNCIA ","UTI ADULTO","INFECTOLOGIA","ACEITE DA UNIDADE EXECUTANTE ","HDT - TRATAMENTO CLÍNICO E/OU DOENÇAS INFECTOCONTAGIOSAS/DERMATOLÓGICAS. TUBERCULOSE, MENINGITE, HEPATITE, AIDS, TÉTANO, ACIDENTES OFÍDICOS, BIOLOGICO E  RÁBICO, HANSENÍASE, PÊNFIGO, VITILIGO, ARBOVIROSE, SRAG, EXPOSIÇÃO VERTICAL AO HIV, FEBRE TIFOIDE, BROQUIOLITE, COQUELUCHE, DIFTERIA, ESQUITOSSOMOSE, DOENÇAS EXANTEMATICAS FEBRIS, LEISHIMANIOSE, MENINGOENCEFALITE INFECCIOSA, MICOSES SISTEMICAS, PNEUMONIA COMPLICADA, RAIVA HUMANA, HIV, SINDROME ICTEROHEMORRAGICAS, TOXOPLASMOSE, INFECÇÕES DE PELES E PARTES MOLES, VARICELA COM COMPLICAÇÃO. ","","","","","","","","","","","","","","","","","","","","",""
"CENTRO OESTE","HDT - GOIÂNIA","MÉDIA E ALTA COMPLEXIDADE","URGÊNCIA E EMERGÊNCIA ","UTI ADULTO","DERMATOLOGIA","ACEITE DA UNIDADE EXECUTANTE","HDT - NÃO É AUTORIZADO ENCAMINHAMENTO DE URGENCIA, APENAS DIRECIONAR O PROTOCOLO E AGUARDAR ACEITE DE ACORDO COM A DISPONIBILIDADE DA UNIDADE. 

PERFIL: TRATAMENTO CLÍNICO E/OU DOENÇAS INFECTOCONTAGIOSAS/DERMATOLÓGICAS. TUBERCULOSE, MENINGITE, HEPATITE, AIDS, TÉTANO, ACIDENTES OFÍDICOS, BIOLOGICO E  RÁBICO, HANSENÍASE, PÊNFIGO, VITILIGO, ARBOVIROSE, SRAG, EXPOSIÇÃO VERTICAL AO HIV, FEBRE TIFOIDE, BROQUIOLITE, COQUELUCHE, DIFTERIA, ESQUITOSSOMOSE, DOENÇAS EXANTEMATICAS FEBRIS, LEISHIMANIOSE, MENINGOENCEFALITE INFECCIOSA, MICOSES SISTEMICAS, PNEUMONIA COMPLICADA, RAIVA HUMANA, HIV, SINDROME ICTEROHEMORRAGICAS, TOXOPLASMOSE, INFECÇÕES DE PELES E PARTES MOLES, VARICELA COM COMPLICAÇÃO. ","","","","","","","","","","","","","","","","","","","","",""
"CENTRO OESTE","HDT - GOIÂNIA","MÉDIA E ALTA COMPLEXIDADE","URGÊNCIA E EMERGÊNCIA ","ENFERMARIA PEDIATRICA","PEDIATRIA","ACEITE DA UNIDADE EXECUTANTE","HDT - TRATAMENTO CLÍNICO E/OU DOENÇAS INFECTOCONTAGIOSAS/DERMATOLÓGICAS. TUBERCULOSE, MENINGITE, HEPATITE, AIDS, TÉTANO, ACIDENTES OFÍDICOS, BIOLOGICO E  RÁBICO, HANSENÍASE, PÊNFIGO, VITILIGO, ARBOVIROSE, SRAG, EXPOSIÇÃO VERTICAL AO HIV, FEBRE TIFOIDE, BROQUIOLITE, COQUELUCHE, DIFTERIA, ESQUITOSSOMOSE, DOENÇAS EXANTEMATICAS FEBRIS, LEISHIMANIOSE, MENINGOENCEFALITE INFECCIOSA, MICOSES SISTEMICAS, PNEUMONIA COMPLICADA, RAIVA HUMANA, HIV, SINDROME ICTEROHEMORRAGICAS, TOXOPLASMOSE, INFECÇÕES DE PELES E PARTES MOLES, VARICELA COM COMPLICAÇÃO. ","","","","","","","","","","","","","","","","","","","","",""
"CENTRO NORTE","HDT - GOIÂNIA","MÉDIA E ALTA COMPLEXIDADE","URGÊNCIA E EMERGÊNCIA ","UTI ADULTO","CLÍNICA MÉDICA","ACEITE DA UNIDADE EXECUTANTE ","HDT - TRATAMENTO CLÍNICO E/OU DOENÇAS INFECTOCONTAGIOSAS/DERMATOLÓGICAS. TUBERCULOSE, MENINGITE, HEPATITE, AIDS, TÉTANO, ACIDENTES OFÍDICOS, BIOLOGICO E  RÁBICO, HANSENÍASE, PÊNFIGO, VITILIGO, ARBOVIROSE, SRAG, EXPOSIÇÃO VERTICAL AO HIV, FEBRE TIFOIDE, BROQUIOLITE, COQUELUCHE, DIFTERIA, ESQUITOSSOMOSE, DOENÇAS EXANTEMATICAS FEBRIS, LEISHIMANIOSE, MENINGOENCEFALITE INFECCIOSA, MICOSES SISTEMICAS, PNEUMONIA COMPLICADA, RAIVA HUMANA, HIV, SINDROME ICTEROHEMORRAGICAS, TOXOPLASMOSE, INFECÇÕES DE PELES E PARTES MOLES, VARICELA COM COMPLICAÇÃO. ","","","","","","","","","","","","","","","","","","","","",""
"CENTRO NORTE","HDT - GOIÂNIA","MÉDIA E ALTA COMPLEXIDADE","URGÊNCIA E EMERGÊNCIA ","UTI ADULTO","INFECTOLOGIA","ACEITE DA UNIDADE EXECUTANTE ","HDT - TRATAMENTO CLÍNICO E/OU DOENÇAS INFECTOCONTAGIOSAS/DERMATOLÓGICAS. TUBERCULOSE, MENINGITE, HEPATITE, AIDS, TÉTANO, ACIDENTES OFÍDICOS, BIOLOGICO E  RÁBICO, HANSENÍASE, PÊNFIGO, VITILIGO, ARBOVIROSE, SRAG, EXPOSIÇÃO VERTICAL AO HIV, FEBRE TIFOIDE, BROQUIOLITE, COQUELUCHE, DIFTERIA, ESQUITOSSOMOSE, DOENÇAS EXANTEMATICAS FEBRIS, LEISHIMANIOSE, MENINGOENCEFALITE INFECCIOSA, MICOSES SISTEMICAS, PNEUMONIA COMPLICADA, RAIVA HUMANA, HIV, SINDROME ICTEROHEMORRAGICAS, TOXOPLASMOSE, INFECÇÕES DE PELES E PARTES MOLES, VARICELA COM COMPLICAÇÃO. ","","","","","","","","","","","","","","","","","","","","",""
"CENTRO NORTE","HDT - GOIÂNIA","MÉDIA E ALTA COMPLEXIDADE","URGÊNCIA E EMERGÊNCIA ","UTI ADULTO","DERMATOLOGIA","ACEITE DA UNIDADE EXECUTANTE","HDT - NÃO É AUTORIZADO ENCAMINHAMENTO DE URGENCIA, APENAS DIRECIONAR O PROTOCOLO E AGUARDAR ACEITE DE ACORDO COM A DISPONIBILIDADE DA UNIDADE. 

PERFIL: TRATAMENTO CLÍNICO E/OU DOENÇAS INFECTOCONTAGIOSAS/DERMATOLÓGICAS. TUBERCULOSE, MENINGITE, HEPATITE, AIDS, TÉTANO, ACIDENTES OFÍDICOS, BIOLOGICO E  RÁBICO, HANSENÍASE, PÊNFIGO, VITILIGO, ARBOVIROSE, SRAG, EXPOSIÇÃO VERTICAL AO HIV, FEBRE TIFOIDE, BROQUIOLITE, COQUELUCHE, DIFTERIA, ESQUITOSSOMOSE, DOENÇAS EXANTEMATICAS FEBRIS, LEISHIMANIOSE, MENINGOENCEFALITE INFECCIOSA, MICOSES SISTEMICAS, PNEUMONIA COMPLICADA, RAIVA HUMANA, HIV, SINDROME ICTEROHEMORRAGICAS, TOXOPLASMOSE, INFECÇÕES DE PELES E PARTES MOLES, VARICELA COM COMPLICAÇÃO. ","","","","","","","","","","","","","","","","","","","","",""
"CENTRO NORTE","HDT - GOIÂNIA","MÉDIA E ALTA COMPLEXIDADE","URGÊNCIA E EMERGÊNCIA ","ENFERMARIA PEDIATRICA","PEDIATRIA","ACEITE DA UNIDADE EXECUTANTE","HDT - TRATAMENTO CLÍNICO E/OU DOENÇAS INFECTOCONTAGIOSAS/DERMATOLÓGICAS. TUBERCULOSE, MENINGITE, HEPATITE, AIDS, TÉTANO, ACIDENTES OFÍDICOS, BIOLOGICO E  RÁBICO, HANSENÍASE, PÊNFIGO, VITILIGO, ARBOVIROSE, SRAG, EXPOSIÇÃO VERTICAL AO HIV, FEBRE TIFOIDE, BROQUIOLITE, COQUELUCHE, DIFTERIA, ESQUITOSSOMOSE, DOENÇAS EXANTEMATICAS FEBRIS, LEISHIMANIOSE, MENINGOENCEFALITE INFECCIOSA, MICOSES SISTEMICAS, PNEUMONIA COMPLICADA, RAIVA HUMANA, HIV, SINDROME ICTEROHEMORRAGICAS, TOXOPLASMOSE, INFECÇÕES DE PELES E PARTES MOLES, VARICELA COM COMPLICAÇÃO. ","","","","","","","","","","","","","","","","","","","","",""
"CENTRO SUDESTE","HDT - GOIÂNIA","MÉDIA E ALTA COMPLEXIDADE","URGÊNCIA E EMERGÊNCIA ","UTI ADULTO","CLÍNICA MÉDICA","ACEITE DA UNIDADE EXECUTANTE ","HDT - TRATAMENTO CLÍNICO E/OU DOENÇAS INFECTOCONTAGIOSAS/DERMATOLÓGICAS. TUBERCULOSE, MENINGITE, HEPATITE, AIDS, TÉTANO, ACIDENTES OFÍDICOS, BIOLOGICO E  RÁBICO, HANSENÍASE, PÊNFIGO, VITILIGO, ARBOVIROSE, SRAG, EXPOSIÇÃO VERTICAL AO HIV, FEBRE TIFOIDE, BROQUIOLITE, COQUELUCHE, DIFTERIA, ESQUITOSSOMOSE, DOENÇAS EXANTEMATICAS FEBRIS, LEISHIMANIOSE, MENINGOENCEFALITE INFECCIOSA, MICOSES SISTEMICAS, PNEUMONIA COMPLICADA, RAIVA HUMANA, HIV, SINDROME ICTEROHEMORRAGICAS, TOXOPLASMOSE, INFECÇÕES DE PELES E PARTES MOLES, VARICELA COM COMPLICAÇÃO. ","","","","","","","","","","","","","","","","","","","","",""
"CENTRO SUDESTE","HDT - GOIÂNIA","MÉDIA E ALTA COMPLEXIDADE","URGÊNCIA E EMERGÊNCIA ","UTI ADULTO","INFECTOLOGIA","ACEITE DA UNIDADE EXECUTANTE ","HDT - TRATAMENTO CLÍNICO E/OU DOENÇAS INFECTOCONTAGIOSAS/DERMATOLÓGICAS. TUBERCULOSE, MENINGITE, HEPATITE, AIDS, TÉTANO, ACIDENTES OFÍDICOS, BIOLOGICO E  RÁBICO, HANSENÍASE, PÊNFIGO, VITILIGO, ARBOVIROSE, SRAG, EXPOSIÇÃO VERTICAL AO HIV, FEBRE TIFOIDE, BROQUIOLITE, COQUELUCHE, DIFTERIA, ESQUITOSSOMOSE, DOENÇAS EXANTEMATICAS FEBRIS, LEISHIMANIOSE, MENINGOENCEFALITE INFECCIOSA, MICOSES SISTEMICAS, PNEUMONIA COMPLICADA, RAIVA HUMANA, HIV, SINDROME ICTEROHEMORRAGICAS, TOXOPLASMOSE, INFECÇÕES DE PELES E PARTES MOLES, VARICELA COM COMPLICAÇÃO. ","","","","","","","","","","","","","","","","","","","","",""
"CENTRO SUDESTE","HDT - GOIÂNIA","MÉDIA E ALTA COMPLEXIDADE","URGÊNCIA E EMERGÊNCIA ","UTI ADULTO","DERMATOLOGIA","ACEITE DA UNIDADE EXECUTANTE","HDT - NÃO É AUTORIZADO ENCAMINHAMENTO DE URGENCIA, APENAS DIRECIONAR O PROTOCOLO E AGUARDAR ACEITE DE ACORDO COM A DISPONIBILIDADE DA UNIDADE. 

PERFIL: TRATAMENTO CLÍNICO E/OU DOENÇAS INFECTOCONTAGIOSAS/DERMATOLÓGICAS. TUBERCULOSE, MENINGITE, HEPATITE, AIDS, TÉTANO, ACIDENTES OFÍDICOS, BIOLOGICO E  RÁBICO, HANSENÍASE, PÊNFIGO, VITILIGO, ARBOVIROSE, SRAG, EXPOSIÇÃO VERTICAL AO HIV, FEBRE TIFOIDE, BROQUIOLITE, COQUELUCHE, DIFTERIA, ESQUITOSSOMOSE, DOENÇAS EXANTEMATICAS FEBRIS, LEISHIMANIOSE, MENINGOENCEFALITE INFECCIOSA, MICOSES SISTEMICAS, PNEUMONIA COMPLICADA, RAIVA HUMANA, HIV, SINDROME ICTEROHEMORRAGICAS, TOXOPLASMOSE, INFECÇÕES DE PELES E PARTES MOLES, VARICELA COM COMPLICAÇÃO. ","","","","","","","","","","","","","","","","","","","","",""
"CENTRO SUDESTE","HDT - GOIÂNIA","MÉDIA E ALTA COMPLEXIDADE","URGÊNCIA E EMERGÊNCIA ","ENFERMARIA PEDIATRICA","PEDIATRIA","ACEITE DA UNIDADE EXECUTANTE","HDT - TRATAMENTO CLÍNICO E/OU DOENÇAS INFECTOCONTAGIOSAS/DERMATOLÓGICAS. TUBERCULOSE, MENINGITE, HEPATITE, AIDS, TÉTANO, ACIDENTES OFÍDICOS, BIOLOGICO E  RÁBICO, HANSENÍASE, PÊNFIGO, VITILIGO, ARBOVIROSE, SRAG, EXPOSIÇÃO VERTICAL AO HIV, FEBRE TIFOIDE, BROQUIOLITE, COQUELUCHE, DIFTERIA, ESQUITOSSOMOSE, DOENÇAS EXANTEMATICAS FEBRIS, LEISHIMANIOSE, MENINGOENCEFALITE INFECCIOSA, MICOSES SISTEMICAS, PNEUMONIA COMPLICADA, RAIVA HUMANA, HIV, SINDROME ICTEROHEMORRAGICAS, TOXOPLASMOSE, INFECÇÕES DE PELES E PARTES MOLES, VARICELA COM COMPLICAÇÃO. ","","","","","","","","","","","","","","","","","","","","",""
"CENTRO SUDOESTE","HDT - GOIÂNIA","MÉDIA E ALTA COMPLEXIDADE","URGÊNCIA E EMERGÊNCIA ","UTI ADULTO","CLÍNICA MÉDICA","ACEITE DA UNIDADE EXECUTANTE ","HDT - TRATAMENTO CLÍNICO E/OU DOENÇAS INFECTOCONTAGIOSAS/DERMATOLÓGICAS. TUBERCULOSE, MENINGITE, HEPATITE, AIDS, TÉTANO, ACIDENTES OFÍDICOS, BIOLOGICO E  RÁBICO, HANSENÍASE, PÊNFIGO, VITILIGO, ARBOVIROSE, SRAG, EXPOSIÇÃO VERTICAL AO HIV, FEBRE TIFOIDE, BROQUIOLITE, COQUELUCHE, DIFTERIA, ESQUITOSSOMOSE, DOENÇAS EXANTEMATICAS FEBRIS, LEISHIMANIOSE, MENINGOENCEFALITE INFECCIOSA, MICOSES SISTEMICAS, PNEUMONIA COMPLICADA, RAIVA HUMANA, HIV, SINDROME ICTEROHEMORRAGICAS, TOXOPLASMOSE, INFECÇÕES DE PELES E PARTES MOLES, VARICELA COM COMPLICAÇÃO. ","","","","","","","","","","","","","","","","","","","","",""
"CENTRO SUDOESTE","HDT - GOIÂNIA","MÉDIA E ALTA COMPLEXIDADE","URGÊNCIA E EMERGÊNCIA ","UTI ADULTO","INFECTOLOGIA","ACEITE DA UNIDADE EXECUTANTE ","HDT - TRATAMENTO CLÍNICO E/OU DOENÇAS INFECTOCONTAGIOSAS/DERMATOLÓGICAS. TUBERCULOSE, MENINGITE, HEPATITE, AIDS, TÉTANO, ACIDENTES OFÍDICOS, BIOLOGICO E  RÁBICO, HANSENÍASE, PÊNFIGO, VITILIGO, ARBOVIROSE, SRAG, EXPOSIÇÃO VERTICAL AO HIV, FEBRE TIFOIDE, BROQUIOLITE, COQUELUCHE, DIFTERIA, ESQUITOSSOMOSE, DOENÇAS EXANTEMATICAS FEBRIS, LEISHIMANIOSE, MENINGOENCEFALITE INFECCIOSA, MICOSES SISTEMICAS, PNEUMONIA COMPLICADA, RAIVA HUMANA, HIV, SINDROME ICTEROHEMORRAGICAS, TOXOPLASMOSE, INFECÇÕES DE PELES E PARTES MOLES, VARICELA COM COMPLICAÇÃO. ","","","","","","","","","","","","","","","","","","","","",""
"CENTRO SUDOESTE","HDT - GOIÂNIA","MÉDIA E ALTA COMPLEXIDADE","URGÊNCIA E EMERGÊNCIA ","UTI ADULTO","DERMATOLOGIA","ACEITE DA UNIDADE EXECUTANTE","HDT - NÃO É AUTORIZADO ENCAMINHAMENTO DE URGENCIA, APENAS DIRECIONAR O PROTOCOLO E AGUARDAR ACEITE DE ACORDO COM A DISPONIBILIDADE DA UNIDADE. 

PERFIL: TRATAMENTO CLÍNICO E/OU DOENÇAS INFECTOCONTAGIOSAS/DERMATOLÓGICAS. TUBERCULOSE, MENINGITE, HEPATITE, AIDS, TÉTANO, ACIDENTES OFÍDICOS, BIOLOGICO E  RÁBICO, HANSENÍASE, PÊNFIGO, VITILIGO, ARBOVIROSE, SRAG, EXPOSIÇÃO VERTICAL AO HIV, FEBRE TIFOIDE, BROQUIOLITE, COQUELUCHE, DIFTERIA, ESQUITOSSOMOSE, DOENÇAS EXANTEMATICAS FEBRIS, LEISHIMANIOSE, MENINGOENCEFALITE INFECCIOSA, MICOSES SISTEMICAS, PNEUMONIA COMPLICADA, RAIVA HUMANA, HIV, SINDROME ICTEROHEMORRAGICAS, TOXOPLASMOSE, INFECÇÕES DE PELES E PARTES MOLES, VARICELA COM COMPLICAÇÃO. ","","","","","","","","","","","","","","","","","","","","",""
"CENTRO SUDOESTE","HDT - GOIÂNIA","MÉDIA E ALTA COMPLEXIDADE","URGÊNCIA E EMERGÊNCIA ","ENFERMARIA PEDIATRICA","PEDIATRIA","ACEITE DA UNIDADE EXECUTANTE","HDT - TRATAMENTO CLÍNICO E/OU DOENÇAS INFECTOCONTAGIOSAS/DERMATOLÓGICAS. TUBERCULOSE, MENINGITE, HEPATITE, AIDS, TÉTANO, ACIDENTES OFÍDICOS, BIOLOGICO E  RÁBICO, HANSENÍASE, PÊNFIGO, VITILIGO, ARBOVIROSE, SRAG, EXPOSIÇÃO VERTICAL AO HIV, FEBRE TIFOIDE, BROQUIOLITE, COQUELUCHE, DIFTERIA, ESQUITOSSOMOSE, DOENÇAS EXANTEMATICAS FEBRIS, LEISHIMANIOSE, MENINGOENCEFALITE INFECCIOSA, MICOSES SISTEMICAS, PNEUMONIA COMPLICADA, RAIVA HUMANA, HIV, SINDROME ICTEROHEMORRAGICAS, TOXOPLASMOSE, INFECÇÕES DE PELES E PARTES MOLES, VARICELA COM COMPLICAÇÃO. ","","","","","","","","","","","","","","","","","","","","",""
"NORDESTE","HDT - GOIÂNIA","MÉDIA E ALTA COMPLEXIDADE","URGÊNCIA E EMERGÊNCIA ","UTI ADULTO","CLÍNICA MÉDICA","ACEITE DA UNIDADE EXECUTANTE ","HDT - TRATAMENTO CLÍNICO E/OU DOENÇAS INFECTOCONTAGIOSAS/DERMATOLÓGICAS. TUBERCULOSE, MENINGITE, HEPATITE, AIDS, TÉTANO, ACIDENTES OFÍDICOS, BIOLOGICO E  RÁBICO, HANSENÍASE, PÊNFIGO, VITILIGO, ARBOVIROSE, SRAG, EXPOSIÇÃO VERTICAL AO HIV, FEBRE TIFOIDE, BROQUIOLITE, COQUELUCHE, DIFTERIA, ESQUITOSSOMOSE, DOENÇAS EXANTEMATICAS FEBRIS, LEISHIMANIOSE, MENINGOENCEFALITE INFECCIOSA, MICOSES SISTEMICAS, PNEUMONIA COMPLICADA, RAIVA HUMANA, HIV, SINDROME ICTEROHEMORRAGICAS, TOXOPLASMOSE, INFECÇÕES DE PELES E PARTES MOLES, VARICELA COM COMPLICAÇÃO. ","","","","","","","","","","","","","","","","","","","","",""
"NORDESTE","HDT - GOIÂNIA","MÉDIA E ALTA COMPLEXIDADE","URGÊNCIA E EMERGÊNCIA ","UTI ADULTO","INFECTOLOGIA","ACEITE DA UNIDADE EXECUTANTE ","HDT - TRATAMENTO CLÍNICO E/OU DOENÇAS INFECTOCONTAGIOSAS/DERMATOLÓGICAS. TUBERCULOSE, MENINGITE, HEPATITE, AIDS, TÉTANO, ACIDENTES OFÍDICOS, BIOLOGICO E  RÁBICO, HANSENÍASE, PÊNFIGO, VITILIGO, ARBOVIROSE, SRAG, EXPOSIÇÃO VERTICAL AO HIV, FEBRE TIFOIDE, BROQUIOLITE, COQUELUCHE, DIFTERIA, ESQUITOSSOMOSE, DOENÇAS EXANTEMATICAS FEBRIS, LEISHIMANIOSE, MENINGOENCEFALITE INFECCIOSA, MICOSES SISTEMICAS, PNEUMONIA COMPLICADA, RAIVA HUMANA, HIV, SINDROME ICTEROHEMORRAGICAS, TOXOPLASMOSE, INFECÇÕES DE PELES E PARTES MOLES, VARICELA COM COMPLICAÇÃO. ","","","","","","","","","","","","","","","","","","","","",""
"NORDESTE","HDT - GOIÂNIA","MÉDIA E ALTA COMPLEXIDADE","URGÊNCIA E EMERGÊNCIA ","UTI ADULTO","DERMATOLOGIA","ACEITE DA UNIDADE EXECUTANTE","HDT - NÃO É AUTORIZADO ENCAMINHAMENTO DE URGENCIA, APENAS DIRECIONAR O PROTOCOLO E AGUARDAR ACEITE DE ACORDO COM A DISPONIBILIDADE DA UNIDADE. 

PERFIL: TRATAMENTO CLÍNICO E/OU DOENÇAS INFECTOCONTAGIOSAS/DERMATOLÓGICAS. TUBERCULOSE, MENINGITE, HEPATITE, AIDS, TÉTANO, ACIDENTES OFÍDICOS, BIOLOGICO E  RÁBICO, HANSENÍASE, PÊNFIGO, VITILIGO, ARBOVIROSE, SRAG, EXPOSIÇÃO VERTICAL AO HIV, FEBRE TIFOIDE, BROQUIOLITE, COQUELUCHE, DIFTERIA, ESQUITOSSOMOSE, DOENÇAS EXANTEMATICAS FEBRIS, LEISHIMANIOSE, MENINGOENCEFALITE INFECCIOSA, MICOSES SISTEMICAS, PNEUMONIA COMPLICADA, RAIVA HUMANA, HIV, SINDROME ICTEROHEMORRAGICAS, TOXOPLASMOSE, INFECÇÕES DE PELES E PARTES MOLES, VARICELA COM COMPLICAÇÃO. ","","","","","","","","","","","","","","","","","","","","",""
"NORDESTE","HDT - GOIÂNIA","MÉDIA E ALTA COMPLEXIDADE","URGÊNCIA E EMERGÊNCIA ","ENFERMARIA PEDIATRICA","PEDIATRIA","ACEITE DA UNIDADE EXECUTANTE","HDT - TRATAMENTO CLÍNICO E/OU DOENÇAS INFECTOCONTAGIOSAS/DERMATOLÓGICAS. TUBERCULOSE, MENINGITE, HEPATITE, AIDS, TÉTANO, ACIDENTES OFÍDICOS, BIOLOGICO E  RÁBICO, HANSENÍASE, PÊNFIGO, VITILIGO, ARBOVIROSE, SRAG, EXPOSIÇÃO VERTICAL AO HIV, FEBRE TIFOIDE, BROQUIOLITE, COQUELUCHE, DIFTERIA, ESQUITOSSOMOSE, DOENÇAS EXANTEMATICAS FEBRIS, LEISHIMANIOSE, MENINGOENCEFALITE INFECCIOSA, MICOSES SISTEMICAS, PNEUMONIA COMPLICADA, RAIVA HUMANA, HIV, SINDROME ICTEROHEMORRAGICAS, TOXOPLASMOSE, INFECÇÕES DE PELES E PARTES MOLES, VARICELA COM COMPLICAÇÃO. ","","","","","","","","","","","","","","","","","","","","",""
"CENTRO OESTE","HDT - GOIÂNIA","MÉDIA E ALTA COMPLEXIDADE","URGÊNCIA E EMERGÊNCIA ","ENFERMARIA ADULTO","CLÍNICA MÉDICA","INTERNAÇÃO PRÓPRIA (COTA DIRETA)","HDT - PACIENTES ATENDIDOS PELA URGÊNCIA/EMERGÊNCIA E EGRESSOS DA CIRURGIA ELETIVA OU AMBULATÓRIO.","","","","","","","","","","","","","","","","","","","","",""
"CENTRO OESTE","HDT - GOIÂNIA","MÉDIA E ALTA COMPLEXIDADE","URGÊNCIA E EMERGÊNCIA ","ENFERMARIA ADULTO","INFECTOLOGIA","INTERNAÇÃO PRÓPRIA (COTA DIRETA)","HDT - PACIENTES ATENDIDOS PELA URGÊNCIA/EMERGÊNCIA E EGRESSOS DE CIRURGIA ELETIVA OU AMBULATÓRIO.","","","","","","","","","","","","","","","","","","","","",""
"CENTRO OESTE","HDT - GOIÂNIA","MÉDIA E ALTA COMPLEXIDADE","URGÊNCIA E EMERGÊNCIA ","ENFERMARIA ADULTO","CLÍNICA MÉDICA","ACEITE DA UNIDADE EXECUTANTE","HDT - TRATAMENTO CLÍNICO E/OU DOENÇAS INFECTOCONTAGIOSAS/DERMATOLÓGICAS. TUBERCULOSE, MENINGITE, HEPATITE, AIDS, TÉTANO, ACIDENTES OFÍDICOS, BIOLOGICO E  RÁBICO, HANSENÍASE, PÊNFIGO, VITILIGO, ARBOVIROSE, SRAG, EXPOSIÇÃO VERTICAL AO HIV, FEBRE TIFOIDE, BROQUIOLITE, COQUELUCHE, DIFTERIA, ESQUITOSSOMOSE, DOENÇAS EXANTEMATICAS FEBRIS, LEISHIMANIOSE, MENINGOENCEFALITE INFECCIOSA, MICOSES SISTEMICAS, PNEUMONIA COMPLICADA, RAIVA HUMANA, HIV, SINDROME ICTEROHEMORRAGICAS, TOXOPLASMOSE, INFECÇÕES DE PELES E PARTES MOLES, VARICELA COM COMPLICAÇÃO. ","","","","","","","","","","","","","","","","","","","","",""
"CENTRO OESTE","HDT - GOIÂNIA","MÉDIA E ALTA COMPLEXIDADE","URGÊNCIA E EMERGÊNCIA ","ENFERMARIA ADULTO","INFECTOLOGIA","ACEITE DA UNIDADE EXECUTANTE ","HDT - TRATAMENTO CLÍNICO E/OU DOENÇAS INFECTOCONTAGIOSAS/DERMATOLÓGICAS. TUBERCULOSE, MENINGITE, HEPATITE, AIDS, TÉTANO, ACIDENTES OFÍDICOS, BIOLOGICO E  RÁBICO, HANSENÍASE, PÊNFIGO, VITILIGO, ARBOVIROSE, SRAG, EXPOSIÇÃO VERTICAL AO HIV, FEBRE TIFOIDE, BROQUIOLITE, COQUELUCHE, DIFTERIA, ESQUITOSSOMOSE, DOENÇAS EXANTEMATICAS FEBRIS, LEISHIMANIOSE, MENINGOENCEFALITE INFECCIOSA, MICOSES SISTEMICAS, PNEUMONIA COMPLICADA, RAIVA HUMANA, HIV, SINDROME ICTEROHEMORRAGICAS, TOXOPLASMOSE, INFECÇÕES DE PELES E PARTES MOLES, VARICELA COM COMPLICAÇÃO. ","","","","","","","","","","","","","","","","","","","","",""
"CENTRO OESTE","HDT - GOIÂNIA","MÉDIA E ALTA COMPLEXIDADE","URGÊNCIA E EMERGÊNCIA ","ENFERMARIA ADULTO","DERMATOLOGIA","ACEITE DA UNIDADE EXECUTANTE ","HDT - NÃO É AUTORIZADO ENCAMINHAMENTO DE URGENCIA, APENAS DIRECIONAR O PROTOCOLO E AGUARDAR ACEITE DE ACORDO COM A DISPONIBILIDADE DA UNIDADE. 

PERFIL: TRATAMENTO CLÍNICO E/OU DOENÇAS INFECTOCONTAGIOSAS/DERMATOLÓGICAS. TUBERCULOSE, MENINGITE, HEPATITE, AIDS, TÉTANO, ACIDENTES OFÍDICOS, BIOLOGICO E  RÁBICO, HANSENÍASE, PÊNFIGO, VITILIGO, ARBOVIROSE, SRAG, EXPOSIÇÃO VERTICAL AO HIV, FEBRE TIFOIDE, BROQUIOLITE, COQUELUCHE, DIFTERIA, ESQUITOSSOMOSE, DOENÇAS EXANTEMATICAS FEBRIS, LEISHIMANIOSE, MENINGOENCEFALITE INFECCIOSA, MICOSES SISTEMICAS, PNEUMONIA COMPLICADA, RAIVA HUMANA, HIV, SINDROME ICTEROHEMORRAGICAS, TOXOPLASMOSE, INFECÇÕES DE PELES E PARTES MOLES, VARICELA COM COMPLICAÇÃO. ","","","","","","","","","","","","","","","","","","","","",""
"CENTRO NORTE","HDT - GOIÂNIA","MÉDIA E ALTA COMPLEXIDADE","URGÊNCIA E EMERGÊNCIA ","ENFERMARIA ADULTO","CLÍNICA MÉDICA","ACEITE DA UNIDADE EXECUTANTE","HDT - TRATAMENTO CLÍNICO E/OU DOENÇAS INFECTOCONTAGIOSAS/DERMATOLÓGICAS. TUBERCULOSE, MENINGITE, HEPATITE, AIDS, TÉTANO, ACIDENTES OFÍDICOS, BIOLOGICO E  RÁBICO, HANSENÍASE, PÊNFIGO, VITILIGO, ARBOVIROSE, SRAG, EXPOSIÇÃO VERTICAL AO HIV, FEBRE TIFOIDE, BROQUIOLITE, COQUELUCHE, DIFTERIA, ESQUITOSSOMOSE, DOENÇAS EXANTEMATICAS FEBRIS, LEISHIMANIOSE, MENINGOENCEFALITE INFECCIOSA, MICOSES SISTEMICAS, PNEUMONIA COMPLICADA, RAIVA HUMANA, HIV, SINDROME ICTEROHEMORRAGICAS, TOXOPLASMOSE, INFECÇÕES DE PELES E PARTES MOLES, VARICELA COM COMPLICAÇÃO. ","","","","","","","","","","","","","","","","","","","","",""
"CENTRO NORTE","HDT - GOIÂNIA","MÉDIA E ALTA COMPLEXIDADE","URGÊNCIA E EMERGÊNCIA ","ENFERMARIA ADULTO","INFECTOLOGIA","ACEITE DA UNIDADE EXECUTANTE ","HDT - TRATAMENTO CLÍNICO E/OU DOENÇAS INFECTOCONTAGIOSAS/DERMATOLÓGICAS. TUBERCULOSE, MENINGITE, HEPATITE, AIDS, TÉTANO, ACIDENTES OFÍDICOS, BIOLOGICO E  RÁBICO, HANSENÍASE, PÊNFIGO, VITILIGO, ARBOVIROSE, SRAG, EXPOSIÇÃO VERTICAL AO HIV, FEBRE TIFOIDE, BROQUIOLITE, COQUELUCHE, DIFTERIA, ESQUITOSSOMOSE, DOENÇAS EXANTEMATICAS FEBRIS, LEISHIMANIOSE, MENINGOENCEFALITE INFECCIOSA, MICOSES SISTEMICAS, PNEUMONIA COMPLICADA, RAIVA HUMANA, HIV, SINDROME ICTEROHEMORRAGICAS, TOXOPLASMOSE, INFECÇÕES DE PELES E PARTES MOLES, VARICELA COM COMPLICAÇÃO. ","","","","","","","","","","","","","","","","","","","","",""
"CENTRO NORTE","HDT - GOIÂNIA","MÉDIA E ALTA COMPLEXIDADE","URGÊNCIA E EMERGÊNCIA ","ENFERMARIA ADULTO","DERMATOLOGIA","ACEITE DA UNIDADE EXECUTANTE ","HDT - NÃO É AUTORIZADO ENCAMINHAMENTO DE URGENCIA, APENAS DIRECIONAR O PROTOCOLO E AGUARDAR ACEITE DE ACORDO COM A DISPONIBILIDADE DA UNIDADE. 

PERFIL: TRATAMENTO CLÍNICO E/OU DOENÇAS INFECTOCONTAGIOSAS/DERMATOLÓGICAS. TUBERCULOSE, MENINGITE, HEPATITE, AIDS, TÉTANO, ACIDENTES OFÍDICOS, BIOLOGICO E  RÁBICO, HANSENÍASE, PÊNFIGO, VITILIGO, ARBOVIROSE, SRAG, EXPOSIÇÃO VERTICAL AO HIV, FEBRE TIFOIDE, BROQUIOLITE, COQUELUCHE, DIFTERIA, ESQUITOSSOMOSE, DOENÇAS EXANTEMATICAS FEBRIS, LEISHIMANIOSE, MENINGOENCEFALITE INFECCIOSA, MICOSES SISTEMICAS, PNEUMONIA COMPLICADA, RAIVA HUMANA, HIV, SINDROME ICTEROHEMORRAGICAS, TOXOPLASMOSE, INFECÇÕES DE PELES E PARTES MOLES, VARICELA COM COMPLICAÇÃO. ","","","","","","","","","","","","","","","","","","","","",""
"CENTRO SUDESTE","HDT - GOIÂNIA","MÉDIA E ALTA COMPLEXIDADE","URGÊNCIA E EMERGÊNCIA ","ENFERMARIA ADULTO","CLÍNICA MÉDICA","ACEITE DA UNIDADE EXECUTANTE","HDT - TRATAMENTO CLÍNICO E/OU DOENÇAS INFECTOCONTAGIOSAS/DERMATOLÓGICAS. TUBERCULOSE, MENINGITE, HEPATITE, AIDS, TÉTANO, ACIDENTES OFÍDICOS, BIOLOGICO E  RÁBICO, HANSENÍASE, PÊNFIGO, VITILIGO, ARBOVIROSE, SRAG, EXPOSIÇÃO VERTICAL AO HIV, FEBRE TIFOIDE, BROQUIOLITE, COQUELUCHE, DIFTERIA, ESQUITOSSOMOSE, DOENÇAS EXANTEMATICAS FEBRIS, LEISHIMANIOSE, MENINGOENCEFALITE INFECCIOSA, MICOSES SISTEMICAS, PNEUMONIA COMPLICADA, RAIVA HUMANA, HIV, SINDROME ICTEROHEMORRAGICAS, TOXOPLASMOSE, INFECÇÕES DE PELES E PARTES MOLES, VARICELA COM COMPLICAÇÃO. ","","","","","","","","","","","","","","","","","","","","",""
"CENTRO SUDESTE","HDT - GOIÂNIA","MÉDIA E ALTA COMPLEXIDADE","URGÊNCIA E EMERGÊNCIA ","ENFERMARIA ADULTO","INFECTOLOGIA","ACEITE DA UNIDADE EXECUTANTE ","HDT - TRATAMENTO CLÍNICO E/OU DOENÇAS INFECTOCONTAGIOSAS/DERMATOLÓGICAS. TUBERCULOSE, MENINGITE, HEPATITE, AIDS, TÉTANO, ACIDENTES OFÍDICOS, BIOLOGICO E  RÁBICO, HANSENÍASE, PÊNFIGO, VITILIGO, ARBOVIROSE, SRAG, EXPOSIÇÃO VERTICAL AO HIV, FEBRE TIFOIDE, BROQUIOLITE, COQUELUCHE, DIFTERIA, ESQUITOSSOMOSE, DOENÇAS EXANTEMATICAS FEBRIS, LEISHIMANIOSE, MENINGOENCEFALITE INFECCIOSA, MICOSES SISTEMICAS, PNEUMONIA COMPLICADA, RAIVA HUMANA, HIV, SINDROME ICTEROHEMORRAGICAS, TOXOPLASMOSE, INFECÇÕES DE PELES E PARTES MOLES, VARICELA COM COMPLICAÇÃO. ","","","","","","","","","","","","","","","","","","","","",""
"CENTRO SUDESTE","HDT - GOIÂNIA","MÉDIA E ALTA COMPLEXIDADE","URGÊNCIA E EMERGÊNCIA ","ENFERMARIA ADULTO","DERMATOLOGIA","ACEITE DA UNIDADE EXECUTANTE ","HDT - NÃO É AUTORIZADO ENCAMINHAMENTO DE URGENCIA, APENAS DIRECIONAR O PROTOCOLO E AGUARDAR ACEITE DE ACORDO COM A DISPONIBILIDADE DA UNIDADE. 

PERFIL: TRATAMENTO CLÍNICO E/OU DOENÇAS INFECTOCONTAGIOSAS/DERMATOLÓGICAS. TUBERCULOSE, MENINGITE, HEPATITE, AIDS, TÉTANO, ACIDENTES OFÍDICOS, BIOLOGICO E  RÁBICO, HANSENÍASE, PÊNFIGO, VITILIGO, ARBOVIROSE, SRAG, EXPOSIÇÃO VERTICAL AO HIV, FEBRE TIFOIDE, BROQUIOLITE, COQUELUCHE, DIFTERIA, ESQUITOSSOMOSE, DOENÇAS EXANTEMATICAS FEBRIS, LEISHIMANIOSE, MENINGOENCEFALITE INFECCIOSA, MICOSES SISTEMICAS, PNEUMONIA COMPLICADA, RAIVA HUMANA, HIV, SINDROME ICTEROHEMORRAGICAS, TOXOPLASMOSE, INFECÇÕES DE PELES E PARTES MOLES, VARICELA COM COMPLICAÇÃO. ","","","","","","","","","","","","","","","","","","","","",""
"CENTRO SUDOESTE","HDT - GOIÂNIA","MÉDIA E ALTA COMPLEXIDADE","URGÊNCIA E EMERGÊNCIA ","ENFERMARIA ADULTO","CLÍNICA MÉDICA","ACEITE DA UNIDADE EXECUTANTE","HDT - TRATAMENTO CLÍNICO E/OU DOENÇAS INFECTOCONTAGIOSAS/DERMATOLÓGICAS. TUBERCULOSE, MENINGITE, HEPATITE, AIDS, TÉTANO, ACIDENTES OFÍDICOS, BIOLOGICO E  RÁBICO, HANSENÍASE, PÊNFIGO, VITILIGO, ARBOVIROSE, SRAG, EXPOSIÇÃO VERTICAL AO HIV, FEBRE TIFOIDE, BROQUIOLITE, COQUELUCHE, DIFTERIA, ESQUITOSSOMOSE, DOENÇAS EXANTEMATICAS FEBRIS, LEISHIMANIOSE, MENINGOENCEFALITE INFECCIOSA, MICOSES SISTEMICAS, PNEUMONIA COMPLICADA, RAIVA HUMANA, HIV, SINDROME ICTEROHEMORRAGICAS, TOXOPLASMOSE, INFECÇÕES DE PELES E PARTES MOLES, VARICELA COM COMPLICAÇÃO. ","","","","","","","","","","","","","","","","","","","","",""
"CENTRO SUDOESTE","HDT - GOIÂNIA","MÉDIA E ALTA COMPLEXIDADE","URGÊNCIA E EMERGÊNCIA ","ENFERMARIA ADULTO","INFECTOLOGIA","ACEITE DA UNIDADE EXECUTANTE ","HDT - TRATAMENTO CLÍNICO E/OU DOENÇAS INFECTOCONTAGIOSAS/DERMATOLÓGICAS. TUBERCULOSE, MENINGITE, HEPATITE, AIDS, TÉTANO, ACIDENTES OFÍDICOS, BIOLOGICO E  RÁBICO, HANSENÍASE, PÊNFIGO, VITILIGO, ARBOVIROSE, SRAG, EXPOSIÇÃO VERTICAL AO HIV, FEBRE TIFOIDE, BROQUIOLITE, COQUELUCHE, DIFTERIA, ESQUITOSSOMOSE, DOENÇAS EXANTEMATICAS FEBRIS, LEISHIMANIOSE, MENINGOENCEFALITE INFECCIOSA, MICOSES SISTEMICAS, PNEUMONIA COMPLICADA, RAIVA HUMANA, HIV, SINDROME ICTEROHEMORRAGICAS, TOXOPLASMOSE, INFECÇÕES DE PELES E PARTES MOLES, VARICELA COM COMPLICAÇÃO. ","","","","","","","","","","","","","","","","","","","","",""
"CENTRO SUDOESTE","HDT - GOIÂNIA","MÉDIA E ALTA COMPLEXIDADE","URGÊNCIA E EMERGÊNCIA ","ENFERMARIA ADULTO","DERMATOLOGIA","ACEITE DA UNIDADE EXECUTANTE ","HDT - NÃO É AUTORIZADO ENCAMINHAMENTO DE URGENCIA, APENAS DIRECIONAR O PROTOCOLO E AGUARDAR ACEITE DE ACORDO COM A DISPONIBILIDADE DA UNIDADE. 

PERFIL: TRATAMENTO CLÍNICO E/OU DOENÇAS INFECTOCONTAGIOSAS/DERMATOLÓGICAS. TUBERCULOSE, MENINGITE, HEPATITE, AIDS, TÉTANO, ACIDENTES OFÍDICOS, BIOLOGICO E  RÁBICO, HANSENÍASE, PÊNFIGO, VITILIGO, ARBOVIROSE, SRAG, EXPOSIÇÃO VERTICAL AO HIV, FEBRE TIFOIDE, BROQUIOLITE, COQUELUCHE, DIFTERIA, ESQUITOSSOMOSE, DOENÇAS EXANTEMATICAS FEBRIS, LEISHIMANIOSE, MENINGOENCEFALITE INFECCIOSA, MICOSES SISTEMICAS, PNEUMONIA COMPLICADA, RAIVA HUMANA, HIV, SINDROME ICTEROHEMORRAGICAS, TOXOPLASMOSE, INFECÇÕES DE PELES E PARTES MOLES, VARICELA COM COMPLICAÇÃO. ","","","","","","","","","","","","","","","","","","","","",""
"NORDESTE","HDT - GOIÂNIA","MÉDIA E ALTA COMPLEXIDADE","URGÊNCIA E EMERGÊNCIA ","ENFERMARIA ADULTO","CLÍNICA MÉDICA","ACEITE DA UNIDADE EXECUTANTE","HDT - TRATAMENTO CLÍNICO E/OU DOENÇAS INFECTOCONTAGIOSAS/DERMATOLÓGICAS. TUBERCULOSE, MENINGITE, HEPATITE, AIDS, TÉTANO, ACIDENTES OFÍDICOS, BIOLOGICO E  RÁBICO, HANSENÍASE, PÊNFIGO, VITILIGO, ARBOVIROSE, SRAG, EXPOSIÇÃO VERTICAL AO HIV, FEBRE TIFOIDE, BROQUIOLITE, COQUELUCHE, DIFTERIA, ESQUITOSSOMOSE, DOENÇAS EXANTEMATICAS FEBRIS, LEISHIMANIOSE, MENINGOENCEFALITE INFECCIOSA, MICOSES SISTEMICAS, PNEUMONIA COMPLICADA, RAIVA HUMANA, HIV, SINDROME ICTEROHEMORRAGICAS, TOXOPLASMOSE, INFECÇÕES DE PELES E PARTES MOLES, VARICELA COM COMPLICAÇÃO. ","","","","","","","","","","","","","","","","","","","","",""
"NORDESTE","HDT - GOIÂNIA","MÉDIA E ALTA COMPLEXIDADE","URGÊNCIA E EMERGÊNCIA ","ENFERMARIA ADULTO","INFECTOLOGIA","ACEITE DA UNIDADE EXECUTANTE ","HDT - TRATAMENTO CLÍNICO E/OU DOENÇAS INFECTOCONTAGIOSAS/DERMATOLÓGICAS. TUBERCULOSE, MENINGITE, HEPATITE, AIDS, TÉTANO, ACIDENTES OFÍDICOS, BIOLOGICO E  RÁBICO, HANSENÍASE, PÊNFIGO, VITILIGO, ARBOVIROSE, SRAG, EXPOSIÇÃO VERTICAL AO HIV, FEBRE TIFOIDE, BROQUIOLITE, COQUELUCHE, DIFTERIA, ESQUITOSSOMOSE, DOENÇAS EXANTEMATICAS FEBRIS, LEISHIMANIOSE, MENINGOENCEFALITE INFECCIOSA, MICOSES SISTEMICAS, PNEUMONIA COMPLICADA, RAIVA HUMANA, HIV, SINDROME ICTEROHEMORRAGICAS, TOXOPLASMOSE, INFECÇÕES DE PELES E PARTES MOLES, VARICELA COM COMPLICAÇÃO. ","","","","","","","","","","","","","","","","","","","","",""
"NORDESTE","HDT - GOIÂNIA","MÉDIA E ALTA COMPLEXIDADE","URGÊNCIA E EMERGÊNCIA ","ENFERMARIA ADULTO","DERMATOLOGIA","ACEITE DA UNIDADE EXECUTANTE ","HDT - NÃO É AUTORIZADO ENCAMINHAMENTO DE URGENCIA, APENAS DIRECIONAR O PROTOCOLO E AGUARDAR ACEITE DE ACORDO COM A DISPONIBILIDADE DA UNIDADE. 

PERFIL: TRATAMENTO CLÍNICO E/OU DOENÇAS INFECTOCONTAGIOSAS/DERMATOLÓGICAS. TUBERCULOSE, MENINGITE, HEPATITE, AIDS, TÉTANO, ACIDENTES OFÍDICOS, BIOLOGICO E  RÁBICO, HANSENÍASE, PÊNFIGO, VITILIGO, ARBOVIROSE, SRAG, EXPOSIÇÃO VERTICAL AO HIV, FEBRE TIFOIDE, BROQUIOLITE, COQUELUCHE, DIFTERIA, ESQUITOSSOMOSE, DOENÇAS EXANTEMATICAS FEBRIS, LEISHIMANIOSE, MENINGOENCEFALITE INFECCIOSA, MICOSES SISTEMICAS, PNEUMONIA COMPLICADA, RAIVA HUMANA, HIV, SINDROME ICTEROHEMORRAGICAS, TOXOPLASMOSE, INFECÇÕES DE PELES E PARTES MOLES, VARICELA COM COMPLICAÇÃO. ","","","","","","","","","","","","","","","","","","","","",""
"CENTRO OESTE","HDT - GOIÂNIA","MÉDIA E ALTA COMPLEXIDADE","URGÊNCIA E EMERGÊNCIA ","ENFERMARIA ADULTO","DERMATOLOGIA","INTERNAÇÃO PRÓPRIA (COTA DIRETA)","HDT - PACIENTES ATENDIDOS PELA URGÊNCIA/EMERGÊNCIA E EGRESSOS DE CIRURGIA ELETIVA OU AMBULATÓRIO.","","","","","","","","","","","","","","","","","","","","",""
"CENTRO OESTE","HDT - GOIÂNIA","MÉDIA E ALTA COMPLEXIDADE","URGÊNCIA E EMERGÊNCIA ","ENFERMARIA PEDIATRICA","PEDIATRIA","INTERNAÇÃO PRÓPRIA (COTA DIRETA)","HDT - PACIENTES ATENDIDOS PELA URGÊNCIA/EMERGÊNCIA E EGRESSOS DE CIRURGIA ELETIVA OU AMBULATÓRIO.","","","","","","","","","","","","","","","","","","","","",""
"CENTRO OESTE","HDT - GOIÂNIA","MÉDIA E ALTA COMPLEXIDADE","URGÊNCIA E EMERGÊNCIA ","UTI ADULTO","CLÍNICA MÉDICA","INTERNAÇÃO PRÓPRIA (COTA DIRETA)","HDT - PACIENTES ATENDIDOS PELA URGÊNCIA/EMERGÊNCIA E EGRESSOS DE CIRURGIA ELETIVA OU AMBULATÓRIO.","","","","","","","","","","","","","","","","","","","","",""
"CENTRO OESTE","HDT - GOIÂNIA","MÉDIA E ALTA COMPLEXIDADE","URGÊNCIA E EMERGÊNCIA ","UTI PEDIATRICA","PEDIATRIA","ACEITE DA UNIDADE EXECUTANTE","HDT - TRATAMENTO CLÍNICO E/OU DOENÇAS INFECTOCONTAGIOSAS/DERMATOLÓGICAS. TUBERCULOSE, MENINGITE, HEPATITE, AIDS, TÉTANO, ACIDENTES OFÍDICOS, BIOLOGICO E  RÁBICO, HANSENÍASE, PÊNFIGO, VITILIGO, ARBOVIROSE, SRAG, EXPOSIÇÃO VERTICAL AO HIV, FEBRE TIFOIDE, BROQUIOLITE, COQUELUCHE, DIFTERIA, ESQUITOSSOMOSE, DOENÇAS EXANTEMATICAS FEBRIS, LEISHIMANIOSE, MENINGOENCEFALITE INFECCIOSA, MICOSES SISTEMICAS, PNEUMONIA COMPLICADA, RAIVA HUMANA, HIV, SINDROME ICTEROHEMORRAGICAS, TOXOPLASMOSE, INFECÇÕES DE PELES E PARTES MOLES, VARICELA COM COMPLICAÇÃO. ","","","","","","","","","","","","","","","","","","","","",""
"CENTRO NORTE","HDT - GOIÂNIA","MÉDIA E ALTA COMPLEXIDADE","URGÊNCIA E EMERGÊNCIA ","UTI PEDIATRICA","PEDIATRIA","ACEITE DA UNIDADE EXECUTANTE","HDT - TRATAMENTO CLÍNICO E/OU DOENÇAS INFECTOCONTAGIOSAS/DERMATOLÓGICAS. TUBERCULOSE, MENINGITE, HEPATITE, AIDS, TÉTANO, ACIDENTES OFÍDICOS, BIOLOGICO E  RÁBICO, HANSENÍASE, PÊNFIGO, VITILIGO, ARBOVIROSE, SRAG, EXPOSIÇÃO VERTICAL AO HIV, FEBRE TIFOIDE, BROQUIOLITE, COQUELUCHE, DIFTERIA, ESQUITOSSOMOSE, DOENÇAS EXANTEMATICAS FEBRIS, LEISHIMANIOSE, MENINGOENCEFALITE INFECCIOSA, MICOSES SISTEMICAS, PNEUMONIA COMPLICADA, RAIVA HUMANA, HIV, SINDROME ICTEROHEMORRAGICAS, TOXOPLASMOSE, INFECÇÕES DE PELES E PARTES MOLES, VARICELA COM COMPLICAÇÃO. ","","","","","","","","","","","","","","","","","","","","",""
"CENTRO SUDESTE","HDT - GOIÂNIA","MÉDIA E ALTA COMPLEXIDADE","URGÊNCIA E EMERGÊNCIA ","UTI PEDIATRICA","PEDIATRIA","ACEITE DA UNIDADE EXECUTANTE","HDT - TRATAMENTO CLÍNICO E/OU DOENÇAS INFECTOCONTAGIOSAS/DERMATOLÓGICAS. TUBERCULOSE, MENINGITE, HEPATITE, AIDS, TÉTANO, ACIDENTES OFÍDICOS, BIOLOGICO E  RÁBICO, HANSENÍASE, PÊNFIGO, VITILIGO, ARBOVIROSE, SRAG, EXPOSIÇÃO VERTICAL AO HIV, FEBRE TIFOIDE, BROQUIOLITE, COQUELUCHE, DIFTERIA, ESQUITOSSOMOSE, DOENÇAS EXANTEMATICAS FEBRIS, LEISHIMANIOSE, MENINGOENCEFALITE INFECCIOSA, MICOSES SISTEMICAS, PNEUMONIA COMPLICADA, RAIVA HUMANA, HIV, SINDROME ICTEROHEMORRAGICAS, TOXOPLASMOSE, INFECÇÕES DE PELES E PARTES MOLES, VARICELA COM COMPLICAÇÃO. ","","","","","","","","","","","","","","","","","","","","",""
"CENTRO SUDOESTE","HDT - GOIÂNIA","MÉDIA E ALTA COMPLEXIDADE","URGÊNCIA E EMERGÊNCIA ","UTI PEDIATRICA","PEDIATRIA","ACEITE DA UNIDADE EXECUTANTE","HDT - TRATAMENTO CLÍNICO E/OU DOENÇAS INFECTOCONTAGIOSAS/DERMATOLÓGICAS. TUBERCULOSE, MENINGITE, HEPATITE, AIDS, TÉTANO, ACIDENTES OFÍDICOS, BIOLOGICO E  RÁBICO, HANSENÍASE, PÊNFIGO, VITILIGO, ARBOVIROSE, SRAG, EXPOSIÇÃO VERTICAL AO HIV, FEBRE TIFOIDE, BROQUIOLITE, COQUELUCHE, DIFTERIA, ESQUITOSSOMOSE, DOENÇAS EXANTEMATICAS FEBRIS, LEISHIMANIOSE, MENINGOENCEFALITE INFECCIOSA, MICOSES SISTEMICAS, PNEUMONIA COMPLICADA, RAIVA HUMANA, HIV, SINDROME ICTEROHEMORRAGICAS, TOXOPLASMOSE, INFECÇÕES DE PELES E PARTES MOLES, VARICELA COM COMPLICAÇÃO. ","","","","","","","","","","","","","","","","","","","","",""
"NORDESTE","HDT - GOIÂNIA","MÉDIA E ALTA COMPLEXIDADE","URGÊNCIA E EMERGÊNCIA ","UTI PEDIATRICA","PEDIATRIA","ACEITE DA UNIDADE EXECUTANTE","HDT - TRATAMENTO CLÍNICO E/OU DOENÇAS INFECTOCONTAGIOSAS/DERMATOLÓGICAS. TUBERCULOSE, MENINGITE, HEPATITE, AIDS, TÉTANO, ACIDENTES OFÍDICOS, BIOLOGICO E  RÁBICO, HANSENÍASE, PÊNFIGO, VITILIGO, ARBOVIROSE, SRAG, EXPOSIÇÃO VERTICAL AO HIV, FEBRE TIFOIDE, BROQUIOLITE, COQUELUCHE, DIFTERIA, ESQUITOSSOMOSE, DOENÇAS EXANTEMATICAS FEBRIS, LEISHIMANIOSE, MENINGOENCEFALITE INFECCIOSA, MICOSES SISTEMICAS, PNEUMONIA COMPLICADA, RAIVA HUMANA, HIV, SINDROME ICTEROHEMORRAGICAS, TOXOPLASMOSE, INFECÇÕES DE PELES E PARTES MOLES, VARICELA COM COMPLICAÇÃO. ","","","","","","","","","","","","","","","","","","","","",""
"CENTRO OESTE","HDT - GOIÂNIA","MÉDIA E ALTA COMPLEXIDADE","URGÊNCIA E EMERGÊNCIA ","UTI ADULTO","INFECTOLOGIA","INTERNAÇÃO PRÓPRIA (COTA DIRETA)","HDT - PACIENTES ATENDIDOS PELA URGÊNCIA/EMERGÊNCIA E EGRESSOS DE CIRURGIA ELETIVA OU AMBULATÓRIO.","","","","","","","","","","","","","","","","","","","","",""
"CENTRO OESTE","HDT - GOIÂNIA","MÉDIA E ALTA COMPLEXIDADE","URGÊNCIA E EMERGÊNCIA ","UTI ADULTO","DERMATOLOGIA","INTERNAÇÃO PRÓPRIA (COTA DIRETA)","HDT - PACIENTES ATENDIDOS PELA URGÊNCIA/EMERGÊNCIA E EGRESSOS DE CIRURGIA ELETIVA OU AMBULATÓRIO.","","","","","","","","","","","","","","","","","","","","",""
"CENTRO OESTE","HDT - GOIÂNIA","MÉDIA E ALTA COMPLEXIDADE","URGÊNCIA E EMERGÊNCIA ","UTI PEDIATRICA","PEDIATRIA","INTERNAÇÃO PRÓPRIA (COTA DIRETA)","HDT - PACIENTES ATENDIDOS PELA URGÊNCIA/EMERGÊNCIA E EGRESSOS DE CIRURGIA ELETIVA OU AMBULATÓRIO.","","","","","","","","","","","","","","","","","","","","",""
"NORDESTE","HEAL - ÁGUAS LINDAS","MÉDIA COMPLEXIDADE","URGÊNCIA E EMERGÊNCIA ","ENFERMARIA ADULTO","CLÍNICA MÉDICA","REGULAÇÃO PARA O LEITO","HEAL: INTERNAÇÕES CLÍNICAS. ","","","","","","","","","","","","","","","","","","","","",""
"NORDESTE","HEAL - ÁGUAS LINDAS","MÉDIA COMPLEXIDADE","URGÊNCIA E EMERGÊNCIA ","ENFERMARIA ADULTO","CIRURGIA GERAL ","REGULAÇÃO PARA O LEITO","HEAL: ENCAMINHAMENTO DE URGÊNCIA P/ AVALIAÇÃO NO PS, APENAS PARA CIRUGIA GERAL, demais autorizações devem ser realizadas mediante leito reservado; 

PERFIL: CIRURGIA GERAL DE BAIXA E MEDIA COMPLEXIDADE QUE NÃO EXIJA SUPORTE ENDOSCOPICOS. 
NÃO É PERFIL: TRAUMA, TORÁCICA E CIRÚRGIA ONCOLOGICA. ","","","","","","","","","","","","","","","","","","","","",""
"NORDESTE","HEAL - ÁGUAS LINDAS","MÉDIA COMPLEXIDADE","URGÊNCIA E EMERGÊNCIA ","UTI ADULTO","CIRURGIA GERAL ","REGULAÇÃO PARA O LEITO","HEAL: ENCAMINHAMENTO DE URGÊNCIA P/ AVALIAÇÃO NO PS, APENAS PARA CIRUGIA GERAL, demais autorizações devem ser realizadas mediante leito reservado; 

PERFIL: CIRURGIA GERAL DE BAIXA E MEDIA COMPLEXIDADE QUE NÃO EXIJA SUPORTE ENDOSCOPICOS. 
NÃO É PERFIL: TRAUMA, TORÁCICA E CIRÚRGIA ONCOLOGICA. ","","","","","","","","","","","","","","","","","","","","",""
"NORDESTE","HEAL - ÁGUAS LINDAS","MÉDIA COMPLEXIDADE","URGÊNCIA E EMERGÊNCIA ","PRONTO SOCORRO","CIRURGIA GERAL ","ENCAMINHAMENTO DE URGÊNCIA ","HEAL: ENCAMINHAMENTO DE URGÊNCIA PARA AVALIAÇÃO NO PRONTO-SOCORRO. 

PERFIL: CIRURGIA GERAL DE BAIXA E MEDIA COMPLEXIDADE, TAIS COMO: ABDOME AGUDO, HÉRNIAS ENCARCERADAS OU ESTRANGULADAS, INFECÇÕES DE PARTES MOLES (ABSCESSOS, CELULITE EXTENSAS, FASCIÍTE NECROSANTE), COMPLICAÇÕES CIRÚRGICAS PÓS-OPERATÓRIAS IMEDIATAS.

NÃO É PERFIL: POLITRAUMAS GRAVES, CIRUGIAS HEPATOBILIARES, PANCREÁTICAS, TORACICAS E VASCULARES DE GRANDE PORTE (EX.: ANEURISMA DE AORTA) E NEUROCIRURGIA.","","","","","","","","","","","","","","","","","","","","",""
"NORDESTE","HEAL - ÁGUAS LINDAS","MÉDIA COMPLEXIDADE","URGÊNCIA E EMERGÊNCIA ","ENFERMARIA ADULTO","CIRURGIA GERAL ","INTERNAÇÃO PRÓPRIA (COTA DIRETA)","HEAL: PACIENTES ATENDIDOS PELA URGÊNCIA/EMERGÊNCIA E EGRESSOS DE CIRURGIA ELETIVA OU AMBULATÓRIO.","","","","","","","","","","","","","","","","","","","","",""
"NORDESTE","HEAL - ÁGUAS LINDAS","MÉDIA COMPLEXIDADE","URGÊNCIA E EMERGÊNCIA ","UTI ADULTO","CIRURGIA GERAL ","INTERNAÇÃO PRÓPRIA (COTA DIRETA)","HEAL: PACIENTES ATENDIDOS PELA URGÊNCIA/EMERGÊNCIA E EGRESSOS DE CIRURGIA ELETIVA OU AMBULATÓRIO.","","","","","","","","","","","","","","","","","","","","",""
"NORDESTE","HEAL - ÁGUAS LINDAS","MÉDIA COMPLEXIDADE","URGÊNCIA E EMERGÊNCIA ","ENFERMARIA PEDIATRICA","PEDIATRIA","REGULAÇÃO PARA O LEITO","HEAL: INTERNAÇÕES CLÍNICAS, UNIDADE NÃO TEM PS PEDIÁTRICO (CIPE: APENAS ELETIVA) ","","","","","","","","","","","","","","","","","","","","",""
"NORDESTE","HEAL - ÁGUAS LINDAS","MÉDIA COMPLEXIDADE","URGÊNCIA E EMERGÊNCIA ","ENFERMARIA PEDIATRICA","PEDIATRIA","INTERNAÇÃO PRÓPRIA (COTA DIRETA) ","HEAL: PACIENTES ATENDIDOS PELA URGÊNCIA/EMERGÊNCIA E EGRESSOS DE CIRURGIA ELETIVA OU AMBULATÓRIO.","","","","","","","","","","","","","","","","","","","","",""
"NORDESTE","HEAL - ÁGUAS LINDAS","MÉDIA COMPLEXIDADE","URGÊNCIA E EMERGÊNCIA ","ENFERMARIA ADULTO","OBSTETRÍCIA ","REGULAÇÃO PARA O LEITO","HEAL: OBSTETRICIA ALTO RISCO ","","","","","","","","","","","","","","","","","","","","",""
"NORDESTE","HEAL - ÁGUAS LINDAS","MÉDIA COMPLEXIDADE","URGÊNCIA E EMERGÊNCIA ","ENFERMARIA ADULTO","OBSTETRÍCIA ","INTERNAÇÃO PRÓPRIA (COTA DIRETA) ","HEAL: PACIENTES ATENDIDOS PELA URGÊNCIA/EMERGÊNCIA E EGRESSOS DE CIRURGIA ELETIVA OU AMBULATÓRIO.","","","","","","","","","","","","","","","","","","","","",""
"NORDESTE","HEAL - ÁGUAS LINDAS","MÉDIA COMPLEXIDADE","URGÊNCIA E EMERGÊNCIA ","PRONTO SOCORRO","OBSTETRÍCIA ","ENCAMINHAMENTO DE URGÊNCIA ","HEAL: PACIENTES ATENDIDOS PELA URGÊNCIA/EMERGÊNCIA E EGRESSOS DE CIRURGIA ELETIVA OU AMBULATÓRIO.","","","","","","","","","","","","","","","","","","","","",""
"NORDESTE","HEAL - ÁGUAS LINDAS","MÉDIA COMPLEXIDADE","URGÊNCIA E EMERGÊNCIA ","UCIN","NEONATOLOGIA ","REGULAÇÃO PARA O LEITO","HEAL: INTERNAÇÕES CLÍNICAS. UNIDADE DISPÕE DE UCIN CONVENCIONAL E CANGURU ","","","","","","","","","","","","","","","","","","","","",""
"NORDESTE","HEAL - ÁGUAS LINDAS","MÉDIA COMPLEXIDADE","URGÊNCIA E EMERGÊNCIA ","UCIN","NEONATOLOGIA ","INTERNAÇÃO PRÓPRIA (COTA DIRETA)","HEAL: PACIENTES ATENDIDOS PELA URGÊNCIA/EMERGÊNCIA E EGRESSOS DE CIRURGIA ELETIVA OU AMBULATÓRIO.","","","","","","","","","","","","","","","","","","","","",""
"NORDESTE","HEAL - ÁGUAS LINDAS","MÉDIA COMPLEXIDADE","URGÊNCIA E EMERGÊNCIA ","ENFERMARIA ADULTO","CLÍNICA MÉDICA","INTERNAÇÃO PRÓPRIA (COTA DIRETA)","HEAL: PACIENTES ATENDIDOS PELA URGÊNCIA/EMERGÊNCIA E EGRESSOS DE CIRURGIA ELETIVA OU AMBULATÓRIO.","","","","","","","","","","","","","","","","","","","","",""
"NORDESTE","HEAL - ÁGUAS LINDAS","MÉDIA COMPLEXIDADE","URGÊNCIA E EMERGÊNCIA ","UTI ADULTO","CLÍNICA MÉDICA","REGULAÇÃO PARA O LEITO","HEAL: INTERNAÇÕES CLÍNICAS","","","","","","","","","","","","","","","","","","","","",""
"NORDESTE","HEAL - ÁGUAS LINDAS","MÉDIA COMPLEXIDADE","URGÊNCIA E EMERGÊNCIA ","UTI ADULTO","CLÍNICA MÉDICA","INTERNAÇÃO PRÓPRIA (COTA DIRETA)","HEAL: PACIENTES ATENDIDOS PELA URGÊNCIA/EMERGÊNCIA E EGRESSOS DE CIRURGIA ELETIVA OU AMBULATÓRIO.","","","","","","","","","","","","","","","","","","","","",""
"NORDESTE","HEAL - ÁGUAS LINDAS","MÉDIA COMPLEXIDADE","URGÊNCIA E EMERGÊNCIA ","UTI NEONATAL","NEONATOLOGIA","REGULAÇÃO PARA O LEITO","HEAL: RN GRAVE ( 0 A 28 DIAS) PERFIL: RECÉM-NASCIDOS (0 A 28 DIAS) COM PREMATURIDADE, BAIXO PESO, DESCONFORTO RESPIRATÓRIO, SEPSE, INFECÇÕES CONGÊNITAS, DISTÚRBIOS METABÓLICOS, CONVULSÕES, ICTERÍCIA NEO NATAL GRAVE, INSTABILIDADE HEMODINÂMICA E NECESSIDADE DE SUPORTE NUTRICIONAL OU VENTILATÓRIO.
NÃO PERFIL: CUIDADOS PALIATIVOS EXCLUSIVOS, NECESSIDADE DE CIRURGIAS OU ESPECIALIDADES NÃO DISPONÍVEIS, MALFORMAÇÕES CIRÚRGICAS, ECOCARDIOGRAMA PEDIÁTRICO DE URGÊNCIA E PACIENTES ESTÁVEIS PASSÍVEIS DE ACOMPANHAMENTO EM ALOJAMENTO CONJUNTO OU UNIDADES INTERMEDIÁRIAS.","","","","","","","","","","","","","","","","","","","","",""
"NORDESTE","HEAL - ÁGUAS LINDAS","MÉDIA COMPLEXIDADE","URGÊNCIA E EMERGÊNCIA ","UTI NEONATAL","NEONATOLOGIA","ENCAMINHAMENTO DE URGÊNCIA ","HEAL: RN GRAVE ( 0 A 28 DIAS) PERFIL: RECÉM-NASCIDOS (0 A 28 DIAS) COM PREMATURIDADE, BAIXO PESO, DESCONFORTO RESPIRATÓRIO, SEPSE, INFECÇÕES CONGÊNITAS, DISTÚRBIOS METABÓLICOS, CONVULSÕES, ICTERÍCIA NEO NATAL GRAVE, INSTABILIDADE HEMODINÂMICA E NECESSIDADE DE SUPORTE NUTRICIONAL OU VENTILATÓRIO.
NÃO PERFIL: CUIDADOS PALIATIVOS EXCLUSIVOS, NECESSIDADE DE CIRURGIAS OU ESPECIALIDADES NÃO DISPONÍVEIS, MALFORMAÇÕES CIRÚRGICAS, ECOCARDIOGRAMA PEDIÁTRICO DE URGÊNCIA E PACIENTES ESTÁVEIS PASSÍVEIS DE ACOMPANHAMENTO EM ALOJAMENTO CONJUNTO OU UNIDADES INTERMEDIÁRIAS.","","","","","","","","","","","","","","","","","","","","",""
"NORDESTE","HEAL - ÁGUAS LINDAS","MÉDIA COMPLEXIDADE","URGÊNCIA E EMERGÊNCIA ","UTI NEONATAL","NEONATOLOGIA","INTERNAÇÃO PRÓPRIA (COTA DIRETA) ","HEAL: PACIENTES ATENDIDOS PELA URGÊNCIA/EMERGÊNCIA E EGRESSOS DE CIRURGIA ELETIVA OU AMBULATÓRIO.","","","","","","","","","","","","","","","","","","","","",""
"NORDESTE","HEAL - ÁGUAS LINDAS","MÉDIA COMPLEXIDADE","URGÊNCIA E EMERGÊNCIA ","UTI PEDIATRICA","PEDIATRIA","INTERNAÇÃO PRÓPRIA (COTA DIRETA) ","HEAL: PACIENTES ATENDIDOS PELA URGÊNCIA/EMERGÊNCIA E EGRESSOS DE CIRURGIA ELETIVA OU AMBULATÓRIO.","","","","","","","","","","","","","","","","","","","","",""
"NORDESTE","HEAL - ÁGUAS LINDAS","MÉDIA COMPLEXIDADE","URGÊNCIA E EMERGÊNCIA ","UTI PEDIATRICA","PEDIATRIA","REGULAÇÃO PARA O LEITO","HEAL: INTERNAÇÕES CLÍNICAS, UNIDADE NÃO TEM PS PEDIÁTRICO (CIPE: APENAS ELETIVA) ","","","","","","","","","","","","","","","","","","","","",""
"CENTRO NORTE","HEANA - ANÁPOLIS","MÉDIA E ALTA COMPLEXIDADE","URGÊNCIA E EMERGÊNCIA ","PRONTO SOCORRO","CLÍNICA MÉDICA","ENCAMINHAMENTO DE URGÊNCIA ","HEANA - CONDIÇÕES CLÍNICAS AGUDAS OU DESCOMPENSAÇÃO DE DOENÇAS CRÔNICAS, DISTÚRBIOS HIDROELETROLÍTICOS E OUTRAS INTERCORRÊNCIAS CLÍNICAS QUE NÃO TENHAM INDICAÇÃO PRIMÁRIA CIRÚRGICA OU TRAUMÁTICA.

NÃO É PERFIL: IAM, ANGINA INSTÁVEL, BAVT (HEMODINÂMICA). HIPERTENSÃO PULMONAR","","","","","","","","","","","","","","","","","","","","",""
"CENTRO NORTE","HEANA - ANÁPOLIS","MÉDIA E ALTA COMPLEXIDADE","URGÊNCIA E EMERGÊNCIA ","PRONTO SOCORRO","ORTOPEDIA E TRAUMATOLOGIA","ENCAMINHAMENTO DE URGÊNCIA ","HEANA:  TODAS AS FRATURAS E LESÕES INCLUINDO EXPOSTA, POLITRAUMA
NÃO É PERFIL: COLUNA","","","","","","","","","","","","","","","","","","","","",""
"CENTRO NORTE","HEANA - ANÁPOLIS","MÉDIA E ALTA COMPLEXIDADE","URGÊNCIA E EMERGÊNCIA ","PRONTO SOCORRO","NEUROLOGIA","ENCAMINHAMENTO DE URGÊNCIA ","HEANA: CRISE CONVULSIVA REENTRANTE; AVC ISQUÊMICO AGUDO PARA USO DE TROMBOLÍTICO;

NÃO É PERFIL: GUILLAIN-BARRÉ, MIASTENIA, ELA, POLINEUROPATIA E ESCLEROSE MÚLTIPLA","","","","","","","","","","","","","","","","","","","","",""
"CENTRO NORTE","HEANA - ANÁPOLIS","MÉDIA E ALTA COMPLEXIDADE","URGÊNCIA E EMERGÊNCIA ","PRONTO SOCORRO","NEUROCIRURGIA","ENCAMINHAMENTO DE URGÊNCIA ","HEANA: TCE, AVCH, CRANIOTOMIA, DERIVAÇÃO RAQUE-PERITONEAL, ABSCESSO INTRACRANIANO, HEMATOMA SUBDURAL.

NÃO É PERFIL: TUMORES DO SNC, MAV, CONDIÇOES CIRÚRGICAS QUE NECESSITEM DE ABORDAGEM ENDOVASCULAR.","","","","","","","","","","","","","","","","","","","","",""
"NORDESTE","HEANA - ANÁPOLIS","MÉDIA E ALTA COMPLEXIDADE","URGÊNCIA E EMERGÊNCIA ","PRONTO SOCORRO","CLÍNICA MÉDICA","ENCAMINHAMENTO DE URGÊNCIA ","HEANA - CONDIÇÕES CLÍNICAS AGUDAS OU DESCOMPENSAÇÃO DE DOENÇAS CRÔNICAS, DISTÚRBIOS HIDROELETROLÍTICOS E OUTRAS INTERCORRÊNCIAS CLÍNICAS QUE NÃO TENHAM INDICAÇÃO PRIMÁRIA CIRÚRGICA OU TRAUMÁTICA.

NÃO É PERFIL: IAM, ANGINA INSTÁVEL, BAVT (HEMODINÂMICA). HIPERTENSÃO PULMONAR","","","","","","","","","","","","","","","","","","","","",""
"NORDESTE","HEANA - ANÁPOLIS","MÉDIA E ALTA COMPLEXIDADE","URGÊNCIA E EMERGÊNCIA ","PRONTO SOCORRO","ORTOPEDIA E TRAUMATOLOGIA","ENCAMINHAMENTO DE URGÊNCIA ","HEANA:  TODAS AS FRATURAS E LESÕES INCLUINDO EXPOSTA, POLITRAUMA
NÃO É PERFIL: COLUNA","","","","","","","","","","","","","","","","","","","","",""
"NORDESTE","HEANA - ANÁPOLIS","MÉDIA E ALTA COMPLEXIDADE","URGÊNCIA E EMERGÊNCIA ","PRONTO SOCORRO","NEUROLOGIA","ENCAMINHAMENTO DE URGÊNCIA ","HEANA: CRISE CONVULSIVA REENTRANTE; AVC ISQUÊMICO AGUDO PARA USO DE TROMBOLÍTICO;

NÃO É PERFIL: GUILLAIN-BARRÉ, MIASTENIA, ELA, POLINEUROPATIA E ESCLEROSE MÚLTIPLA","","","","","","","","","","","","","","","","","","","","",""
"NORDESTE","HEANA - ANÁPOLIS","MÉDIA E ALTA COMPLEXIDADE","URGÊNCIA E EMERGÊNCIA ","PRONTO SOCORRO","NEUROCIRURGIA","ENCAMINHAMENTO DE URGÊNCIA ","HEANA: TCE, AVCH, CRANIOTOMIA, DERIVAÇÃO RAQUE-PERITONEAL, ABSCESSO INTRACRANIANO, HEMATOMA SUBDURAL.

NÃO É PERFIL: TUMORES DO SNC, MAV, CONDIÇOES CIRÚRGICAS QUE NECESSITEM DE ABORDAGEM ENDOVASCULAR.","","","","","","","","","","","","","","","","","","","","",""
"CENTRO NORTE","HEANA - ANÁPOLIS","MÉDIA E ALTA COMPLEXIDADE","URGÊNCIA E EMERGÊNCIA ","PRONTO SOCORRO","CIRURGIA BUCOMAXILOFACIAL","ENCAMINHAMENTO DE URGÊNCIA ","HEANA: TRAUMAS DE FACE, FRATURAS DOS OSSOS FACIAIS, LESÕES E LACERAÇÕES DE TECIDOS MOLES DA BOCA E FACE EM GERAL, TAMPONAMENTO NASAL ANTERIOR E/OU POSTERIOR; EXCISÃO E SUTURA DE LESÃO NA BOCA; DRENAGEM DE ABSCESSO DA BOCA E ANEXOS APENAS DE ORIGEM ODONTOGÊNICA, ENTRE OUTROS.

NÃO É PERFIL: ABSCESSOS RETROFARINGEOS, ABSCESSO PERITONSILAR.","","","","","","","","","","","","","","","","","","","","",""
"NORDESTE","HEANA - ANÁPOLIS","MÉDIA E ALTA COMPLEXIDADE","URGÊNCIA E EMERGÊNCIA ","PRONTO SOCORRO","CIRURGIA BUCOMAXILOFACIAL","ENCAMINHAMENTO DE URGÊNCIA ","HEANA: TRAUMAS DE FACE, FRATURAS DOS OSSOS FACIAIS, LESÕES E LACERAÇÕES DE TECIDOS MOLES DA BOCA E FACE EM GERAL, TAMPONAMENTO NASAL ANTERIOR E/OU POSTERIOR; EXCISÃO E SUTURA DE LESÃO NA BOCA; DRENAGEM DE ABSCESSO DA BOCA E ANEXOS APENAS DE ORIGEM ODONTOGÊNICA, ENTRE OUTROS.

NÃO É PERFIL: ABSCESSOS RETROFARINGEOS, ABSCESSO PERITONSILAR.","","","","","","","","","","","","","","","","","","","","",""
"CENTRO NORTE","HEANA - ANÁPOLIS","MÉDIA E ALTA COMPLEXIDADE","URGÊNCIA E EMERGÊNCIA ","PRONTO SOCORRO","CIRURGIA VASCULAR/ANGIO","ENCAMINHAMENTO DE URGÊNCIA ","HEANA – EMBOLECTOMIA ARTERIAL; FASCIOTOMIA P/ DESCOMPRESSÃO; TRATAMENTO CIRÚRGICO DE LESÕES VASCULARES TRAUMÁTICAS DO ABDÔMEN E MMII/MMSS; PÉ DIABÉTICO.

NÃO É PERFIL: DOENÇA VASCULAR QUE NECESSITE DE TRATAMENTO ENDOVASCULAR (EMBOLECTOMIA, ARTERIOGRAFIA E ANGIOPLASTIA).

UNIDADE NÃO DISPÕE DE HEMODINÂMICA.","","","","","","","","","","","","","","","","","","","","",""
"CENTRO NORTE","HEANA - ANÁPOLIS","MÉDIA E ALTA COMPLEXIDADE","URGÊNCIA E EMERGÊNCIA ","PRONTO SOCORRO","CIRURGIA GERAL","ENCAMINHAMENTO DE URGÊNCIA ","HEANA: FAB, FAF, ABDOME AGUDO, ENTRE OUTROS.

CPRE ÀS TERÇAS-FEIRAS, 10 COTAS MENSAIS, EM MÉDIA 2 POR SEMANA.

NÃO É PERFIL: HEMORRAGIA DIGESTIVA MACIÇA, CORPO ESTRANHO QUE PRECISE DE ENDOSCOPIA OU BRONCOSCOPIA PARA REMOÇÃO.","","","","","","","","","","","","","","","","","","","","",""
"NORDESTE","HEANA - ANÁPOLIS","MÉDIA E ALTA COMPLEXIDADE","URGÊNCIA E EMERGÊNCIA ","PRONTO SOCORRO","CIRURGIA VASCULAR/ANGIO","ENCAMINHAMENTO DE URGÊNCIA ","HEANA – EMBOLECTOMIA ARTERIAL; FASCIOTOMIA P/ DESCOMPRESSÃO; TRATAMENTO CIRÚRGICO DE LESÕES VASCULARES TRAUMÁTICAS DO ABDÔMEN E MMII/MMSS; PÉ DIABÉTICO.

NÃO É PERFIL: DOENÇA VASCULAR QUE NECESSITE DE TRATAMENTO ENDOVASCULAR (EMBOLECTOMIA, ARTERIOGRAFIA E ANGIOPLASTIA).

UNIDADE NÃO DISPÕE DE HEMODINÂMICA.","","","","","","","","","","","","","","","","","","","","",""
"NORDESTE","HEANA - ANÁPOLIS","MÉDIA E ALTA COMPLEXIDADE","URGÊNCIA E EMERGÊNCIA ","PRONTO SOCORRO","CIRURGIA GERAL","ENCAMINHAMENTO DE URGÊNCIA ","HEANA: FAB, FAF, ABDOME AGUDO, ENTRE OUTROS.

CPRE ÀS TERÇAS-FEIRAS, 10 COTAS MENSAIS, EM MÉDIA 2 POR SEMANA.

NÃO É PERFIL: HEMORRAGIA DIGESTIVA MACIÇA, CORPO ESTRANHO QUE PRECISE DE ENDOSCOPIA OU BRONCOSCOPIA PARA REMOÇÃO.","","","","","","","","","","","","","","","","","","","","",""
"CENTRO NORTE","HEANA - ANÁPOLIS","MÉDIA E ALTA COMPLEXIDADE","URGÊNCIA E EMERGÊNCIA ","UTI ADULTO","CIRURGIA VASCULAR/ANGIO","INTERNAÇÃO PRÓPRIA (COTA DIRETA)","HEANA: PACIENTES ATENDIDOS PELA URGÊNCIA/EMERGÊNCIA E EGRESSOS DE CIRURGIA ELETIVA OU AMBULATÓRIO.","","","","","","","","","","","","","","","","","","","","",""
"CENTRO NORTE","HEANA - ANÁPOLIS","MÉDIA E ALTA COMPLEXIDADE","URGÊNCIA E EMERGÊNCIA ","UTI ADULTO","CLÍNICA MÉDICA","INTERNAÇÃO PRÓPRIA (COTA DIRETA)","HEANA: PACIENTES ATENDIDOS PELA URGÊNCIA/EMERGÊNCIA E EGRESSOS DE CIRURGIA ELETIVA OU AMBULATÓRIO.","","","","","","","","","","","","","","","","","","","","",""
"CENTRO NORTE","HEANA - ANÁPOLIS","MÉDIA E ALTA COMPLEXIDADE","URGÊNCIA E EMERGÊNCIA ","UTI ADULTO","CIRURGIA GERAL","INTERNAÇÃO PRÓPRIA (COTA DIRETA)","HEANA: PACIENTES ATENDIDOS PELA URGÊNCIA/EMERGÊNCIA E EGRESSOS DE CIRURGIA ELETIVA OU AMBULATÓRIO.","","","","","","","","","","","","","","","","","","","","",""
"CENTRO NORTE","HEANA - ANÁPOLIS","MÉDIA E ALTA COMPLEXIDADE","URGÊNCIA E EMERGÊNCIA ","UTI ADULTO","ORTOPEDIA E TRAUMATOLOGIA","INTERNAÇÃO PRÓPRIA (COTA DIRETA)","HEANA: PACIENTES ATENDIDOS PELA URGÊNCIA/EMERGÊNCIA E EGRESSOS DE CIRURGIA ELETIVA OU AMBULATÓRIO.","","","","","","","","","","","","","","","","","","","","",""
"CENTRO NORTE","HEANA - ANÁPOLIS","MÉDIA E ALTA COMPLEXIDADE","URGÊNCIA E EMERGÊNCIA ","UTI ADULTO","NEUROLOGIA","INTERNAÇÃO PRÓPRIA (COTA DIRETA)","HEANA: PACIENTES ATENDIDOS PELA URGÊNCIA/EMERGÊNCIA E EGRESSOS DE CIRURGIA ELETIVA OU AMBULATÓRIO.","","","","","","","","","","","","","","","","","","","","",""
"CENTRO NORTE","HEANA - ANÁPOLIS","MÉDIA E ALTA COMPLEXIDADE","URGÊNCIA E EMERGÊNCIA ","UTI ADULTO","NEUROCIRURGIA","INTERNAÇÃO PRÓPRIA (COTA DIRETA)","HEANA: PACIENTES ATENDIDOS PELA URGÊNCIA/EMERGÊNCIA E EGRESSOS DE CIRURGIA ELETIVA OU AMBULATÓRIO.","","","","","","","","","","","","","","","","","","","","",""
"CENTRO NORTE","HEANA - ANÁPOLIS","MÉDIA E ALTA COMPLEXIDADE","URGÊNCIA E EMERGÊNCIA ","UTI ADULTO","CIRURGIA BUCOMAXILOFACIAL","INTERNAÇÃO PRÓPRIA (COTA DIRETA)","HEANA: PACIENTES ATENDIDOS PELA URGÊNCIA/EMERGÊNCIA E EGRESSOS DE CIRURGIA ELETIVA OU AMBULATÓRIO.","","","","","","","","","","","","","","","","","","","","",""
"CENTRO NORTE","HEANA - ANÁPOLIS","MÉDIA E ALTA COMPLEXIDADE","URGÊNCIA E EMERGÊNCIA ","ENFERMARIA ADULTO","CIRURGIA VASCULAR/ANGIO","INTERNAÇÃO PRÓPRIA (COTA DIRETA)","HEANA: PACIENTES ATENDIDOS PELA URGÊNCIA/EMERGÊNCIA E EGRESSOS DE CIRURGIA ELETIVA OU AMBULATÓRIO.","","","","","","","","","","","","","","","","","","","","",""
"CENTRO NORTE","HEANA - ANÁPOLIS","MÉDIA E ALTA COMPLEXIDADE","URGÊNCIA E EMERGÊNCIA ","ENFERMARIA ADULTO","CLÍNICA MÉDICA","INTERNAÇÃO PRÓPRIA (COTA DIRETA)","HEANA: PACIENTES ATENDIDOS PELA URGÊNCIA/EMERGÊNCIA E EGRESSOS DE CIRURGIA ELETIVA OU AMBULATÓRIO.","","","","","","","","","","","","","","","","","","","","",""
"CENTRO NORTE","HEANA - ANÁPOLIS","MÉDIA E ALTA COMPLEXIDADE","URGÊNCIA E EMERGÊNCIA ","ENFERMARIA ADULTO","CIRURGIA GERAL","INTERNAÇÃO PRÓPRIA (COTA DIRETA)","HEANA: PACIENTES ATENDIDOS PELA URGÊNCIA/EMERGÊNCIA E EGRESSOS DE CIRURGIA ELETIVA OU AMBULATÓRIO.","","","","","","","","","","","","","","","","","","","","",""
"CENTRO NORTE","HEANA - ANÁPOLIS","MÉDIA E ALTA COMPLEXIDADE","URGÊNCIA E EMERGÊNCIA ","ENFERMARIA ADULTO","ORTOPEDIA E TRAUMATOLOGIA","INTERNAÇÃO PRÓPRIA (COTA DIRETA)","HEANA: PACIENTES ATENDIDOS PELA URGÊNCIA/EMERGÊNCIA E EGRESSOS DE CIRURGIA ELETIVA OU AMBULATÓRIO.","","","","","","","","","","","","","","","","","","","","",""
"CENTRO NORTE","HEANA - ANÁPOLIS","MÉDIA E ALTA COMPLEXIDADE","URGÊNCIA E EMERGÊNCIA ","ENFERMARIA ADULTO","NEUROLOGIA","INTERNAÇÃO PRÓPRIA (COTA DIRETA)","HEANA: PACIENTES ATENDIDOS PELA URGÊNCIA/EMERGÊNCIA E EGRESSOS DE CIRURGIA ELETIVA OU AMBULATÓRIO.","","","","","","","","","","","","","","","","","","","","",""
"CENTRO NORTE","HEANA - ANÁPOLIS","MÉDIA E ALTA COMPLEXIDADE","URGÊNCIA E EMERGÊNCIA ","ENFERMARIA ADULTO","NEUROCIRURGIA","INTERNAÇÃO PRÓPRIA (COTA DIRETA)","HEANA: PACIENTES ATENDIDOS PELA URGÊNCIA/EMERGÊNCIA E EGRESSOS DE CIRURGIA ELETIVA OU AMBULATÓRIO.","","","","","","","","","","","","","","","","","","","","",""
"CENTRO NORTE","HEANA - ANÁPOLIS","MÉDIA E ALTA COMPLEXIDADE","URGÊNCIA E EMERGÊNCIA ","ENFERMARIA ADULTO","CIRURGIA BUCOMAXILOFACIAL","INTERNAÇÃO PRÓPRIA (COTA DIRETA)","HEANA: PACIENTES ATENDIDOS PELA URGÊNCIA/EMERGÊNCIA E EGRESSOS DE CIRURGIA ELETIVA OU AMBULATÓRIO.","","","","","","","","","","","","","","","","","","","","",""
"CENTRO NORTE","HEANA - ANÁPOLIS","MÉDIA E ALTA COMPLEXIDADE","URGÊNCIA E EMERGÊNCIA ","UTI ADULTO","ORTOPEDIA E TRAUMATOLOGIA","REGULAÇÃO PARA O LEITO","HEANA:  TODAS AS FRATURAS E LESÕES INCLUINDO EXPOSTA, POLITRAUMA
NÃO É PERFIL: COLUNA","","","","","","","","","","","","","","","","","","","","",""
"CENTRO NORTE","HEANA - ANÁPOLIS","MÉDIA E ALTA COMPLEXIDADE","URGÊNCIA E EMERGÊNCIA ","UTI ADULTO","NEUROLOGIA","REGULAÇÃO PARA O LEITO","HEANA: CRISE CONVULSIVA REENTRANTE; AVC ISQUÊMICO AGUDO PARA USO DE TROMBOLÍTICO;

NÃO É PERFIL: GUILLAIN-BARRÉ, MIASTENIA, ELA, POLINEUROPATIA E ESCLEROSE MÚLTIPLA","","","","","","","","","","","","","","","","","","","","",""
"CENTRO NORTE","HEANA - ANÁPOLIS","MÉDIA E ALTA COMPLEXIDADE","URGÊNCIA E EMERGÊNCIA ","UTI ADULTO","NEUROCIRURGIA","REGULAÇÃO PARA O LEITO","HEANA: TCE, AVCH, CRANIOTOMIA, DERIVAÇÃO RAQUE-PERITONEAL, ABSCESSO INTRACRANIANO, HEMATOMA SUBDURAL.

NÃO É PERFIL: TUMORES DO SNC, MAV, CONDIÇOES CIRÚRGICAS QUE NECESSITEM DE ABORDAGEM ENDOVASCULAR.","","","","","","","","","","","","","","","","","","","","",""
"CENTRO NORTE","HEANA - ANÁPOLIS","MÉDIA E ALTA COMPLEXIDADE","URGÊNCIA E EMERGÊNCIA ","ENFERMARIA ADULTO","ORTOPEDIA E TRAUMATOLOGIA","REGULAÇÃO PARA O LEITO","HEANA:  TODAS AS FRATURAS E LESÕES INCLUINDO EXPOSTA, POLITRAUMA
NÃO É PERFIL: COLUNA","","","","","","","","","","","","","","","","","","","","",""
"CENTRO NORTE","HEANA - ANÁPOLIS","MÉDIA E ALTA COMPLEXIDADE","URGÊNCIA E EMERGÊNCIA ","ENFERMARIA ADULTO","NEUROLOGIA","REGULAÇÃO PARA O LEITO","HEANA: CRISE CONVULSIVA REENTRANTE; AVC ISQUÊMICO AGUDO PARA USO DE TROMBOLÍTICO;

NÃO É PERFIL: GUILLAIN-BARRÉ, MIASTENIA, ELA, POLINEUROPATIA E ESCLEROSE MÚLTIPLA","","","","","","","","","","","","","","","","","","","","",""
"CENTRO NORTE","HEANA - ANÁPOLIS","MÉDIA E ALTA COMPLEXIDADE","URGÊNCIA E EMERGÊNCIA ","ENFERMARIA ADULTO","NEUROCIRURGIA","REGULAÇÃO PARA O LEITO","HEANA: TCE, AVCH, CRANIOTOMIA, DERIVAÇÃO RAQUE-PERITONEAL, ABSCESSO INTRACRANIANO, HEMATOMA SUBDURAL.

NÃO É PERFIL: TUMORES DO SNC, MAV, CONDIÇOES CIRÚRGICAS QUE NECESSITEM DE ABORDAGEM ENDOVASCULAR.","","","","","","","","","","","","","","","","","","","","",""
"CENTRO NORTE","HEANA - ANÁPOLIS","MÉDIA E ALTA COMPLEXIDADE","URGÊNCIA E EMERGÊNCIA ","UTI ADULTO","CLÍNICA MÉDICA","REGULAÇÃO PARA O LEITO","HEANA - CONDIÇÕES CLÍNICAS AGUDAS OU DESCOMPENSAÇÃO DE DOENÇAS CRÔNICAS, DISTÚRBIOS HIDROELETROLÍTICOS E OUTRAS INTERCORRÊNCIAS CLÍNICAS QUE NÃO TENHAM INDICAÇÃO PRIMÁRIA CIRÚRGICA OU TRAUMÁTICA.

NÃO É PERFIL: IAM, ANGINA INSTÁVEL, BAVT (HEMODINÂMICA). HIPERTENSÃO PULMONAR","","","","","","","","","","","","","","","","","","","","",""
"CENTRO NORTE","HEANA - ANÁPOLIS","MÉDIA E ALTA COMPLEXIDADE","URGÊNCIA E EMERGÊNCIA ","ENFERMARIA ADULTO","CLÍNICA MÉDICA","REGULAÇÃO PARA O LEITO","HEANA - CONDIÇÕES CLÍNICAS AGUDAS OU DESCOMPENSAÇÃO DE DOENÇAS CRÔNICAS, DISTÚRBIOS HIDROELETROLÍTICOS E OUTRAS INTERCORRÊNCIAS CLÍNICAS QUE NÃO TENHAM INDICAÇÃO PRIMÁRIA CIRÚRGICA OU TRAUMÁTICA.

NÃO É PERFIL: IAM, ANGINA INSTÁVEL, BAVT (HEMODINÂMICA). HIPERTENSÃO PULMONAR","","","","","","","","","","","","","","","","","","","","",""
"CENTRO NORTE","HEANA - ANÁPOLIS","MÉDIA E ALTA COMPLEXIDADE","URGÊNCIA E EMERGÊNCIA ","UTI ADULTO","CIRURGIA GERAL","REGULAÇÃO PARA O LEITO ","HEANA: FAB, FAF, ABDOME AGUDO, ENTRE OUTROS.

CPRE ÀS TERÇAS-FEIRAS, 10 COTAS MENSAIS, EM MÉDIA 2 POR SEMANA.

NÃO É PERFIL: HEMORRAGIA DIGESTIVA MACIÇA, CORPO ESTRANHO QUE PRECISE DE ENDOSCOPIA OU BRONCOSCOPIA PARA REMOÇÃO.","","","","","","","","","","","","","","","","","","","","",""
"CENTRO NORTE","HEANA - ANÁPOLIS","MÉDIA E ALTA COMPLEXIDADE","URGÊNCIA E EMERGÊNCIA ","ENFERMARIA ADULTO","CIRURGIA GERAL","REGULAÇÃO PARA O LEITO ","HEANA: FAB, FAF, ABDOME AGUDO, ENTRE OUTROS.

CPRE ÀS TERÇAS-FEIRAS, 10 COTAS MENSAIS, EM MÉDIA 2 POR SEMANA.

NÃO É PERFIL: HEMORRAGIA DIGESTIVA MACIÇA, CORPO ESTRANHO QUE PRECISE DE ENDOSCOPIA OU BRONCOSCOPIA PARA REMOÇÃO.","","","","","","","","","","","","","","","","","","","","",""
"CENTRO NORTE","HEANA - ANÁPOLIS","MÉDIA E ALTA COMPLEXIDADE","URGÊNCIA E EMERGÊNCIA ","UTI ADULTO","CIRURGIA VASCULAR/ANGIO","REGULAÇÃO PARA O LEITO ","HEANA – EMBOLECTOMIA ARTERIAL; FASCIOTOMIA P/ DESCOMPRESSÃO; TRATAMENTO CIRÚRGICO DE LESÕES VASCULARES TRAUMÁTICAS DO ABDÔMEN E MMII/MMSS; PÉ DIABÉTICO.

NÃO É PERFIL: DOENÇA VASCULAR QUE NECESSITE DE TRATAMENTO ENDOVASCULAR (EMBOLECTOMIA, ARTERIOGRAFIA E ANGIOPLASTIA).

UNIDADE NÃO DISPÕE DE HEMODINÂMICA.","","","","","","","","","","","","","","","","","","","","",""
"CENTRO NORTE","HEANA - ANÁPOLIS","MÉDIA E ALTA COMPLEXIDADE","URGÊNCIA E EMERGÊNCIA ","ENFERMARIA ADULTO","CIRURGIA VASCULAR/ANGIO","REGULAÇÃO PARA O LEITO ","HEANA – EMBOLECTOMIA ARTERIAL; FASCIOTOMIA P/ DESCOMPRESSÃO; TRATAMENTO CIRÚRGICO DE LESÕES VASCULARES TRAUMÁTICAS DO ABDÔMEN E MMII/MMSS; PÉ DIABÉTICO.

NÃO É PERFIL: DOENÇA VASCULAR QUE NECESSITE DE TRATAMENTO ENDOVASCULAR (EMBOLECTOMIA, ARTERIOGRAFIA E ANGIOPLASTIA).

UNIDADE NÃO DISPÕE DE HEMODINÂMICA.","","","","","","","","","","","","","","","","","","","","",""
"CENTRO NORTE","HEANA - ANÁPOLIS","MÉDIA E ALTA COMPLEXIDADE","URGÊNCIA E EMERGÊNCIA ","UTI ADULTO","CIRURGIA BUCOMAXILOFACIAL","REGULAÇÃO PARA O LEITO ","HEANA: TRAUMAS DE FACE, FRATURAS DOS OSSOS FACIAIS, LESÕES E LACERAÇÕES DE TECIDOS MOLES DA BOCA E FACE EM GERAL, TAMPONAMENTO NASAL ANTERIOR E/OU POSTERIOR; EXCISÃO E SUTURA DE LESÃO NA BOCA; DRENAGEM DE ABSCESSO DA BOCA E ANEXOS APENAS DE ORIGEM ODONTOGÊNICA, ENTRE OUTROS.

NÃO É PERFIL: ABSCESSOS RETROFARINGEOS, ABSCESSO PERITONSILAR.","","","","","","","","","","","","","","","","","","","","",""
"CENTRO NORTE","HEANA - ANÁPOLIS","MÉDIA E ALTA COMPLEXIDADE","URGÊNCIA E EMERGÊNCIA ","ENFERMARIA ADULTO","CIRURGIA BUCOMAXILOFACIAL","REGULAÇÃO PARA O LEITO ","HEANA: TRAUMAS DE FACE, FRATURAS DOS OSSOS FACIAIS, LESÕES E LACERAÇÕES DE TECIDOS MOLES DA BOCA E FACE EM GERAL, TAMPONAMENTO NASAL ANTERIOR E/OU POSTERIOR; EXCISÃO E SUTURA DE LESÃO NA BOCA; DRENAGEM DE ABSCESSO DA BOCA E ANEXOS APENAS DE ORIGEM ODONTOGÊNICA, ENTRE OUTROS.

NÃO É PERFIL: ABSCESSOS RETROFARINGEOS, ABSCESSO PERITONSILAR.","","","","","","","","","","","","","","","","","","","","",""
"CENTRO SUDESTE","HEAPA - AP. DE GOIÂNIA","MÉDIA E ALTA COMPLEXIDADE","URGÊNCIA E EMERGÊNCIA ","UTI ADULTO","CIRURGIA BUCOMAXILOFACIAL","INTERNAÇÃO PRÓPRIA (COTA DIRETA)","HEAPA: PACIENTES ATENDIDOS PELA URGÊNCIA/EMERGÊNCIA E EGRESSOS DE CIRURGIA ELETIVA OU AMBULATÓRIO.","","","","","","","","","","","","","","","","","","","","",""
"CENTRO SUDESTE","HEAPA - AP. DE GOIÂNIA","MÉDIA E ALTA COMPLEXIDADE","URGÊNCIA E EMERGÊNCIA ","UTI ADULTO","CLÍNICA MÉDICA","INTERNAÇÃO PRÓPRIA (COTA DIRETA)","HEAPA: PACIENTES ATENDIDOS PELA URGÊNCIA/EMERGÊNCIA E EGRESSOS DE CIRURGIA ELETIVA OU AMBULATÓRIO.","","","","","","","","","","","","","","","","","","","","",""
"CENTRO SUDESTE","HEAPA - AP. DE GOIÂNIA","MÉDIA E ALTA COMPLEXIDADE","URGÊNCIA E EMERGÊNCIA ","UTI ADULTO","ORTOPEDIA E TRAUMATOLOGIA","INTERNAÇÃO PRÓPRIA (COTA DIRETA)","HEAPA: PACIENTES ATENDIDOS PELA URGÊNCIA/EMERGÊNCIA E EGRESSOS DE CIRURGIA ELETIVA OU AMBULATÓRIO.","","","","","","","","","","","","","","","","","","","","",""
"CENTRO SUDESTE","HEAPA - AP. DE GOIÂNIA","MÉDIA E ALTA COMPLEXIDADE","URGÊNCIA E EMERGÊNCIA ","UTI ADULTO","CIRURGIA VASCULAR/ANGIO","INTERNAÇÃO PRÓPRIA (COTA DIRETA)","HEAPA: PACIENTES ATENDIDOS PELA URGÊNCIA/EMERGÊNCIA E EGRESSOS DE CIRURGIA ELETIVA OU AMBULATÓRIO.","","","","","","","","","","","","","","","","","","","","",""
"CENTRO SUDESTE","HEAPA - AP. DE GOIÂNIA","MÉDIA E ALTA COMPLEXIDADE","URGÊNCIA E EMERGÊNCIA ","UTI ADULTO","CIRURGIA GERAL","INTERNAÇÃO PRÓPRIA (COTA DIRETA)","HEAPA: PACIENTES ATENDIDOS PELA URGÊNCIA/EMERGÊNCIA E EGRESSOS DE CIRURGIA ELETIVA OU AMBULATÓRIO.","","","","","","","","","","","","","","","","","","","","",""
"CENTRO SUDESTE","HEAPA - AP. DE GOIÂNIA","MÉDIA E ALTA COMPLEXIDADE","URGÊNCIA E EMERGÊNCIA ","ENFERMARIA ADULTO","CIRURGIA BUCOMAXILOFACIAL","INTERNAÇÃO PRÓPRIA (COTA DIRETA)","HEAPA: PACIENTES ATENDIDOS PELA URGÊNCIA/EMERGÊNCIA E EGRESSOS DE CIRURGIA ELETIVA OU AMBULATÓRIO.","","","","","","","","","","","","","","","","","","","","",""
"CENTRO SUDESTE","HEAPA - AP. DE GOIÂNIA","MÉDIA E ALTA COMPLEXIDADE","URGÊNCIA E EMERGÊNCIA ","ENFERMARIA ADULTO","CLÍNICA MÉDICA","INTERNAÇÃO PRÓPRIA (COTA DIRETA)","HEAPA: PACIENTES ATENDIDOS PELA URGÊNCIA/EMERGÊNCIA E EGRESSOS DE CIRURGIA ELETIVA OU AMBULATÓRIO.","","","","","","","","","","","","","","","","","","","","",""
"CENTRO SUDESTE","HEAPA - AP. DE GOIÂNIA","MÉDIA E ALTA COMPLEXIDADE","URGÊNCIA E EMERGÊNCIA ","ENFERMARIA ADULTO","ORTOPEDIA E TRAUMATOLOGIA","INTERNAÇÃO PRÓPRIA (COTA DIRETA)","HEAPA: PACIENTES ATENDIDOS PELA URGÊNCIA/EMERGÊNCIA E EGRESSOS DE CIRURGIA ELETIVA OU AMBULATÓRIO.","","","","","","","","","","","","","","","","","","","","",""
"CENTRO SUDESTE","HEAPA - AP. DE GOIÂNIA","MÉDIA E ALTA COMPLEXIDADE","URGÊNCIA E EMERGÊNCIA ","ENFERMARIA ADULTO","CIRURGIA VASCULAR/ANGIO","INTERNAÇÃO PRÓPRIA (COTA DIRETA)","HEAPA: PACIENTES ATENDIDOS PELA URGÊNCIA/EMERGÊNCIA E EGRESSOS DE CIRURGIA ELETIVA OU AMBULATÓRIO.","","","","","","","","","","","","","","","","","","","","",""
"CENTRO SUDESTE","HEAPA - AP. DE GOIÂNIA","MÉDIA E ALTA COMPLEXIDADE","URGÊNCIA E EMERGÊNCIA ","ENFERMARIA ADULTO","CIRURGIA GERAL","INTERNAÇÃO PRÓPRIA (COTA DIRETA)","HEAPA: PACIENTES ATENDIDOS PELA URGÊNCIA/EMERGÊNCIA E EGRESSOS DE CIRURGIA ELETIVA OU AMBULATÓRIO.","","","","","","","","","","","","","","","","","","","","",""
"CENTRO SUDESTE","HEAPA - AP. DE GOIÂNIA","MÉDIA E ALTA COMPLEXIDADE","URGÊNCIA E EMERGÊNCIA ","PRONTO SOCORRO","CIRURGIA BUCOMAXILOFACIAL","ENCAMINHAMENTO DE URGÊNCIA ","","","","","","","","","","","","","","","","","","","","","",""
"CENTRO SUDESTE","HEAPA - AP. DE GOIÂNIA","MÉDIA E ALTA COMPLEXIDADE","URGÊNCIA E EMERGÊNCIA ","PRONTO SOCORRO","CLÍNICA MÉDICA","ENCAMINHAMENTO DE URGÊNCIA ","","","","","","","","","","","","","","","","","","","","","",""
"CENTRO SUDESTE","HEAPA - AP. DE GOIÂNIA","MÉDIA E ALTA COMPLEXIDADE","URGÊNCIA E EMERGÊNCIA ","PRONTO SOCORRO","ORTOPEDIA E TRAUMATOLOGIA","ENCAMINHAMENTO DE URGÊNCIA ","HEAPA: TODAS AS FRATURAS E LESÕES INCLUINDO EXPOSTA, POLITRAUMA, EXCETO COLUNA","","","","","","","","","","","","","","","","","","","","",""
"CENTRO SUDESTE","HEAPA - AP. DE GOIÂNIA","MÉDIA E ALTA COMPLEXIDADE","URGÊNCIA E EMERGÊNCIA ","PRONTO SOCORRO","CIRURGIA VASCULAR/ANGIO","ENCAMINHAMENTO DE URGÊNCIA ","HEAPA: AVALIAÇÃO DA VASCULAR PARA DEFINIÇÃO DE CONDUTA, UNIDADE NÃO DISPÕE DE HEMODINÂMICA","","","","","","","","","","","","","","","","","","","","",""
"CENTRO SUDESTE","HEAPA - AP. DE GOIÂNIA","MÉDIA E ALTA COMPLEXIDADE","URGÊNCIA E EMERGÊNCIA ","PRONTO SOCORRO","CIRURGIA GERAL","ENCAMINHAMENTO DE URGÊNCIA ","HEAPA: FAB, FAF, ABDOME AGUDO","","","","","","","","","","","","","","","","","","","","",""
"CENTRO SUDESTE","HEAPA - AP. DE GOIÂNIA","MÉDIA E ALTA COMPLEXIDADE","URGÊNCIA E EMERGÊNCIA ","UTI ADULTO","CIRURGIA BUCOMAXILOFACIAL","ACEITE DA UNIDADE EXECUTANTE","","","","","","","","","","","","","","","","","","","","","",""
"CENTRO SUDESTE","HEAPA - AP. DE GOIÂNIA","MÉDIA E ALTA COMPLEXIDADE","URGÊNCIA E EMERGÊNCIA ","UTI ADULTO","CLÍNICA MÉDICA","ACEITE DA UNIDADE EXECUTANTE","","","","","","","","","","","","","","","","","","","","","",""
"CENTRO SUDESTE","HEAPA - AP. DE GOIÂNIA","MÉDIA E ALTA COMPLEXIDADE","URGÊNCIA E EMERGÊNCIA ","UTI ADULTO","ORTOPEDIA E TRAUMATOLOGIA","ACEITE DA UNIDADE EXECUTANTE","HEAPA:  TODAS AS FRATURAS E LESÕES INCLUINDO EXPOSTA, POLITRAUMA, EXCETO COLUNA","","","","","","","","","","","","","","","","","","","","",""
"CENTRO SUDESTE","HEAPA - AP. DE GOIÂNIA","MÉDIA E ALTA COMPLEXIDADE","URGÊNCIA E EMERGÊNCIA ","UTI ADULTO","CIRURGIA VASCULAR/ANGIO","ACEITE DA UNIDADE EXECUTANTE","HEAPA - AVALIAÇÃO DA VASCULAR PARA DEFINIÇÃO DE CONDUTA, UNIDADE NÃO DISPÕE DE HEMODINÂMICA","","","","","","","","","","","","","","","","","","","","",""
"CENTRO SUDESTE","HEAPA - AP. DE GOIÂNIA","MÉDIA E ALTA COMPLEXIDADE","URGÊNCIA E EMERGÊNCIA ","UTI ADULTO","CIRURGIA GERAL","ACEITE DA UNIDADE EXECUTANTE","HEAPA - FAB E FAF, ABDOME AGUDO","","","","","","","","","","","","","","","","","","","","",""
"CENTRO SUDESTE","HEAPA - AP. DE GOIÂNIA","MÉDIA E ALTA COMPLEXIDADE","URGÊNCIA E EMERGÊNCIA ","ENFERMARIA ADULTO","CIRURGIA BUCOMAXILOFACIAL","ACEITE DA UNIDADE EXECUTANTE","","","","","","","","","","","","","","","","","","","","","",""
"CENTRO SUDESTE","HEAPA - AP. DE GOIÂNIA","MÉDIA E ALTA COMPLEXIDADE","URGÊNCIA E EMERGÊNCIA ","ENFERMARIA ADULTO","CLÍNICA MÉDICA","ACEITE DA UNIDADE EXECUTANTE","","","","","","","","","","","","","","","","","","","","","",""
"CENTRO SUDESTE","HEAPA - AP. DE GOIÂNIA","MÉDIA E ALTA COMPLEXIDADE","URGÊNCIA E EMERGÊNCIA ","ENFERMARIA ADULTO","ORTOPEDIA E TRAUMATOLOGIA","ACEITE DA UNIDADE EXECUTANTE","HEAPA:  TODAS AS FRATURAS E LESÕES INCLUINDO EXPOSTA, POLITRAUMA, EXCETO COLUNA","","","","","","","","","","","","","","","","","","","","",""
"CENTRO SUDESTE","HEAPA - AP. DE GOIÂNIA","MÉDIA E ALTA COMPLEXIDADE","URGÊNCIA E EMERGÊNCIA ","ENFERMARIA ADULTO","CIRURGIA VASCULAR/ANGIO","ACEITE DA UNIDADE EXECUTANTE","HEAPA - AVALIAÇÃO DA VASCULAR PARA DEFINIÇÃO DE CONDUTA, UNIDADE NÃO DISPÕE DE HEMODINÂMICA","","","","","","","","","","","","","","","","","","","","",""
"CENTRO SUDESTE","HEAPA - AP. DE GOIÂNIA","MÉDIA E ALTA COMPLEXIDADE","URGÊNCIA E EMERGÊNCIA ","ENFERMARIA ADULTO","CIRURGIA GERAL","ACEITE DA UNIDADE EXECUTANTE","HEAPA - FAB E FAF, ABDOME AGUDO","","","","","","","","","","","","","","","","","","","","",""
"CENTRO OESTE","HECAD - GOIÂNIA","MÉDIA E ALTA COMPLEXIDADE","URGÊNCIA E EMERGÊNCIA ","ENFERMARIA PEDIATRICA","ORTOPEDIA E TRAUMATOLOGIA PEDIÁTRICA","INTERNAÇÃO PRÓPRIA (COTA DIRETA)","HECAD: PACIENTES ATENDIDOS PELA URGÊNCIA/EMERGÊNCIA E EGRESSOS DE CIRURGIA ELETIVA OU AMBULATÓRIO.","","","","","","","","","","","","","","","","","","","","",""
"CENTRO OESTE","HECAD - GOIÂNIA","MÉDIA E ALTA COMPLEXIDADE","URGÊNCIA E EMERGÊNCIA ","ENFERMARIA PEDIATRICA","PEDIATRIA","INTERNAÇÃO PRÓPRIA (COTA DIRETA)","HECAD: PACIENTES ATENDIDOS PELA URGÊNCIA/EMERGÊNCIA E EGRESSOS DE CIRURGIA ELETIVA OU AMBULATÓRIO.","","","","","","","","","","","","","","","","","","","","",""
"CENTRO OESTE","HECAD - GOIÂNIA","MÉDIA E ALTA COMPLEXIDADE","URGÊNCIA E EMERGÊNCIA ","ENFERMARIA PEDIATRICA","NEUROLOGIA PEDIÁTRICA CLÍNICA","INTERNAÇÃO PRÓPRIA (COTA DIRETA)","HECAD: PACIENTES ATENDIDOS PELA URGÊNCIA/EMERGÊNCIA E EGRESSOS DE CIRURGIA ELETIVA OU AMBULATÓRIO.","","","","","","","","","","","","","","","","","","","","",""
"CENTRO OESTE","HECAD - GOIÂNIA","MÉDIA E ALTA COMPLEXIDADE","URGÊNCIA E EMERGÊNCIA ","ENFERMARIA PEDIATRICA","CARDIOLOGIA PEDIÁTRICA CLÍNICA","INTERNAÇÃO PRÓPRIA (COTA DIRETA)","HECAD: PACIENTES ATENDIDOS PELA URGÊNCIA/EMERGÊNCIA E EGRESSOS DE CIRURGIA ELETIVA OU AMBULATÓRIO.","","","","","","","","","","","","","","","","","","","","",""
"CENTRO OESTE","HECAD - GOIÂNIA","MÉDIA E ALTA COMPLEXIDADE","URGÊNCIA E EMERGÊNCIA ","ENFERMARIA PEDIATRICA","CIRURGIA PEDIÁTRICA","INTERNAÇÃO PRÓPRIA (COTA DIRETA)","HECAD: PACIENTES ATENDIDOS PELA URGÊNCIA/EMERGÊNCIA E EGRESSOS DE CIRURGIA ELETIVA OU AMBULATÓRIO.","","","","","","","","","","","","","","","","","","","","",""
"CENTRO OESTE","HECAD - GOIÂNIA","MÉDIA E ALTA COMPLEXIDADE","URGÊNCIA E EMERGÊNCIA ","UTI PEDIATRICA","ORTOPEDIA E TRAUMATOLOGIA PEDIÁTRICA","INTERNAÇÃO PRÓPRIA (COTA DIRETA)","HECAD: PACIENTES ATENDIDOS PELA URGÊNCIA/EMERGÊNCIA E EGRESSOS DE CIRURGIA ELETIVA OU AMBULATÓRIO.","","","","","","","","","","","","","","","","","","","","",""
"CENTRO OESTE","HECAD - GOIÂNIA","MÉDIA E ALTA COMPLEXIDADE","URGÊNCIA E EMERGÊNCIA ","UTI PEDIATRICA","PEDIATRIA","INTERNAÇÃO PRÓPRIA (COTA DIRETA)","HECAD: PACIENTES ATENDIDOS PELA URGÊNCIA/EMERGÊNCIA E EGRESSOS DE CIRURGIA ELETIVA OU AMBULATÓRIO.","","","","","","","","","","","","","","","","","","","","",""
"CENTRO OESTE","HECAD - GOIÂNIA","MÉDIA E ALTA COMPLEXIDADE","URGÊNCIA E EMERGÊNCIA ","UTI PEDIATRICA","NEUROLOGIA PEDIÁTRICA CLÍNICA","INTERNAÇÃO PRÓPRIA (COTA DIRETA)","HECAD: PACIENTES ATENDIDOS PELA URGÊNCIA/EMERGÊNCIA E EGRESSOS DE CIRURGIA ELETIVA OU AMBULATÓRIO.","","","","","","","","","","","","","","","","","","","","",""
"CENTRO OESTE","HECAD - GOIÂNIA","MÉDIA E ALTA COMPLEXIDADE","URGÊNCIA E EMERGÊNCIA ","UTI PEDIATRICA","CARDIOLOGIA PEDIÁTRICA CLÍNICA","INTERNAÇÃO PRÓPRIA (COTA DIRETA)","HECAD: PACIENTES ATENDIDOS PELA URGÊNCIA/EMERGÊNCIA E EGRESSOS DE CIRURGIA ELETIVA OU AMBULATÓRIO.","","","","","","","","","","","","","","","","","","","","",""
"CENTRO OESTE","HECAD - GOIÂNIA","MÉDIA E ALTA COMPLEXIDADE","URGÊNCIA E EMERGÊNCIA ","UTI PEDIATRICA","CIRURGIA PEDIÁTRICA","INTERNAÇÃO PRÓPRIA (COTA DIRETA)","HECAD: PACIENTES ATENDIDOS PELA URGÊNCIA/EMERGÊNCIA E EGRESSOS DE CIRURGIA ELETIVA OU AMBULATÓRIO.","","","","","","","","","","","","","","","","","","","","",""
"CENTRO OESTE","HECAD - GOIÂNIA","MÉDIA E ALTA COMPLEXIDADE","URGÊNCIA E EMERGÊNCIA ","ENFERMARIA PEDIATRICA","ORTOPEDIA E TRAUMATOLOGIA PEDIÁTRICA","ACEITE DA UNIDADE EXECUTANTE","HECAD: FAIXA ETÁRIA: MAIOR QUE 28 DIAS ATÉ 14 ANOS 11 MESES e 29 DIAS.  
LACTENTE NASCIDO TERMO (MAIS DE 37 SEMANAS DE IDADE GESTACIONAL E MAIS DE 28 DIAS DE NASCIMENTO), NASCIDO PREMATURO COM IDADE GESTACIONAL CORRIGIDA MAIOR QUE 27 SEMANAS. ","","","","","","","","","","","","","","","","","","","","",""
"CENTRO OESTE","HECAD - GOIÂNIA","MÉDIA E ALTA COMPLEXIDADE","URGÊNCIA E EMERGÊNCIA ","ENFERMARIA PEDIATRICA","PEDIATRIA","ACEITE DA UNIDADE EXECUTANTE","HECAD: RN GRAVE COM QUADRO DE SÍNDROME GRIPAL INICIADO HÁ MAIS DE /10 DIAS DE NASCIDO.

FAIXA ETÁRIA: MAIOR QUE 28 DIAS ATÉ 14 ANOS 11 MESES e 29 DIAS.  
LACTENTE NASCIDO TERMO (MAIS DE 37 SEMANAS DE IDADE GESTACIONAL E MAIS DE 28 DIAS DE NASCIMENTO), NASCIDO PREMATURO COM IDADE GESTACIONAL CORRIGIDA MAIOR QUE 27 SEMANAS. 

REFERÊNCIA DE ATENDIMENTO A VITIMA DE VIOLENCIA SEXUAL: SEXO MASCULINO (0 A 18 ANOS) E SEXO FEMININO (ATÉ 14 ANOS, 11 MESES E 29 DIAS).","","","","","","","","","","","","","","","","","","","","",""
"CENTRO OESTE","HECAD - GOIÂNIA","MÉDIA E ALTA COMPLEXIDADE","URGÊNCIA E EMERGÊNCIA ","ENFERMARIA PEDIATRICA","NEUROLOGIA PEDIÁTRICA CLÍNICA","ACEITE DA UNIDADE EXECUTANTE","HECAD: FAIXA ETÁRIA: MAIOR QUE 28 DIAS ATÉ 14 ANOS 11 MESES e 29 DIAS.  
LACTENTE NASCIDO TERMO (MAIS DE 37 SEMANAS DE IDADE GESTACIONAL E MAIS DE 28 DIAS DE NASCIMENTO), NASCIDO PREMATURO COM IDADE GESTACIONAL CORRIGIDA MAIOR QUE 27 SEMANAS. ","","","","","","","","","","","","","","","","","","","","",""
"CENTRO OESTE","HECAD - GOIÂNIA","MÉDIA E ALTA COMPLEXIDADE","URGÊNCIA E EMERGÊNCIA ","ENFERMARIA PEDIATRICA","CARDIOLOGIA PEDIÁTRICA CLÍNICA","ACEITE DA UNIDADE EXECUTANTE","HECAD:  NÃO TEM CARDIOLOGIA CIRÚRGICA

FAIXA ETÁRIA: MAIOR QUE 28 DIAS ATÉ 14 ANOS 11 MESES e 29 DIAS.  
LACTENTE NASCIDO TERMO (MAIS DE 37 SEMANAS DE IDADE GESTACIONAL E MAIS DE 28 DIAS DE NASCIMENTO), NASCIDO PREMATURO COM IDADE GESTACIONAL CORRIGIDA MAIOR QUE 27 SEMANAS. 

","","","","","","","","","","","","","","","","","","","","",""
"CENTRO OESTE","HECAD - GOIÂNIA","MÉDIA E ALTA COMPLEXIDADE","URGÊNCIA E EMERGÊNCIA ","ENFERMARIA PEDIATRICA","CIRURGIA PEDIÁTRICA","ACEITE DA UNIDADE EXECUTANTE","HECAD: PERFIL EM CIRURGIA, ORTOPEDIA E UROLOGIA PEDIÁTRICA. 

NÃO É PERFIL: POLITRAUMA, TCE.

FAIXA ETÁRIA: MAIOR QUE 28 DIAS ATÉ 14 ANOS 11 MESES e 29 DIAS.  
LACTENTE NASCIDO TERMO (MAIS DE 37 SEMANAS DE IDADE GESTACIONAL E MAIS DE 28 DIAS DE NASCIMENTO), NASCIDO PREMATURO COM IDADE GESTACIONAL CORRIGIDA MAIOR QUE 27 SEMANAS. 
","","","","","","","","","","","","","","","","","","","","",""
"CENTRO NORTE","HECAD - GOIÂNIA","MÉDIA E ALTA COMPLEXIDADE","URGÊNCIA E EMERGÊNCIA ","ENFERMARIA PEDIATRICA","ORTOPEDIA E TRAUMATOLOGIA PEDIÁTRICA","ACEITE DA UNIDADE EXECUTANTE","HECAD: FAIXA ETÁRIA: MAIOR QUE 28 DIAS ATÉ 14 ANOS 11 MESES e 29 DIAS.  
LACTENTE NASCIDO TERMO (MAIS DE 37 SEMANAS DE IDADE GESTACIONAL E MAIS DE 28 DIAS DE NASCIMENTO), NASCIDO PREMATURO COM IDADE GESTACIONAL CORRIGIDA MAIOR QUE 27 SEMANAS. ","","","","","","","","","","","","","","","","","","","","",""
"CENTRO NORTE","HECAD - GOIÂNIA","MÉDIA E ALTA COMPLEXIDADE","URGÊNCIA E EMERGÊNCIA ","ENFERMARIA PEDIATRICA","PEDIATRIA","ACEITE DA UNIDADE EXECUTANTE","HECAD: RN GRAVE COM QUADRO DE SÍNDROME GRIPAL INICIADO HÁ MAIS DE /10 DIAS DE NASCIDO.

FAIXA ETÁRIA: MAIOR QUE 28 DIAS ATÉ 14 ANOS 11 MESES e 29 DIAS.  
LACTENTE NASCIDO TERMO (MAIS DE 37 SEMANAS DE IDADE GESTACIONAL E MAIS DE 28 DIAS DE NASCIMENTO), NASCIDO PREMATURO COM IDADE GESTACIONAL CORRIGIDA MAIOR QUE 27 SEMANAS. 

REFERÊNCIA DE ATENDIMENTO A VITIMA DE VIOLENCIA SEXUAL: SEXO MASCULINO (0 A 18 ANOS) E SEXO FEMININO (ATÉ 14 ANOS, 11 MESES E 29 DIAS).","","","","","","","","","","","","","","","","","","","","",""
"CENTRO NORTE","HECAD - GOIÂNIA","MÉDIA E ALTA COMPLEXIDADE","URGÊNCIA E EMERGÊNCIA ","ENFERMARIA PEDIATRICA","NEUROLOGIA PEDIÁTRICA CLÍNICA","ACEITE DA UNIDADE EXECUTANTE","HECAD: FAIXA ETÁRIA: MAIOR QUE 28 DIAS ATÉ 14 ANOS 11 MESES e 29 DIAS.  
LACTENTE NASCIDO TERMO (MAIS DE 37 SEMANAS DE IDADE GESTACIONAL E MAIS DE 28 DIAS DE NASCIMENTO), NASCIDO PREMATURO COM IDADE GESTACIONAL CORRIGIDA MAIOR QUE 27 SEMANAS. ","","","","","","","","","","","","","","","","","","","","",""
"CENTRO NORTE","HECAD - GOIÂNIA","MÉDIA E ALTA COMPLEXIDADE","URGÊNCIA E EMERGÊNCIA ","ENFERMARIA PEDIATRICA","CARDIOLOGIA PEDIÁTRICA CLÍNICA","ACEITE DA UNIDADE EXECUTANTE","HECAD:  NÃO TEM CARDIOLOGIA CIRÚRGICA

FAIXA ETÁRIA: MAIOR QUE 28 DIAS ATÉ 14 ANOS 11 MESES e 29 DIAS.  
LACTENTE NASCIDO TERMO (MAIS DE 37 SEMANAS DE IDADE GESTACIONAL E MAIS DE 28 DIAS DE NASCIMENTO), NASCIDO PREMATURO COM IDADE GESTACIONAL CORRIGIDA MAIOR QUE 27 SEMANAS. 

","","","","","","","","","","","","","","","","","","","","",""
"CENTRO NORTE","HECAD - GOIÂNIA","MÉDIA E ALTA COMPLEXIDADE","URGÊNCIA E EMERGÊNCIA ","ENFERMARIA PEDIATRICA","CIRURGIA PEDIÁTRICA","ACEITE DA UNIDADE EXECUTANTE","HECAD: PERFIL EM CIRURGIA, ORTOPEDIA E UROLOGIA PEDIÁTRICA. 

NÃO É PERFIL: POLITRAUMA, TCE.

FAIXA ETÁRIA: MAIOR QUE 28 DIAS ATÉ 14 ANOS 11 MESES e 29 DIAS.  
LACTENTE NASCIDO TERMO (MAIS DE 37 SEMANAS DE IDADE GESTACIONAL E MAIS DE 28 DIAS DE NASCIMENTO), NASCIDO PREMATURO COM IDADE GESTACIONAL CORRIGIDA MAIOR QUE 27 SEMANAS. 
","","","","","","","","","","","","","","","","","","","","",""
"CENTRO SUDESTE","HECAD - GOIÂNIA","MÉDIA E ALTA COMPLEXIDADE","URGÊNCIA E EMERGÊNCIA ","ENFERMARIA PEDIATRICA","ORTOPEDIA E TRAUMATOLOGIA PEDIÁTRICA","ACEITE DA UNIDADE EXECUTANTE","HECAD: FAIXA ETÁRIA: MAIOR QUE 28 DIAS ATÉ 14 ANOS 11 MESES e 29 DIAS.  
LACTENTE NASCIDO TERMO (MAIS DE 37 SEMANAS DE IDADE GESTACIONAL E MAIS DE 28 DIAS DE NASCIMENTO), NASCIDO PREMATURO COM IDADE GESTACIONAL CORRIGIDA MAIOR QUE 27 SEMANAS. ","","","","","","","","","","","","","","","","","","","","",""
"CENTRO SUDESTE","HECAD - GOIÂNIA","MÉDIA E ALTA COMPLEXIDADE","URGÊNCIA E EMERGÊNCIA ","ENFERMARIA PEDIATRICA","PEDIATRIA","ACEITE DA UNIDADE EXECUTANTE","HECAD: RN GRAVE COM QUADRO DE SÍNDROME GRIPAL INICIADO HÁ MAIS DE /10 DIAS DE NASCIDO.

FAIXA ETÁRIA: MAIOR QUE 28 DIAS ATÉ 14 ANOS 11 MESES e 29 DIAS.  
LACTENTE NASCIDO TERMO (MAIS DE 37 SEMANAS DE IDADE GESTACIONAL E MAIS DE 28 DIAS DE NASCIMENTO), NASCIDO PREMATURO COM IDADE GESTACIONAL CORRIGIDA MAIOR QUE 27 SEMANAS. 

REFERÊNCIA DE ATENDIMENTO A VITIMA DE VIOLENCIA SEXUAL: SEXO MASCULINO (0 A 18 ANOS) E SEXO FEMININO (ATÉ 14 ANOS, 11 MESES E 29 DIAS).","","","","","","","","","","","","","","","","","","","","",""
"CENTRO SUDESTE","HECAD - GOIÂNIA","MÉDIA E ALTA COMPLEXIDADE","URGÊNCIA E EMERGÊNCIA ","ENFERMARIA PEDIATRICA","NEUROLOGIA PEDIÁTRICA CLÍNICA","ACEITE DA UNIDADE EXECUTANTE","HECAD: FAIXA ETÁRIA: MAIOR QUE 28 DIAS ATÉ 14 ANOS 11 MESES e 29 DIAS.  
LACTENTE NASCIDO TERMO (MAIS DE 37 SEMANAS DE IDADE GESTACIONAL E MAIS DE 28 DIAS DE NASCIMENTO), NASCIDO PREMATURO COM IDADE GESTACIONAL CORRIGIDA MAIOR QUE 27 SEMANAS. ","","","","","","","","","","","","","","","","","","","","",""
"CENTRO SUDESTE","HECAD - GOIÂNIA","MÉDIA E ALTA COMPLEXIDADE","URGÊNCIA E EMERGÊNCIA ","ENFERMARIA PEDIATRICA","CARDIOLOGIA PEDIÁTRICA CLÍNICA","ACEITE DA UNIDADE EXECUTANTE","HECAD:  NÃO TEM CARDIOLOGIA CIRÚRGICA

FAIXA ETÁRIA: MAIOR QUE 28 DIAS ATÉ 14 ANOS 11 MESES e 29 DIAS.  
LACTENTE NASCIDO TERMO (MAIS DE 37 SEMANAS DE IDADE GESTACIONAL E MAIS DE 28 DIAS DE NASCIMENTO), NASCIDO PREMATURO COM IDADE GESTACIONAL CORRIGIDA MAIOR QUE 27 SEMANAS. 

","","","","","","","","","","","","","","","","","","","","",""
"CENTRO SUDESTE","HECAD - GOIÂNIA","MÉDIA E ALTA COMPLEXIDADE","URGÊNCIA E EMERGÊNCIA ","ENFERMARIA PEDIATRICA","CIRURGIA PEDIÁTRICA","ACEITE DA UNIDADE EXECUTANTE","HECAD: PERFIL EM CIRURGIA, ORTOPEDIA E UROLOGIA PEDIÁTRICA. 

NÃO É PERFIL: POLITRAUMA, TCE.

FAIXA ETÁRIA: MAIOR QUE 28 DIAS ATÉ 14 ANOS 11 MESES e 29 DIAS.  
LACTENTE NASCIDO TERMO (MAIS DE 37 SEMANAS DE IDADE GESTACIONAL E MAIS DE 28 DIAS DE NASCIMENTO), NASCIDO PREMATURO COM IDADE GESTACIONAL CORRIGIDA MAIOR QUE 27 SEMANAS. 
","","","","","","","","","","","","","","","","","","","","",""
"CENTRO SUDOESTE","HECAD - GOIÂNIA","MÉDIA E ALTA COMPLEXIDADE","URGÊNCIA E EMERGÊNCIA ","ENFERMARIA PEDIATRICA","ORTOPEDIA E TRAUMATOLOGIA PEDIÁTRICA","ACEITE DA UNIDADE EXECUTANTE","HECAD: FAIXA ETÁRIA: MAIOR QUE 28 DIAS ATÉ 14 ANOS 11 MESES e 29 DIAS.  
LACTENTE NASCIDO TERMO (MAIS DE 37 SEMANAS DE IDADE GESTACIONAL E MAIS DE 28 DIAS DE NASCIMENTO), NASCIDO PREMATURO COM IDADE GESTACIONAL CORRIGIDA MAIOR QUE 27 SEMANAS. ","","","","","","","","","","","","","","","","","","","","",""
"CENTRO SUDOESTE","HECAD - GOIÂNIA","MÉDIA E ALTA COMPLEXIDADE","URGÊNCIA E EMERGÊNCIA ","ENFERMARIA PEDIATRICA","PEDIATRIA","ACEITE DA UNIDADE EXECUTANTE","HECAD: RN GRAVE COM QUADRO DE SÍNDROME GRIPAL INICIADO HÁ MAIS DE /10 DIAS DE NASCIDO.

FAIXA ETÁRIA: MAIOR QUE 28 DIAS ATÉ 14 ANOS 11 MESES e 29 DIAS.  
LACTENTE NASCIDO TERMO (MAIS DE 37 SEMANAS DE IDADE GESTACIONAL E MAIS DE 28 DIAS DE NASCIMENTO), NASCIDO PREMATURO COM IDADE GESTACIONAL CORRIGIDA MAIOR QUE 27 SEMANAS. 

REFERÊNCIA DE ATENDIMENTO A VITIMA DE VIOLENCIA SEXUAL: SEXO MASCULINO (0 A 18 ANOS) E SEXO FEMININO (ATÉ 14 ANOS, 11 MESES E 29 DIAS).","","","","","","","","","","","","","","","","","","","","",""
"CENTRO SUDOESTE","HECAD - GOIÂNIA","MÉDIA E ALTA COMPLEXIDADE","URGÊNCIA E EMERGÊNCIA ","ENFERMARIA PEDIATRICA","NEUROLOGIA PEDIÁTRICA CLÍNICA","ACEITE DA UNIDADE EXECUTANTE","HECAD: FAIXA ETÁRIA: MAIOR QUE 28 DIAS ATÉ 14 ANOS 11 MESES e 29 DIAS.  
LACTENTE NASCIDO TERMO (MAIS DE 37 SEMANAS DE IDADE GESTACIONAL E MAIS DE 28 DIAS DE NASCIMENTO), NASCIDO PREMATURO COM IDADE GESTACIONAL CORRIGIDA MAIOR QUE 27 SEMANAS. ","","","","","","","","","","","","","","","","","","","","",""
"CENTRO SUDOESTE","HECAD - GOIÂNIA","MÉDIA E ALTA COMPLEXIDADE","URGÊNCIA E EMERGÊNCIA ","ENFERMARIA PEDIATRICA","CARDIOLOGIA PEDIÁTRICA CLÍNICA","ACEITE DA UNIDADE EXECUTANTE","HECAD:  NÃO TEM CARDIOLOGIA CIRÚRGICA

FAIXA ETÁRIA: MAIOR QUE 28 DIAS ATÉ 14 ANOS 11 MESES e 29 DIAS.  
LACTENTE NASCIDO TERMO (MAIS DE 37 SEMANAS DE IDADE GESTACIONAL E MAIS DE 28 DIAS DE NASCIMENTO), NASCIDO PREMATURO COM IDADE GESTACIONAL CORRIGIDA MAIOR QUE 27 SEMANAS. 

","","","","","","","","","","","","","","","","","","","","",""
"CENTRO SUDOESTE","HECAD - GOIÂNIA","MÉDIA E ALTA COMPLEXIDADE","URGÊNCIA E EMERGÊNCIA ","ENFERMARIA PEDIATRICA","CIRURGIA PEDIÁTRICA","ACEITE DA UNIDADE EXECUTANTE","HECAD: PERFIL EM CIRURGIA, ORTOPEDIA E UROLOGIA PEDIÁTRICA. 

NÃO É PERFIL: POLITRAUMA, TCE.

FAIXA ETÁRIA: MAIOR QUE 28 DIAS ATÉ 14 ANOS 11 MESES e 29 DIAS.  
LACTENTE NASCIDO TERMO (MAIS DE 37 SEMANAS DE IDADE GESTACIONAL E MAIS DE 28 DIAS DE NASCIMENTO), NASCIDO PREMATURO COM IDADE GESTACIONAL CORRIGIDA MAIOR QUE 27 SEMANAS. 
","","","","","","","","","","","","","","","","","","","","",""
"NORDESTE","HECAD - GOIÂNIA","MÉDIA E ALTA COMPLEXIDADE","URGÊNCIA E EMERGÊNCIA ","ENFERMARIA PEDIATRICA","ORTOPEDIA E TRAUMATOLOGIA PEDIÁTRICA","ACEITE DA UNIDADE EXECUTANTE","HECAD: FAIXA ETÁRIA: MAIOR QUE 28 DIAS ATÉ 14 ANOS 11 MESES e 29 DIAS.  
LACTENTE NASCIDO TERMO (MAIS DE 37 SEMANAS DE IDADE GESTACIONAL E MAIS DE 28 DIAS DE NASCIMENTO), NASCIDO PREMATURO COM IDADE GESTACIONAL CORRIGIDA MAIOR QUE 27 SEMANAS. ","","","","","","","","","","","","","","","","","","","","",""
"NORDESTE","HECAD - GOIÂNIA","MÉDIA E ALTA COMPLEXIDADE","URGÊNCIA E EMERGÊNCIA ","ENFERMARIA PEDIATRICA","PEDIATRIA","ACEITE DA UNIDADE EXECUTANTE","HECAD: RN GRAVE COM QUADRO DE SÍNDROME GRIPAL INICIADO HÁ MAIS DE /10 DIAS DE NASCIDO.

FAIXA ETÁRIA: MAIOR QUE 28 DIAS ATÉ 14 ANOS 11 MESES e 29 DIAS.  
LACTENTE NASCIDO TERMO (MAIS DE 37 SEMANAS DE IDADE GESTACIONAL E MAIS DE 28 DIAS DE NASCIMENTO), NASCIDO PREMATURO COM IDADE GESTACIONAL CORRIGIDA MAIOR QUE 27 SEMANAS. 

REFERÊNCIA DE ATENDIMENTO A VITIMA DE VIOLENCIA SEXUAL: SEXO MASCULINO (0 A 18 ANOS) E SEXO FEMININO (ATÉ 14 ANOS, 11 MESES E 29 DIAS).","","","","","","","","","","","","","","","","","","","","",""
"NORDESTE","HECAD - GOIÂNIA","MÉDIA E ALTA COMPLEXIDADE","URGÊNCIA E EMERGÊNCIA ","ENFERMARIA PEDIATRICA","NEUROLOGIA PEDIÁTRICA CLÍNICA","ACEITE DA UNIDADE EXECUTANTE","HECAD: FAIXA ETÁRIA: MAIOR QUE 28 DIAS ATÉ 14 ANOS 11 MESES e 29 DIAS.  
LACTENTE NASCIDO TERMO (MAIS DE 37 SEMANAS DE IDADE GESTACIONAL E MAIS DE 28 DIAS DE NASCIMENTO), NASCIDO PREMATURO COM IDADE GESTACIONAL CORRIGIDA MAIOR QUE 27 SEMANAS. ","","","","","","","","","","","","","","","","","","","","",""
"NORDESTE","HECAD - GOIÂNIA","MÉDIA E ALTA COMPLEXIDADE","URGÊNCIA E EMERGÊNCIA ","ENFERMARIA PEDIATRICA","CARDIOLOGIA PEDIÁTRICA CLÍNICA","ACEITE DA UNIDADE EXECUTANTE","HECAD:  NÃO TEM CARDIOLOGIA CIRÚRGICA

FAIXA ETÁRIA: MAIOR QUE 28 DIAS ATÉ 14 ANOS 11 MESES e 29 DIAS.  
LACTENTE NASCIDO TERMO (MAIS DE 37 SEMANAS DE IDADE GESTACIONAL E MAIS DE 28 DIAS DE NASCIMENTO), NASCIDO PREMATURO COM IDADE GESTACIONAL CORRIGIDA MAIOR QUE 27 SEMANAS. 

","","","","","","","","","","","","","","","","","","","","",""
"NORDESTE","HECAD - GOIÂNIA","MÉDIA E ALTA COMPLEXIDADE","URGÊNCIA E EMERGÊNCIA ","ENFERMARIA PEDIATRICA","CIRURGIA PEDIÁTRICA","ACEITE DA UNIDADE EXECUTANTE","HECAD: PERFIL EM CIRURGIA, ORTOPEDIA E UROLOGIA PEDIÁTRICA. 

NÃO É PERFIL: POLITRAUMA, TCE.

FAIXA ETÁRIA: MAIOR QUE 28 DIAS ATÉ 14 ANOS 11 MESES e 29 DIAS.  
LACTENTE NASCIDO TERMO (MAIS DE 37 SEMANAS DE IDADE GESTACIONAL E MAIS DE 28 DIAS DE NASCIMENTO), NASCIDO PREMATURO COM IDADE GESTACIONAL CORRIGIDA MAIOR QUE 27 SEMANAS. 
","","","","","","","","","","","","","","","","","","","","",""
"CENTRO OESTE","HECAD - GOIÂNIA","MÉDIA E ALTA COMPLEXIDADE","URGÊNCIA E EMERGÊNCIA ","UTI PEDIATRICA","ORTOPEDIA E TRAUMATOLOGIA PEDIÁTRICA","ACEITE DA UNIDADE EXECUTANTE","HECAD: FAIXA ETÁRIA: MAIOR QUE 28 DIAS ATÉ 14 ANOS 11 MESES e 29 DIAS.  
LACTENTE NASCIDO TERMO (MAIS DE 37 SEMANAS DE IDADE GESTACIONAL E MAIS DE 28 DIAS DE NASCIMENTO), NASCIDO PREMATURO COM IDADE GESTACIONAL CORRIGIDA MAIOR QUE 27 SEMANAS. ","","","","","","","","","","","","","","","","","","","","",""
"CENTRO OESTE","HECAD - GOIÂNIA","MÉDIA E ALTA COMPLEXIDADE","URGÊNCIA E EMERGÊNCIA ","UTI PEDIATRICA","PEDIATRIA","ACEITE DA UNIDADE EXECUTANTE","HECAD: RN GRAVE COM QUADRO DE SÍNDROME GRIPAL INICIADO HÁ MAIS DE /10 DIAS DE NASCIDO.

FAIXA ETÁRIA: MAIOR QUE 28 DIAS ATÉ 14 ANOS 11 MESES e 29 DIAS.  
LACTENTE NASCIDO TERMO (MAIS DE 37 SEMANAS DE IDADE GESTACIONAL E MAIS DE 28 DIAS DE NASCIMENTO), NASCIDO PREMATURO COM IDADE GESTACIONAL CORRIGIDA MAIOR QUE 27 SEMANAS. 

REFERÊNCIA DE ATENDIMENTO A VITIMA DE VIOLENCIA SEXUAL: SEXO MASCULINO (0 A 18 ANOS) E SEXO FEMININO (ATÉ 14 ANOS, 11 MESES E 29 DIAS).""","","","","","","","","","","","","","","","","","","","","",""
"CENTRO OESTE","HECAD - GOIÂNIA","MÉDIA E ALTA COMPLEXIDADE","URGÊNCIA E EMERGÊNCIA ","UTI PEDIATRICA","NEUROLOGIA PEDIÁTRICA CLÍNICA","ACEITE DA UNIDADE EXECUTANTE","HECAD: FAIXA ETÁRIA: MAIOR QUE 28 DIAS ATÉ 14 ANOS 11 MESES e 29 DIAS.  
LACTENTE NASCIDO TERMO (MAIS DE 37 SEMANAS DE IDADE GESTACIONAL E MAIS DE 28 DIAS DE NASCIMENTO), NASCIDO PREMATURO COM IDADE GESTACIONAL CORRIGIDA MAIOR QUE 27 SEMANAS. ","","","","","","","","","","","","","","","","","","","","",""
"CENTRO OESTE","HECAD - GOIÂNIA","MÉDIA E ALTA COMPLEXIDADE","URGÊNCIA E EMERGÊNCIA ","UTI PEDIATRICA","CARDIOLOGIA PEDIÁTRICA CLÍNICA","ACEITE DA UNIDADE EXECUTANTE","HECAD:  NÃO TEM CARDIOLOGIA CIRÚRGICA

FAIXA ETÁRIA: MAIOR QUE 28 DIAS ATÉ 14 ANOS 11 MESES e 29 DIAS.  
LACTENTE NASCIDO TERMO (MAIS DE 37 SEMANAS DE IDADE GESTACIONAL E MAIS DE 28 DIAS DE NASCIMENTO), NASCIDO PREMATURO COM IDADE GESTACIONAL CORRIGIDA MAIOR QUE 27 SEMANAS. 

","","","","","","","","","","","","","","","","","","","","",""
"CENTRO OESTE","HECAD - GOIÂNIA","MÉDIA E ALTA COMPLEXIDADE","URGÊNCIA E EMERGÊNCIA ","UTI PEDIATRICA","CIRURGIA PEDIÁTRICA","ACEITE DA UNIDADE EXECUTANTE","HECAD: PERFIL EM CIRURGIA, ORTOPEDIA E UROLOGIA PEDIÁTRICA. 

NÃO É PERFIL: POLITRAUMA, TCE.

FAIXA ETÁRIA: MAIOR QUE 28 DIAS ATÉ 14 ANOS 11 MESES e 29 DIAS.  
LACTENTE NASCIDO TERMO (MAIS DE 37 SEMANAS DE IDADE GESTACIONAL E MAIS DE 28 DIAS DE NASCIMENTO), NASCIDO PREMATURO COM IDADE GESTACIONAL CORRIGIDA MAIOR QUE 27 SEMANAS. 
","","","","","","","","","","","","","","","","","","","","",""
"CENTRO NORTE","HECAD - GOIÂNIA","MÉDIA E ALTA COMPLEXIDADE","URGÊNCIA E EMERGÊNCIA ","UTI PEDIATRICA","ORTOPEDIA E TRAUMATOLOGIA PEDIÁTRICA","ACEITE DA UNIDADE EXECUTANTE","HECAD: FAIXA ETÁRIA: MAIOR QUE 28 DIAS ATÉ 14 ANOS 11 MESES e 29 DIAS.  
LACTENTE NASCIDO TERMO (MAIS DE 37 SEMANAS DE IDADE GESTACIONAL E MAIS DE 28 DIAS DE NASCIMENTO), NASCIDO PREMATURO COM IDADE GESTACIONAL CORRIGIDA MAIOR QUE 27 SEMANAS. ","","","","","","","","","","","","","","","","","","","","",""
"CENTRO NORTE","HECAD - GOIÂNIA","MÉDIA E ALTA COMPLEXIDADE","URGÊNCIA E EMERGÊNCIA ","UTI PEDIATRICA","PEDIATRIA","ACEITE DA UNIDADE EXECUTANTE","HECAD: RN GRAVE COM QUADRO DE SÍNDROME GRIPAL INICIADO HÁ MAIS DE /10 DIAS DE NASCIDO.

FAIXA ETÁRIA: MAIOR QUE 28 DIAS ATÉ 14 ANOS 11 MESES e 29 DIAS.  
LACTENTE NASCIDO TERMO (MAIS DE 37 SEMANAS DE IDADE GESTACIONAL E MAIS DE 28 DIAS DE NASCIMENTO), NASCIDO PREMATURO COM IDADE GESTACIONAL CORRIGIDA MAIOR QUE 27 SEMANAS. 

REFERÊNCIA DE ATENDIMENTO A VITIMA DE VIOLENCIA SEXUAL: SEXO MASCULINO (0 A 18 ANOS) E SEXO FEMININO (ATÉ 14 ANOS, 11 MESES E 29 DIAS).","","","","","","","","","","","","","","","","","","","","",""
"CENTRO NORTE","HECAD - GOIÂNIA","MÉDIA E ALTA COMPLEXIDADE","URGÊNCIA E EMERGÊNCIA ","UTI PEDIATRICA","NEUROLOGIA PEDIÁTRICA CLÍNICA","ACEITE DA UNIDADE EXECUTANTE","HECAD: FAIXA ETÁRIA: MAIOR QUE 28 DIAS ATÉ 14 ANOS 11 MESES e 29 DIAS.  
LACTENTE NASCIDO TERMO (MAIS DE 37 SEMANAS DE IDADE GESTACIONAL E MAIS DE 28 DIAS DE NASCIMENTO), NASCIDO PREMATURO COM IDADE GESTACIONAL CORRIGIDA MAIOR QUE 27 SEMANAS. ","","","","","","","","","","","","","","","","","","","","",""
"CENTRO NORTE","HECAD - GOIÂNIA","MÉDIA E ALTA COMPLEXIDADE","URGÊNCIA E EMERGÊNCIA ","UTI PEDIATRICA","CARDIOLOGIA PEDIÁTRICA CLÍNICA","ACEITE DA UNIDADE EXECUTANTE","HECAD:  NÃO TEM CARDIOLOGIA CIRÚRGICA

FAIXA ETÁRIA: MAIOR QUE 28 DIAS ATÉ 14 ANOS 11 MESES e 29 DIAS.  
LACTENTE NASCIDO TERMO (MAIS DE 37 SEMANAS DE IDADE GESTACIONAL E MAIS DE 28 DIAS DE NASCIMENTO), NASCIDO PREMATURO COM IDADE GESTACIONAL CORRIGIDA MAIOR QUE 27 SEMANAS. 

","","","","","","","","","","","","","","","","","","","","",""
"CENTRO NORTE","HECAD - GOIÂNIA","MÉDIA E ALTA COMPLEXIDADE","URGÊNCIA E EMERGÊNCIA ","UTI PEDIATRICA","CIRURGIA PEDIÁTRICA","ACEITE DA UNIDADE EXECUTANTE","HECAD: PERFIL EM CIRURGIA, ORTOPEDIA E UROLOGIA PEDIÁTRICA. 

NÃO É PERFIL: POLITRAUMA, TCE.

FAIXA ETÁRIA: MAIOR QUE 28 DIAS ATÉ 14 ANOS 11 MESES e 29 DIAS.  
LACTENTE NASCIDO TERMO (MAIS DE 37 SEMANAS DE IDADE GESTACIONAL E MAIS DE 28 DIAS DE NASCIMENTO), NASCIDO PREMATURO COM IDADE GESTACIONAL CORRIGIDA MAIOR QUE 27 SEMANAS. 
","","","","","","","","","","","","","","","","","","","","",""
"CENTRO SUDESTE","HECAD - GOIÂNIA","MÉDIA E ALTA COMPLEXIDADE","URGÊNCIA E EMERGÊNCIA ","UTI PEDIATRICA","ORTOPEDIA E TRAUMATOLOGIA PEDIÁTRICA","ACEITE DA UNIDADE EXECUTANTE","HECAD: FAIXA ETÁRIA: MAIOR QUE 28 DIAS ATÉ 14 ANOS 11 MESES e 29 DIAS.  
LACTENTE NASCIDO TERMO (MAIS DE 37 SEMANAS DE IDADE GESTACIONAL E MAIS DE 28 DIAS DE NASCIMENTO), NASCIDO PREMATURO COM IDADE GESTACIONAL CORRIGIDA MAIOR QUE 27 SEMANAS. ","","","","","","","","","","","","","","","","","","","","",""
"CENTRO SUDESTE","HECAD - GOIÂNIA","MÉDIA E ALTA COMPLEXIDADE","URGÊNCIA E EMERGÊNCIA ","UTI PEDIATRICA","PEDIATRIA","ACEITE DA UNIDADE EXECUTANTE","HECAD: RN GRAVE COM QUADRO DE SÍNDROME GRIPAL INICIADO HÁ MAIS DE /10 DIAS DE NASCIDO.

FAIXA ETÁRIA: MAIOR QUE 28 DIAS ATÉ 14 ANOS 11 MESES e 29 DIAS.  
LACTENTE NASCIDO TERMO (MAIS DE 37 SEMANAS DE IDADE GESTACIONAL E MAIS DE 28 DIAS DE NASCIMENTO), NASCIDO PREMATURO COM IDADE GESTACIONAL CORRIGIDA MAIOR QUE 27 SEMANAS. 

REFERÊNCIA DE ATENDIMENTO A VITIMA DE VIOLENCIA SEXUAL: SEXO MASCULINO (0 A 18 ANOS) E SEXO FEMININO (ATÉ 14 ANOS, 11 MESES E 29 DIAS).","","","","","","","","","","","","","","","","","","","","",""
"CENTRO SUDESTE","HECAD - GOIÂNIA","MÉDIA E ALTA COMPLEXIDADE","URGÊNCIA E EMERGÊNCIA ","UTI PEDIATRICA","NEUROLOGIA PEDIÁTRICA CLÍNICA","ACEITE DA UNIDADE EXECUTANTE","HECAD: FAIXA ETÁRIA: MAIOR QUE 28 DIAS ATÉ 14 ANOS 11 MESES e 29 DIAS.  
LACTENTE NASCIDO TERMO (MAIS DE 37 SEMANAS DE IDADE GESTACIONAL E MAIS DE 28 DIAS DE NASCIMENTO), NASCIDO PREMATURO COM IDADE GESTACIONAL CORRIGIDA MAIOR QUE 27 SEMANAS. ","","","","","","","","","","","","","","","","","","","","",""
"CENTRO SUDESTE","HECAD - GOIÂNIA","MÉDIA E ALTA COMPLEXIDADE","URGÊNCIA E EMERGÊNCIA ","UTI PEDIATRICA","CARDIOLOGIA PEDIÁTRICA CLÍNICA","ACEITE DA UNIDADE EXECUTANTE","HECAD:  NÃO TEM CARDIOLOGIA CIRÚRGICA

FAIXA ETÁRIA: MAIOR QUE 28 DIAS ATÉ 14 ANOS 11 MESES e 29 DIAS.  
LACTENTE NASCIDO TERMO (MAIS DE 37 SEMANAS DE IDADE GESTACIONAL E MAIS DE 28 DIAS DE NASCIMENTO), NASCIDO PREMATURO COM IDADE GESTACIONAL CORRIGIDA MAIOR QUE 27 SEMANAS. 

","","","","","","","","","","","","","","","","","","","","",""
"CENTRO SUDESTE","HECAD - GOIÂNIA","MÉDIA E ALTA COMPLEXIDADE","URGÊNCIA E EMERGÊNCIA ","UTI PEDIATRICA","CIRURGIA PEDIÁTRICA","ACEITE DA UNIDADE EXECUTANTE","HECAD: PERFIL EM CIRURGIA, ORTOPEDIA E UROLOGIA PEDIÁTRICA. 

NÃO É PERFIL: POLITRAUMA, TCE.

FAIXA ETÁRIA: MAIOR QUE 28 DIAS ATÉ 14 ANOS 11 MESES e 29 DIAS.  
LACTENTE NASCIDO TERMO (MAIS DE 37 SEMANAS DE IDADE GESTACIONAL E MAIS DE 28 DIAS DE NASCIMENTO), NASCIDO PREMATURO COM IDADE GESTACIONAL CORRIGIDA MAIOR QUE 27 SEMANAS. 
","","","","","","","","","","","","","","","","","","","","",""
"CENTRO SUDOESTE","HECAD - GOIÂNIA","MÉDIA E ALTA COMPLEXIDADE","URGÊNCIA E EMERGÊNCIA ","UTI PEDIATRICA","ORTOPEDIA E TRAUMATOLOGIA PEDIÁTRICA","ACEITE DA UNIDADE EXECUTANTE","HECAD: FAIXA ETÁRIA: MAIOR QUE 28 DIAS ATÉ 14 ANOS 11 MESES e 29 DIAS.  
LACTENTE NASCIDO TERMO (MAIS DE 37 SEMANAS DE IDADE GESTACIONAL E MAIS DE 28 DIAS DE NASCIMENTO), NASCIDO PREMATURO COM IDADE GESTACIONAL CORRIGIDA MAIOR QUE 27 SEMANAS. ","","","","","","","","","","","","","","","","","","","","",""
"CENTRO SUDOESTE","HECAD - GOIÂNIA","MÉDIA E ALTA COMPLEXIDADE","URGÊNCIA E EMERGÊNCIA ","UTI PEDIATRICA","PEDIATRIA","ACEITE DA UNIDADE EXECUTANTE","HECAD: RN GRAVE COM QUADRO DE SÍNDROME GRIPAL INICIADO HÁ MAIS DE /10 DIAS DE NASCIDO.

FAIXA ETÁRIA: MAIOR QUE 28 DIAS ATÉ 14 ANOS 11 MESES e 29 DIAS.  
LACTENTE NASCIDO TERMO (MAIS DE 37 SEMANAS DE IDADE GESTACIONAL E MAIS DE 28 DIAS DE NASCIMENTO), NASCIDO PREMATURO COM IDADE GESTACIONAL CORRIGIDA MAIOR QUE 27 SEMANAS. 

REFERÊNCIA DE ATENDIMENTO A VITIMA DE VIOLENCIA SEXUAL: SEXO MASCULINO (0 A 18 ANOS) E SEXO FEMININO (ATÉ 14 ANOS, 11 MESES E 29 DIAS).","","","","","","","","","","","","","","","","","","","","",""
"CENTRO SUDOESTE","HECAD - GOIÂNIA","MÉDIA E ALTA COMPLEXIDADE","URGÊNCIA E EMERGÊNCIA ","UTI PEDIATRICA","NEUROLOGIA PEDIÁTRICA CLÍNICA","ACEITE DA UNIDADE EXECUTANTE","HECAD: FAIXA ETÁRIA: MAIOR QUE 28 DIAS ATÉ 14 ANOS 11 MESES e 29 DIAS.  
LACTENTE NASCIDO TERMO (MAIS DE 37 SEMANAS DE IDADE GESTACIONAL E MAIS DE 28 DIAS DE NASCIMENTO), NASCIDO PREMATURO COM IDADE GESTACIONAL CORRIGIDA MAIOR QUE 27 SEMANAS. ","","","","","","","","","","","","","","","","","","","","",""
"CENTRO SUDOESTE","HECAD - GOIÂNIA","MÉDIA E ALTA COMPLEXIDADE","URGÊNCIA E EMERGÊNCIA ","UTI PEDIATRICA","CARDIOLOGIA PEDIÁTRICA CLÍNICA","ACEITE DA UNIDADE EXECUTANTE","HECAD:  NÃO TEM CARDIOLOGIA CIRÚRGICA

FAIXA ETÁRIA: MAIOR QUE 28 DIAS ATÉ 14 ANOS 11 MESES e 29 DIAS.  
LACTENTE NASCIDO TERMO (MAIS DE 37 SEMANAS DE IDADE GESTACIONAL E MAIS DE 28 DIAS DE NASCIMENTO), NASCIDO PREMATURO COM IDADE GESTACIONAL CORRIGIDA MAIOR QUE 27 SEMANAS. 

","","","","","","","","","","","","","","","","","","","","",""
"CENTRO SUDOESTE","HECAD - GOIÂNIA","MÉDIA E ALTA COMPLEXIDADE","URGÊNCIA E EMERGÊNCIA ","UTI PEDIATRICA","CIRURGIA PEDIÁTRICA","ACEITE DA UNIDADE EXECUTANTE","HECAD: PERFIL EM CIRURGIA, ORTOPEDIA E UROLOGIA PEDIÁTRICA. 

NÃO É PERFIL: POLITRAUMA, TCE.

FAIXA ETÁRIA: MAIOR QUE 28 DIAS ATÉ 14 ANOS 11 MESES e 29 DIAS.  
LACTENTE NASCIDO TERMO (MAIS DE 37 SEMANAS DE IDADE GESTACIONAL E MAIS DE 28 DIAS DE NASCIMENTO), NASCIDO PREMATURO COM IDADE GESTACIONAL CORRIGIDA MAIOR QUE 27 SEMANAS. 
","","","","","","","","","","","","","","","","","","","","",""
"NORDESTE","HECAD - GOIÂNIA","MÉDIA E ALTA COMPLEXIDADE","URGÊNCIA E EMERGÊNCIA ","UTI PEDIATRICA","ORTOPEDIA E TRAUMATOLOGIA PEDIÁTRICA","ACEITE DA UNIDADE EXECUTANTE","HECAD: FAIXA ETÁRIA: MAIOR QUE 28 DIAS ATÉ 14 ANOS 11 MESES e 29 DIAS.  
LACTENTE NASCIDO TERMO (MAIS DE 37 SEMANAS DE IDADE GESTACIONAL E MAIS DE 28 DIAS DE NASCIMENTO), NASCIDO PREMATURO COM IDADE GESTACIONAL CORRIGIDA MAIOR QUE 27 SEMANAS. ","","","","","","","","","","","","","","","","","","","","",""
"NORDESTE","HECAD - GOIÂNIA","MÉDIA E ALTA COMPLEXIDADE","URGÊNCIA E EMERGÊNCIA ","UTI PEDIATRICA","PEDIATRIA","ACEITE DA UNIDADE EXECUTANTE","HECAD: RN GRAVE COM QUADRO DE SÍNDROME GRIPAL INICIADO HÁ MAIS DE /10 DIAS DE NASCIDO.

FAIXA ETÁRIA: MAIOR QUE 28 DIAS ATÉ 14 ANOS 11 MESES e 29 DIAS.  
LACTENTE NASCIDO TERMO (MAIS DE 37 SEMANAS DE IDADE GESTACIONAL E MAIS DE 28 DIAS DE NASCIMENTO), NASCIDO PREMATURO COM IDADE GESTACIONAL CORRIGIDA MAIOR QUE 27 SEMANAS. 

REFERÊNCIA DE ATENDIMENTO A VITIMA DE VIOLENCIA SEXUAL: SEXO MASCULINO (0 A 18 ANOS) E SEXO FEMININO (ATÉ 14 ANOS, 11 MESES E 29 DIAS).","","","","","","","","","","","","","","","","","","","","",""
"NORDESTE","HECAD - GOIÂNIA","MÉDIA E ALTA COMPLEXIDADE","URGÊNCIA E EMERGÊNCIA ","UTI PEDIATRICA","NEUROLOGIA PEDIÁTRICA CLÍNICA","ACEITE DA UNIDADE EXECUTANTE","HECAD: FAIXA ETÁRIA: MAIOR QUE 28 DIAS ATÉ 14 ANOS 11 MESES e 29 DIAS.  
LACTENTE NASCIDO TERMO (MAIS DE 37 SEMANAS DE IDADE GESTACIONAL E MAIS DE 28 DIAS DE NASCIMENTO), NASCIDO PREMATURO COM IDADE GESTACIONAL CORRIGIDA MAIOR QUE 27 SEMANAS. ","","","","","","","","","","","","","","","","","","","","",""
"NORDESTE","HECAD - GOIÂNIA","MÉDIA E ALTA COMPLEXIDADE","URGÊNCIA E EMERGÊNCIA ","UTI PEDIATRICA","CARDIOLOGIA PEDIÁTRICA CLÍNICA","ACEITE DA UNIDADE EXECUTANTE","HECAD:  NÃO TEM CARDIOLOGIA CIRÚRGICA

FAIXA ETÁRIA: MAIOR QUE 28 DIAS ATÉ 14 ANOS 11 MESES e 29 DIAS.  
LACTENTE NASCIDO TERMO (MAIS DE 37 SEMANAS DE IDADE GESTACIONAL E MAIS DE 28 DIAS DE NASCIMENTO), NASCIDO PREMATURO COM IDADE GESTACIONAL CORRIGIDA MAIOR QUE 27 SEMANAS. 

","","","","","","","","","","","","","","","","","","","","",""
"NORDESTE","HECAD - GOIÂNIA","MÉDIA E ALTA COMPLEXIDADE","URGÊNCIA E EMERGÊNCIA ","UTI PEDIATRICA","CIRURGIA PEDIÁTRICA","ACEITE DA UNIDADE EXECUTANTE","HECAD: PERFIL EM CIRURGIA, ORTOPEDIA E UROLOGIA PEDIÁTRICA. 

NÃO É PERFIL: POLITRAUMA, TCE.

FAIXA ETÁRIA: MAIOR QUE 28 DIAS ATÉ 14 ANOS 11 MESES e 29 DIAS.  
LACTENTE NASCIDO TERMO (MAIS DE 37 SEMANAS DE IDADE GESTACIONAL E MAIS DE 28 DIAS DE NASCIMENTO), NASCIDO PREMATURO COM IDADE GESTACIONAL CORRIGIDA MAIOR QUE 27 SEMANAS. 
","","","","","","","","","","","","","","","","","","","","",""
"CENTRO OESTE","HECAD - GOIÂNIA","MÉDIA E ALTA COMPLEXIDADE","URGÊNCIA E EMERGÊNCIA ","PRONTO SOCORRO","ORTOPEDIA E TRAUMATOLOGIA PEDIÁTRICA","ENCAMINHAMENTO DE URGÊNCIA ","HECAD: FAIXA ETÁRIA: MAIOR QUE 28 DIAS ATÉ 14 ANOS 11 MESES e 29 DIAS.  
LACTENTE NASCIDO TERMO (MAIS DE 37 SEMANAS DE IDADE GESTACIONAL E MAIS DE 28 DIAS DE NASCIMENTO), NASCIDO PREMATURO COM IDADE GESTACIONAL CORRIGIDA MAIOR QUE 27 SEMANAS. ","","","","","","","","","","","","","","","","","","","","",""
"CENTRO NORTE","HECAD - GOIÂNIA","MÉDIA E ALTA COMPLEXIDADE","URGÊNCIA E EMERGÊNCIA ","PRONTO SOCORRO","ORTOPEDIA E TRAUMATOLOGIA PEDIÁTRICA","ENCAMINHAMENTO DE URGÊNCIA ","HECAD: FAIXA ETÁRIA: MAIOR QUE 28 DIAS ATÉ 14 ANOS 11 MESES e 29 DIAS.  
LACTENTE NASCIDO TERMO (MAIS DE 37 SEMANAS DE IDADE GESTACIONAL E MAIS DE 28 DIAS DE NASCIMENTO), NASCIDO PREMATURO COM IDADE GESTACIONAL CORRIGIDA MAIOR QUE 27 SEMANAS. ","","","","","","","","","","","","","","","","","","","","",""
"NORDESTE","HECAD - GOIÂNIA","MÉDIA E ALTA COMPLEXIDADE","URGÊNCIA E EMERGÊNCIA ","PRONTO SOCORRO","ORTOPEDIA E TRAUMATOLOGIA PEDIÁTRICA","ENCAMINHAMENTO DE URGÊNCIA ","HECAD: FAIXA ETÁRIA: MAIOR QUE 28 DIAS ATÉ 14 ANOS 11 MESES e 29 DIAS.  
LACTENTE NASCIDO TERMO (MAIS DE 37 SEMANAS DE IDADE GESTACIONAL E MAIS DE 28 DIAS DE NASCIMENTO), NASCIDO PREMATURO COM IDADE GESTACIONAL CORRIGIDA MAIOR QUE 27 SEMANAS. ","","","","","","","","","","","","","","","","","","","","",""
"CENTRO SUDESTE","HECAD - GOIÂNIA","MÉDIA E ALTA COMPLEXIDADE","URGÊNCIA E EMERGÊNCIA ","PRONTO SOCORRO","ORTOPEDIA E TRAUMATOLOGIA PEDIÁTRICA","ENCAMINHAMENTO DE URGÊNCIA ","HECAD: FAIXA ETÁRIA: MAIOR QUE 28 DIAS ATÉ 14 ANOS 11 MESES e 29 DIAS.  
LACTENTE NASCIDO TERMO (MAIS DE 37 SEMANAS DE IDADE GESTACIONAL E MAIS DE 28 DIAS DE NASCIMENTO), NASCIDO PREMATURO COM IDADE GESTACIONAL CORRIGIDA MAIOR QUE 27 SEMANAS. ","","","","","","","","","","","","","","","","","","","","",""
"CENTRO SUDOESTE","HECAD - GOIÂNIA","MÉDIA E ALTA COMPLEXIDADE","URGÊNCIA E EMERGÊNCIA ","PRONTO SOCORRO","ORTOPEDIA E TRAUMATOLOGIA PEDIÁTRICA","ENCAMINHAMENTO DE URGÊNCIA ","HECAD: FAIXA ETÁRIA: MAIOR QUE 28 DIAS ATÉ 14 ANOS 11 MESES e 29 DIAS.  
LACTENTE NASCIDO TERMO (MAIS DE 37 SEMANAS DE IDADE GESTACIONAL E MAIS DE 28 DIAS DE NASCIMENTO), NASCIDO PREMATURO COM IDADE GESTACIONAL CORRIGIDA MAIOR QUE 27 SEMANAS. ","","","","","","","","","","","","","","","","","","","","",""
"CENTRO OESTE","HECAD - GOIÂNIA","MÉDIA E ALTA COMPLEXIDADE","URGÊNCIA E EMERGÊNCIA ","PRONTO SOCORRO","PEDIATRIA","ENCAMINHAMENTO DE URGÊNCIA ","HECAD: RN GRAVE COM QUADRO DE SÍNDROME GRIPAL INICIADO HÁ MAIS DE /10 DIAS DE NASCIDO.

FAIXA ETÁRIA: MAIOR QUE 28 DIAS ATÉ 14 ANOS 11 MESES e 29 DIAS.  
LACTENTE NASCIDO TERMO (MAIS DE 37 SEMANAS DE IDADE GESTACIONAL E MAIS DE 28 DIAS DE NASCIMENTO), NASCIDO PREMATURO COM IDADE GESTACIONAL CORRIGIDA MAIOR QUE 27 SEMANAS. 

REFERÊNCIA DE ATENDIMENTO A VITIMA DE VIOLENCIA SEXUAL: SEXO MASCULINO (0 A 18 ANOS) E SEXO FEMININO (ATÉ 14 ANOS, 11 MESES E 29 DIAS).","","","","","","","","","","","","","","","","","","","","",""
"CENTRO NORTE","HECAD - GOIÂNIA","MÉDIA E ALTA COMPLEXIDADE","URGÊNCIA E EMERGÊNCIA ","PRONTO SOCORRO","PEDIATRIA","ENCAMINHAMENTO DE URGÊNCIA ","HECAD: RN GRAVE COM QUADRO DE SÍNDROME GRIPAL INICIADO HÁ MAIS DE /10 DIAS DE NASCIDO.

FAIXA ETÁRIA: MAIOR QUE 28 DIAS ATÉ 14 ANOS 11 MESES e 29 DIAS.  
LACTENTE NASCIDO TERMO (MAIS DE 37 SEMANAS DE IDADE GESTACIONAL E MAIS DE 28 DIAS DE NASCIMENTO), NASCIDO PREMATURO COM IDADE GESTACIONAL CORRIGIDA MAIOR QUE 27 SEMANAS. 

REFERÊNCIA DE ATENDIMENTO A VITIMA DE VIOLENCIA SEXUAL: SEXO MASCULINO (0 A 18 ANOS) E SEXO FEMININO (ATÉ 14 ANOS, 11 MESES E 29 DIAS).","","","","","","","","","","","","","","","","","","","","",""
"NORDESTE","HECAD - GOIÂNIA","MÉDIA E ALTA COMPLEXIDADE","URGÊNCIA E EMERGÊNCIA ","PRONTO SOCORRO","PEDIATRIA","ENCAMINHAMENTO DE URGÊNCIA ","HECAD: RN GRAVE COM QUADRO DE SÍNDROME GRIPAL INICIADO HÁ MAIS DE /10 DIAS DE NASCIDO.

FAIXA ETÁRIA: MAIOR QUE 28 DIAS ATÉ 14 ANOS 11 MESES e 29 DIAS.  
LACTENTE NASCIDO TERMO (MAIS DE 37 SEMANAS DE IDADE GESTACIONAL E MAIS DE 28 DIAS DE NASCIMENTO), NASCIDO PREMATURO COM IDADE GESTACIONAL CORRIGIDA MAIOR QUE 27 SEMANAS. 

REFERÊNCIA DE ATENDIMENTO A VITIMA DE VIOLENCIA SEXUAL: SEXO MASCULINO (0 A 18 ANOS) E SEXO FEMININO (ATÉ 14 ANOS, 11 MESES E 29 DIAS).","","","","","","","","","","","","","","","","","","","","",""
"CENTRO SUDESTE","HECAD - GOIÂNIA","MÉDIA E ALTA COMPLEXIDADE","URGÊNCIA E EMERGÊNCIA ","PRONTO SOCORRO","PEDIATRIA","ENCAMINHAMENTO DE URGÊNCIA ","HECAD: RN GRAVE COM QUADRO DE SÍNDROME GRIPAL INICIADO HÁ MAIS DE /10 DIAS DE NASCIDO.

FAIXA ETÁRIA: MAIOR QUE 28 DIAS ATÉ 14 ANOS 11 MESES e 29 DIAS.  
LACTENTE NASCIDO TERMO (MAIS DE 37 SEMANAS DE IDADE GESTACIONAL E MAIS DE 28 DIAS DE NASCIMENTO), NASCIDO PREMATURO COM IDADE GESTACIONAL CORRIGIDA MAIOR QUE 27 SEMANAS. 

REFERÊNCIA DE ATENDIMENTO A VITIMA DE VIOLENCIA SEXUAL: SEXO MASCULINO (0 A 18 ANOS) E SEXO FEMININO (ATÉ 14 ANOS, 11 MESES E 29 DIAS).","","","","","","","","","","","","","","","","","","","","",""
"CENTRO SUDOESTE","HECAD - GOIÂNIA","MÉDIA E ALTA COMPLEXIDADE","URGÊNCIA E EMERGÊNCIA ","PRONTO SOCORRO","PEDIATRIA","ENCAMINHAMENTO DE URGÊNCIA ","HECAD: RN GRAVE COM QUADRO DE SÍNDROME GRIPAL INICIADO HÁ MAIS DE /10 DIAS DE NASCIDO.

FAIXA ETÁRIA: MAIOR QUE 28 DIAS ATÉ 14 ANOS 11 MESES e 29 DIAS.  
LACTENTE NASCIDO TERMO (MAIS DE 37 SEMANAS DE IDADE GESTACIONAL E MAIS DE 28 DIAS DE NASCIMENTO), NASCIDO PREMATURO COM IDADE GESTACIONAL CORRIGIDA MAIOR QUE 27 SEMANAS. 

REFERÊNCIA DE ATENDIMENTO A VITIMA DE VIOLENCIA SEXUAL: SEXO MASCULINO (0 A 18 ANOS) E SEXO FEMININO (ATÉ 14 ANOS, 11 MESES E 29 DIAS).","","","","","","","","","","","","","","","","","","","","",""
"CENTRO OESTE","HECAD - GOIÂNIA","MÉDIA E ALTA COMPLEXIDADE","URGÊNCIA E EMERGÊNCIA ","PRONTO SOCORRO","CIRURGIA PEDIÁTRICA","ENCAMINHAMENTO DE URGÊNCIA ","HECAD: PERFIL EM CIRURGIA, ORTOPEDIA E UROLOGIA PEDIÁTRICA. 

NÃO É PERFIL: POLITRAUMA, TCE.

FAIXA ETÁRIA: MAIOR QUE 28 DIAS ATÉ 14 ANOS 11 MESES e 29 DIAS.  
LACTENTE NASCIDO TERMO (MAIS DE 37 SEMANAS DE IDADE GESTACIONAL E MAIS DE 28 DIAS DE NASCIMENTO), NASCIDO PREMATURO COM IDADE GESTACIONAL CORRIGIDA MAIOR QUE 27 SEMANAS. 
","","","","","","","","","","","","","","","","","","","","",""
"CENTRO NORTE","HECAD - GOIÂNIA","MÉDIA E ALTA COMPLEXIDADE","URGÊNCIA E EMERGÊNCIA ","PRONTO SOCORRO","CIRURGIA PEDIÁTRICA","ENCAMINHAMENTO DE URGÊNCIA ","HECAD: PERFIL EM CIRURGIA, ORTOPEDIA E UROLOGIA PEDIÁTRICA. 

NÃO É PERFIL: POLITRAUMA, TCE.

FAIXA ETÁRIA: MAIOR QUE 28 DIAS ATÉ 14 ANOS 11 MESES e 29 DIAS.  
LACTENTE NASCIDO TERMO (MAIS DE 37 SEMANAS DE IDADE GESTACIONAL E MAIS DE 28 DIAS DE NASCIMENTO), NASCIDO PREMATURO COM IDADE GESTACIONAL CORRIGIDA MAIOR QUE 27 SEMANAS. 
","","","","","","","","","","","","","","","","","","","","",""
"NORDESTE","HECAD - GOIÂNIA","MÉDIA E ALTA COMPLEXIDADE","URGÊNCIA E EMERGÊNCIA ","PRONTO SOCORRO","CIRURGIA PEDIÁTRICA","ENCAMINHAMENTO DE URGÊNCIA ","HECAD: PERFIL EM CIRURGIA, ORTOPEDIA E UROLOGIA PEDIÁTRICA. 

NÃO É PERFIL: POLITRAUMA, TCE.

FAIXA ETÁRIA: MAIOR QUE 28 DIAS ATÉ 14 ANOS 11 MESES e 29 DIAS.  
LACTENTE NASCIDO TERMO (MAIS DE 37 SEMANAS DE IDADE GESTACIONAL E MAIS DE 28 DIAS DE NASCIMENTO), NASCIDO PREMATURO COM IDADE GESTACIONAL CORRIGIDA MAIOR QUE 27 SEMANAS. 
","","","","","","","","","","","","","","","","","","","","",""
"CENTRO SUDESTE","HECAD - GOIÂNIA","MÉDIA E ALTA COMPLEXIDADE","URGÊNCIA E EMERGÊNCIA ","PRONTO SOCORRO","CIRURGIA PEDIÁTRICA","ENCAMINHAMENTO DE URGÊNCIA ","HECAD: PERFIL EM CIRURGIA, ORTOPEDIA E UROLOGIA PEDIÁTRICA. 

NÃO É PERFIL: POLITRAUMA, TCE.

FAIXA ETÁRIA: MAIOR QUE 28 DIAS ATÉ 14 ANOS 11 MESES e 29 DIAS.  
LACTENTE NASCIDO TERMO (MAIS DE 37 SEMANAS DE IDADE GESTACIONAL E MAIS DE 28 DIAS DE NASCIMENTO), NASCIDO PREMATURO COM IDADE GESTACIONAL CORRIGIDA MAIOR QUE 27 SEMANAS. 
","","","","","","","","","","","","","","","","","","","","",""
"CENTRO SUDOESTE","HECAD - GOIÂNIA","MÉDIA E ALTA COMPLEXIDADE","URGÊNCIA E EMERGÊNCIA ","PRONTO SOCORRO","CIRURGIA PEDIÁTRICA","ENCAMINHAMENTO DE URGÊNCIA ","HECAD: PERFIL EM CIRURGIA, ORTOPEDIA E UROLOGIA PEDIÁTRICA. 

NÃO É PERFIL: POLITRAUMA, TCE.

FAIXA ETÁRIA: MAIOR QUE 28 DIAS ATÉ 14 ANOS 11 MESES e 29 DIAS.  
LACTENTE NASCIDO TERMO (MAIS DE 37 SEMANAS DE IDADE GESTACIONAL E MAIS DE 28 DIAS DE NASCIMENTO), NASCIDO PREMATURO COM IDADE GESTACIONAL CORRIGIDA MAIOR QUE 27 SEMANAS. 
","","","","","","","","","","","","","","","","","","","","",""
"CENTRO OESTE","HECAD - GOIÂNIA","MÉDIA E ALTA COMPLEXIDADE","URGÊNCIA E EMERGÊNCIA ","PRONTO SOCORRO","CARDIOLOGIA PEDIÁTRICA CLÍNICA","ENCAMINHAMENTO DE URGÊNCIA ","HECAD:  NÃO TEM CARDIOLOGIA CIRÚRGICA

FAIXA ETÁRIA: MAIOR QUE 28 DIAS ATÉ 14 ANOS 11 MESES e 29 DIAS.  
LACTENTE NASCIDO TERMO (MAIS DE 37 SEMANAS DE IDADE GESTACIONAL E MAIS DE 28 DIAS DE NASCIMENTO), NASCIDO PREMATURO COM IDADE GESTACIONAL CORRIGIDA MAIOR QUE 27 SEMANAS. 

","","","","","","","","","","","","","","","","","","","","",""
"CENTRO NORTE","HECAD - GOIÂNIA","MÉDIA E ALTA COMPLEXIDADE","URGÊNCIA E EMERGÊNCIA ","PRONTO SOCORRO","CARDIOLOGIA PEDIÁTRICA CLÍNICA","ENCAMINHAMENTO DE URGÊNCIA ","HECAD:  NÃO TEM CARDIOLOGIA CIRÚRGICA

FAIXA ETÁRIA: MAIOR QUE 28 DIAS ATÉ 14 ANOS 11 MESES e 29 DIAS.  
LACTENTE NASCIDO TERMO (MAIS DE 37 SEMANAS DE IDADE GESTACIONAL E MAIS DE 28 DIAS DE NASCIMENTO), NASCIDO PREMATURO COM IDADE GESTACIONAL CORRIGIDA MAIOR QUE 27 SEMANAS. 

","","","","","","","","","","","","","","","","","","","","",""
"NORDESTE","HECAD - GOIÂNIA","MÉDIA E ALTA COMPLEXIDADE","URGÊNCIA E EMERGÊNCIA ","PRONTO SOCORRO","CARDIOLOGIA PEDIÁTRICA CLÍNICA","ENCAMINHAMENTO DE URGÊNCIA ","HECAD:  NÃO TEM CARDIOLOGIA CIRÚRGICA

FAIXA ETÁRIA: MAIOR QUE 28 DIAS ATÉ 14 ANOS 11 MESES e 29 DIAS.  
LACTENTE NASCIDO TERMO (MAIS DE 37 SEMANAS DE IDADE GESTACIONAL E MAIS DE 28 DIAS DE NASCIMENTO), NASCIDO PREMATURO COM IDADE GESTACIONAL CORRIGIDA MAIOR QUE 27 SEMANAS. 

","","","","","","","","","","","","","","","","","","","","",""
"CENTRO SUDESTE","HECAD - GOIÂNIA","MÉDIA E ALTA COMPLEXIDADE","URGÊNCIA E EMERGÊNCIA ","PRONTO SOCORRO","CARDIOLOGIA PEDIÁTRICA CLÍNICA","ENCAMINHAMENTO DE URGÊNCIA ","HECAD:  NÃO TEM CARDIOLOGIA CIRÚRGICA

FAIXA ETÁRIA: MAIOR QUE 28 DIAS ATÉ 14 ANOS 11 MESES e 29 DIAS.  
LACTENTE NASCIDO TERMO (MAIS DE 37 SEMANAS DE IDADE GESTACIONAL E MAIS DE 28 DIAS DE NASCIMENTO), NASCIDO PREMATURO COM IDADE GESTACIONAL CORRIGIDA MAIOR QUE 27 SEMANAS. 

","","","","","","","","","","","","","","","","","","","","",""
"CENTRO SUDOESTE","HECAD - GOIÂNIA","MÉDIA E ALTA COMPLEXIDADE","URGÊNCIA E EMERGÊNCIA ","PRONTO SOCORRO","CARDIOLOGIA PEDIÁTRICA CLÍNICA","ENCAMINHAMENTO DE URGÊNCIA ","HECAD:  NÃO TEM CARDIOLOGIA CIRÚRGICA

FAIXA ETÁRIA: MAIOR QUE 28 DIAS ATÉ 14 ANOS 11 MESES e 29 DIAS.  
LACTENTE NASCIDO TERMO (MAIS DE 37 SEMANAS DE IDADE GESTACIONAL E MAIS DE 28 DIAS DE NASCIMENTO), NASCIDO PREMATURO COM IDADE GESTACIONAL CORRIGIDA MAIOR QUE 27 SEMANAS. 

","","","","","","","","","","","","","","","","","","","","",""
"CENTRO OESTE","HECAD - GOIÂNIA","MÉDIA E ALTA COMPLEXIDADE","URGÊNCIA E EMERGÊNCIA ","PRONTO SOCORRO","NEUROLOGIA PEDIÁTRICA CLÍNICA","ENCAMINHAMENTO DE URGÊNCIA ","HECAD: FAIXA ETÁRIA: MAIOR QUE 28 DIAS ATÉ 14 ANOS 11 MESES e 29 DIAS.  
LACTENTE NASCIDO TERMO (MAIS DE 37 SEMANAS DE IDADE GESTACIONAL E MAIS DE 28 DIAS DE NASCIMENTO), NASCIDO PREMATURO COM IDADE GESTACIONAL CORRIGIDA MAIOR QUE 27 SEMANAS. ","","","","","","","","","","","","","","","","","","","","",""
"CENTRO NORTE","HECAD - GOIÂNIA","MÉDIA E ALTA COMPLEXIDADE","URGÊNCIA E EMERGÊNCIA ","PRONTO SOCORRO","NEUROLOGIA PEDIÁTRICA CLÍNICA","ENCAMINHAMENTO DE URGÊNCIA ","HECAD: FAIXA ETÁRIA: MAIOR QUE 28 DIAS ATÉ 14 ANOS 11 MESES e 29 DIAS.  
LACTENTE NASCIDO TERMO (MAIS DE 37 SEMANAS DE IDADE GESTACIONAL E MAIS DE 28 DIAS DE NASCIMENTO), NASCIDO PREMATURO COM IDADE GESTACIONAL CORRIGIDA MAIOR QUE 27 SEMANAS. ","","","","","","","","","","","","","","","","","","","","",""
"NORDESTE","HECAD - GOIÂNIA","MÉDIA E ALTA COMPLEXIDADE","URGÊNCIA E EMERGÊNCIA ","PRONTO SOCORRO","NEUROLOGIA PEDIÁTRICA CLÍNICA","ENCAMINHAMENTO DE URGÊNCIA ","HECAD: FAIXA ETÁRIA: MAIOR QUE 28 DIAS ATÉ 14 ANOS 11 MESES e 29 DIAS.  
LACTENTE NASCIDO TERMO (MAIS DE 37 SEMANAS DE IDADE GESTACIONAL E MAIS DE 28 DIAS DE NASCIMENTO), NASCIDO PREMATURO COM IDADE GESTACIONAL CORRIGIDA MAIOR QUE 27 SEMANAS. ","","","","","","","","","","","","","","","","","","","","",""
"CENTRO SUDESTE","HECAD - GOIÂNIA","MÉDIA E ALTA COMPLEXIDADE","URGÊNCIA E EMERGÊNCIA ","PRONTO SOCORRO","NEUROLOGIA PEDIÁTRICA CLÍNICA","ENCAMINHAMENTO DE URGÊNCIA ","HECAD: FAIXA ETÁRIA: MAIOR QUE 28 DIAS ATÉ 14 ANOS 11 MESES e 29 DIAS.  
LACTENTE NASCIDO TERMO (MAIS DE 37 SEMANAS DE IDADE GESTACIONAL E MAIS DE 28 DIAS DE NASCIMENTO), NASCIDO PREMATURO COM IDADE GESTACIONAL CORRIGIDA MAIOR QUE 27 SEMANAS. ","","","","","","","","","","","","","","","","","","","","",""
"CENTRO SUDOESTE","HECAD - GOIÂNIA","MÉDIA E ALTA COMPLEXIDADE","URGÊNCIA E EMERGÊNCIA ","PRONTO SOCORRO","NEUROLOGIA PEDIÁTRICA CLÍNICA","ENCAMINHAMENTO DE URGÊNCIA ","HECAD: FAIXA ETÁRIA: MAIOR QUE 28 DIAS ATÉ 14 ANOS 11 MESES e 29 DIAS.  
LACTENTE NASCIDO TERMO (MAIS DE 37 SEMANAS DE IDADE GESTACIONAL E MAIS DE 28 DIAS DE NASCIMENTO), NASCIDO PREMATURO COM IDADE GESTACIONAL CORRIGIDA MAIOR QUE 27 SEMANAS. ","","","","","","","","","","","","","","","","","","","","",""
"CENTRO NORTE","HEELJ - PIRINÓPOLIS","MÉDIA COMPLEXIDADE","URGÊNCIA E EMERGÊNCIA ","ENFERMARIA ADULTO","CLÍNICA MÉDICA","INTERNAÇÃO PRÓPRIA (COTA DIRETA)","HEELJ: PACIENTES ATENDIDOS PELA URGÊNCIA/EMERGÊNCIA E EGRESSOS DE CIRURGIA ELETIVA OU AMBULATÓRIO.","","","","","","","","","","","","","","","","","","","","",""
"CENTRO NORTE","HEELJ - PIRINÓPOLIS","MÉDIA COMPLEXIDADE","URGÊNCIA E EMERGÊNCIA ","ENFERMARIA ADULTO","CIRURGIA GERAL","INTERNAÇÃO PRÓPRIA (COTA DIRETA)","HEELJ: PACIENTES ATENDIDOS PELA URGÊNCIA/EMERGÊNCIA E EGRESSOS DE CIRURGIA ELETIVA OU AMBULATÓRIO.","","","","","","","","","","","","","","","","","","","","",""
"CENTRO NORTE","HEELJ - PIRINÓPOLIS","MÉDIA COMPLEXIDADE","URGÊNCIA E EMERGÊNCIA ","ENFERMARIA ADULTO","ORTOPEDIA E TRAUMATOLOGIA","INTERNAÇÃO PRÓPRIA (COTA DIRETA)","HEELJ: PACIENTES ATENDIDOS PELA URGÊNCIA/EMERGÊNCIA E EGRESSOS DE CIRURGIA ELETIVA OU AMBULATÓRIO.","","","","","","","","","","","","","","","","","","","","",""
"CENTRO NORTE","HEELJ - PIRINÓPOLIS","MÉDIA COMPLEXIDADE","URGÊNCIA E EMERGÊNCIA ","ENFERMARIA ADULTO","OBSTETRÍCIA","INTERNAÇÃO PRÓPRIA (COTA DIRETA)","HEELJ: PACIENTES ATENDIDOS PELA URGÊNCIA/EMERGÊNCIA E EGRESSOS DE CIRURGIA ELETIVA OU AMBULATÓRIO.","","","","","","","","","","","","","","","","","","","","",""
"CENTRO NORTE","HEELJ - PIRINÓPOLIS","MÉDIA COMPLEXIDADE","URGÊNCIA E EMERGÊNCIA ","ENFERMARIA ADULTO","GINECOLOGIA","INTERNAÇÃO PRÓPRIA (COTA DIRETA)","HEELJ: PACIENTES ATENDIDOS PELA URGÊNCIA/EMERGÊNCIA E EGRESSOS DE CIRURGIA ELETIVA OU AMBULATÓRIO.","","","","","","","","","","","","","","","","","","","","",""
"CENTRO NORTE","HEELJ - PIRINÓPOLIS","MÉDIA COMPLEXIDADE","URGÊNCIA E EMERGÊNCIA ","ENFERMARIA PEDIATRICA","ORTOPEDIA E TRAUMATOLOGIA PEDIÁTRICA","INTERNAÇÃO PRÓPRIA (COTA DIRETA)","HEELJ: PACIENTES ATENDIDOS PELA URGÊNCIA/EMERGÊNCIA E EGRESSOS DE CIRURGIA ELETIVA OU AMBULATÓRIO.","","","","","","","","","","","","","","","","","","","","",""
"CENTRO NORTE","HEELJ - PIRINÓPOLIS","MÉDIA COMPLEXIDADE","URGÊNCIA E EMERGÊNCIA ","ENFERMARIA PEDIATRICA","PEDIATRIA","INTERNAÇÃO PRÓPRIA (COTA DIRETA)","HEELJ: PACIENTES ATENDIDOS PELA URGÊNCIA/EMERGÊNCIA E EGRESSOS DE CIRURGIA ELETIVA OU AMBULATÓRIO.","","","","","","","","","","","","","","","","","","","","",""
"CENTRO NORTE","HEELJ - PIRINÓPOLIS","MÉDIA COMPLEXIDADE","URGÊNCIA E EMERGÊNCIA ","ENFERMARIA ADULTO","CLÍNICA MÉDICA","REGULAÇÃO PARA O LEITO ","HEELJ: TODOS OS CASOS CLÍNICOS DE URGÊNCIA/EMERGÊNCIA DE BAIXA E MÉDIA COMPLEXIDADE QUE NÃO NECESSITE DE UTI, ISOLAMENTO, SUBESPECIALIDADE E LONGA PERMANÊNCIA. ","","","","","","","","","","","","","","","","","","","","",""
"CENTRO NORTE","HEELJ - PIRINÓPOLIS","MÉDIA COMPLEXIDADE","URGÊNCIA E EMERGÊNCIA ","ENFERMARIA ADULTO","CIRURGIA GERAL","REGULAÇÃO PARA O LEITO ","HEELJ: ABDOMEN AGUDO INFLAMATÓRIO E DEMAIS PATOLOGIAS DE BAIXA E MÉDIA COMPLEXIDADE QUE NÃO NECESSITE DE TOMOGRÁFIA PARA ELUCIDAÇÃO DIAGNÓSTICA, POIS A UNIDADE NÃO DISPÕE DE TOMÓGRAFO. 

NÃO É PERFIL: 
ABDOMEN AGUDO PERFURATIVO/HEMORRÁGICO/ISQUÊMICO
SEPSE DE ORIGEM ABDOMINAL 
OBSTRUÇÕES INTESTINAIS COM REPERCUSSÃO SISTÊMICA","","","","","","","","","","","","","","","","","","","","",""
"CENTRO NORTE","HEELJ - PIRINÓPOLIS","MÉDIA COMPLEXIDADE","URGÊNCIA E EMERGÊNCIA ","ENFERMARIA ADULTO","ORTOPEDIA E TRAUMATOLOGIA","REGULAÇÃO PARA O LEITO ","HEELJ: CASOS ORTOPÉDICOS DE BAIXA E MÉDIA COMPLEXIDADE, TAIS COMO: ANTEBRAÇO, PUNHO, LUXAÇÕES SIMPLES, DENTRE OUTRAS.

UNIDADE CONTA COM ESCOPIA E PROFISSIONAL COM EXPERIÊNCIA EM CIRURGIA DE MÃO.  

NÃO É PERFIL:  FRATURAS EXPOSTAS, POLITRAUMA, FRATURAS COM DESVIO SIGNIFICATIVO, TÍBIA DISTAL INTRA-ARTICULAR, TORNOZELO TIPO BIMALEOLAR/TRIMALEOLAR, JOELHO, FÊMUR (OSSOS LONGOS EM GERAL), COLUNA, QUADRIL E MICROCIRUGIA.

PACIENTE QUE NECESSITE DE SUPORTE DE UTI E CIRURGIA DE GRANDE PORTE. ","","","","","","","","","","","","","","","","","","","","",""
"CENTRO NORTE","HEELJ - PIRINÓPOLIS","MÉDIA COMPLEXIDADE","URGÊNCIA E EMERGÊNCIA ","ENFERMARIA ADULTO","OBSTETRÍCIA","REGULAÇÃO PARA O LEITO ","HEELJ: GESTANTE DE RISCO HABITUAL, IDADE GESTACIONAL IGUAL OU SUPERIOR A 37 SEMANAS, SEM NECESSIDADE DE MONITORIZAÇÃO E SUPORTE DE UTI.

NÃO É PERFIL: GRAVIDADES OBSTÉTRICAS, TAIS COMO: PICO HIPERTENSIVO, DHEG, HEMORRAGIA RELACIONADA AO TERCEIRO TRIMESTRE. ","","","","","","","","","","","","","","","","","","","","",""
"CENTRO NORTE","HEELJ - PIRINÓPOLIS","MÉDIA COMPLEXIDADE","URGÊNCIA E EMERGÊNCIA ","ENFERMARIA ADULTO","GINECOLOGIA","REGULAÇÃO PARA O LEITO ","HEELJ: PATOLOGIAS CÍINICAS E CIRÚRGICAS QUE NECESSITEM DE ABORDAGEM IMEDIATA DE BAIXA E MÉDIA COMPLEXIDADE. ","","","","","","","","","","","","","","","","","","","","",""
"CENTRO NORTE","HEELJ - PIRINÓPOLIS","MÉDIA COMPLEXIDADE","URGÊNCIA E EMERGÊNCIA ","ENFERMARIA PEDIATRICA","ORTOPEDIA E TRAUMATOLOGIA PEDIÁTRICA","REGULAÇÃO PARA O LEITO ","HEELJ: FRATURAS DE BAIXA E MÉDIA COMPLEXIDADE, A PARTIR DE 4 ANOS DE IDADE, QUE NÃO NECESSITE DE SUPORTE DE UTI E CIRURGIA DE GRANDE PORTE OU ACOMPANHAMENTO POR ESPECIALISTAS EM COLUNA, QUADRIL, JOELHO. ","","","","","","","","","","","","","","","","","","","","",""
"CENTRO NORTE","HEELJ - PIRINÓPOLIS","MÉDIA COMPLEXIDADE","URGÊNCIA E EMERGÊNCIA ","ENFERMARIA PEDIATRICA","PEDIATRIA","REGULAÇÃO PARA O LEITO ","HEELJ: CRIANÇAS ATÉ 14 ANOS E 11 MESES, PATOLOGIAS CLÍNICAS QUE NÃO NECESSITE DE UTI, SUBESPECIALIDADES E ISOLAMENTO","","","","","","","","","","","","","","","","","","","","",""
"CENTRO NORTE","HEELJ - PIRINÓPOLIS","MÉDIA COMPLEXIDADE","URGÊNCIA E EMERGÊNCIA ","ENFERMARIA ADULTO","CLÍNICA MÉDICA","ENCAMINHAMENTO DE URGÊNCIA ","HEELJ: TODOS OS CASOS CLÍNICOS DE URGÊNCIA/EMERGÊNCIA DE BAIXA E MÉDIA COMPLEXIDADE QUE NÃO NECESSITE DE UTI, ISOLAMENTO, SUBESPECIALIDADE E LONGA PERMANÊNCIA. ","","","","","","","","","","","","","","","","","","","","",""
"CENTRO NORTE","HEELJ - PIRINÓPOLIS","MÉDIA COMPLEXIDADE","URGÊNCIA E EMERGÊNCIA ","ENFERMARIA ADULTO","CIRURGIA GERAL","ENCAMINHAMENTO DE URGÊNCIA ","HEELJ: ABDOMEN AGUDO INFLAMATÓRIO E DEMAIS PATOLOGIAS DE BAIXA E MÉDIA COMPLEXIDADE QUE NÃO NECESSITE DE TOMOGRÁFIA PARA ELUCIDAÇÃO DIAGNÓSTICA, POIS A UNIDADE NÃO DISPÕE DE TOMÓGRAFO. 

NÃO É PERFIL: 
ABDOMEN AGUDO PERFURATIVO/HEMORRÁGICO/ISQUÊMICO
SEPSE DE ORIGEM ABDOMINAL 
OBSTRUÇÕES INTESTINAIS COM REPERCUSSÃO SISTÊMICA","","","","","","","","","","","","","","","","","","","","",""
"CENTRO NORTE","HEELJ - PIRINÓPOLIS","MÉDIA COMPLEXIDADE","URGÊNCIA E EMERGÊNCIA ","ENFERMARIA ADULTO","ORTOPEDIA E TRAUMATOLOGIA","ENCAMINHAMENTO DE URGÊNCIA ","HEELJ: CASOS ORTOPÉDICOS DE BAIXA E MÉDIA COMPLEXIDADE, TAIS COMO: ANTEBRAÇO, PUNHO, LUXAÇÕES SIMPLES, DENTRE OUTRAS.

UNIDADE CONTA COM ESCOPIA E PROFISSIONAL COM EXPERIÊNCIA EM CIRURGIA DE MÃO.  

NÃO É PERFIL:  FRATURAS EXPOSTAS, POLITRAUMA, FRATURAS COM DESVIO SIGNIFICATIVO, TÍBIA DISTAL INTRA-ARTICULAR, TORNOZELO TIPO BIMALEOLAR/TRIMALEOLAR, JOELHO, FÊMUR (OSSOS LONGOS EM GERAL), COLUNA, QUADRIL E MICROCIRUGIA.

PACIENTE QUE NECESSITE DE SUPORTE DE UTI E CIRURGIA DE GRANDE PORTE. ","","","","","","","","","","","","","","","","","","","","",""
"CENTRO NORTE","HEELJ - PIRINÓPOLIS","MÉDIA COMPLEXIDADE","URGÊNCIA E EMERGÊNCIA ","ENFERMARIA ADULTO","OBSTETRÍCIA","ENCAMINHAMENTO DE URGÊNCIA ","HEELJ: GESTANTE DE RISCO HABITUAL, IDADE GESTACIONAL IGUAL OU SUPERIOR A 37 SEMANAS, SEM NECESSIDADE DE MONITORIZAÇÃO E SUPORTE DE UTI.

NÃO É PERFIL: GRAVIDADES OBSTÉTRICAS, TAIS COMO: PICO HIPERTENSIVO, DHEG, HEMORRAGIA RELACIONADA AO TERCEIRO TRIMESTRE. ","","","","","","","","","","","","","","","","","","","","",""
"CENTRO NORTE","HEELJ - PIRINÓPOLIS","MÉDIA COMPLEXIDADE","URGÊNCIA E EMERGÊNCIA ","ENFERMARIA ADULTO","GINECOLOGIA","ENCAMINHAMENTO DE URGÊNCIA ","HEELJ: PATOLOGIAS CÍINICAS E CIRÚRGICAS QUE NECESSITEM DE ABORDAGEM IMEDIATA DE BAIXA E MÉDIA COMPLEXIDADE. ","","","","","","","","","","","","","","","","","","","","",""
"CENTRO NORTE","HEELJ - PIRINÓPOLIS","MÉDIA COMPLEXIDADE","URGÊNCIA E EMERGÊNCIA ","ENFERMARIA PEDIATRICA","ORTOPEDIA E TRAUMATOLOGIA PEDIÁTRICA","ENCAMINHAMENTO DE URGÊNCIA ","HEELJ: FRATURAS DE BAIXA E MÉDIA COMPLEXIDADE, A PARTIR DE 4 ANOS DE IDADE, QUE NÃO NECESSITE DE SUPORTE DE UTI E CIRURGIA DE GRANDE PORTE OU ACOMPANHAMENTO POR ESPECIALISTAS EM COLUNA, QUADRIL, JOELHO. ","","","","","","","","","","","","","","","","","","","","",""
"CENTRO NORTE","HEELJ - PIRINÓPOLIS","MÉDIA COMPLEXIDADE","URGÊNCIA E EMERGÊNCIA ","ENFERMARIA PEDIATRICA","PEDIATRIA","ENCAMINHAMENTO DE URGÊNCIA ","HEELJ: CRIANÇAS ATÉ 14 ANOS E 11 MESES, PATOLOGIAS CLÍNICAS QUE NÃO NECESSITE DE UTI, SUBESPECIALIDADES E ISOLAMENTO","","","","","","","","","","","","","","","","","","","","",""
"NORDESTE","HEF - FORMOSA","MÉDIA COMPLEXIDADE","URGÊNCIA E EMERGÊNCIA ","ENFERMARIA ADULTO","OBSTETRÍCIA","INTERNAÇÃO PRÓPRIA (COTA DIRETA)","HEF: PACIENTES ATENDIDOS PELA URGÊNCIA/EMERGÊNCIA E EGRESSOS DE CIRURGIA ELETIVA OU AMBULATÓRIO.","","","","","","","","","","","","","","","","","","","","",""
"NORDESTE","HEF - FORMOSA","MÉDIA COMPLEXIDADE","URGÊNCIA E EMERGÊNCIA ","ENFERMARIA ADULTO","CLÍNICA MÉDICA","INTERNAÇÃO PRÓPRIA (COTA DIRETA)","HEF: PACIENTES ATENDIDOS PELA URGÊNCIA/EMERGÊNCIA E EGRESSOS DE CIRURGIA ELETIVA OU AMBULATÓRIO.","","","","","","","","","","","","","","","","","","","","",""
"NORDESTE","HEF - FORMOSA","MÉDIA COMPLEXIDADE","URGÊNCIA E EMERGÊNCIA ","ENFERMARIA ADULTO","ORTOPEDIA E TRAUMATOLOGIA","INTERNAÇÃO PRÓPRIA (COTA DIRETA)","HEF: PACIENTES ATENDIDOS PELA URGÊNCIA/EMERGÊNCIA E EGRESSOS DE CIRURGIA ELETIVA OU AMBULATÓRIO.","","","","","","","","","","","","","","","","","","","","",""
"NORDESTE","HEF - FORMOSA","MÉDIA COMPLEXIDADE","URGÊNCIA E EMERGÊNCIA ","ENFERMARIA ADULTO","CIRURGIA GERAL ","INTERNAÇÃO PRÓPRIA (COTA DIRETA)","HEF: PACIENTES ATENDIDOS PELA URGÊNCIA/EMERGÊNCIA E EGRESSOS DE CIRURGIA ELETIVA OU AMBULATÓRIO.","","","","","","","","","","","","","","","","","","","","",""
"NORDESTE","HEF - FORMOSA","MÉDIA COMPLEXIDADE","URGÊNCIA E EMERGÊNCIA ","ENFERMARIA ADULTO (SAÚDE MENTAL)","SAÚDE MENTAL","INTERNAÇÃO PRÓPRIA (COTA DIRETA)","HEF: PACIENTES ATENDIDOS PELA URGÊNCIA/EMERGÊNCIA E EGRESSOS DE CIRURGIA ELETIVA OU AMBULATÓRIO.","","","","","","","","","","","","","","","","","","","","",""
"NORDESTE","HEF - FORMOSA","MÉDIA COMPLEXIDADE","URGÊNCIA E EMERGÊNCIA ","ENFERMARIA ADULTO","CLÍNICA MÉDICA","ACEITE DA UNIDADE EXECUTANTE","","","","","","","","","","","","","","","","","","","","","",""
"NORDESTE","HEF - FORMOSA","MÉDIA COMPLEXIDADE","URGÊNCIA E EMERGÊNCIA ","ENFERMARIA ADULTO","ORTOPEDIA E TRAUMATOLOGIA","ACEITE DA UNIDADE EXECUTANTE","HEF: IDADE > 15 ANOS, FRATURAS E LESÕES DE MÉDIA COMPLEXIDADE, INCLUINDO EXPOSTA 

NÃO É PERFIL: FEMUR, COLO DO FEMUR, QUADRIL, COTOVELO, UMERO, COLUNA.","","","","","","","","","","","","","","","","","","","","",""
"NORDESTE","HEF - FORMOSA","MÉDIA COMPLEXIDADE","URGÊNCIA E EMERGÊNCIA ","ENFERMARIA ADULTO","CIRURGIA GERAL ","ACEITE DA UNIDADE EXECUTANTE","HEF: FAB, FAF, ABDOME AGUDO","","","","","","","","","","","","","","","","","","","","",""
"NORDESTE","HEF - FORMOSA","MÉDIA COMPLEXIDADE","URGÊNCIA E EMERGÊNCIA ","ENFERMARIA ADULTO","OBSTETRÍCIA","ACEITE DA UNIDADE EXECUTANTE","HEF: GO RISCO HABITUAL","","","","","","","","","","","","","","","","","","","","",""
"NORDESTE","HEF - FORMOSA","MÉDIA COMPLEXIDADE","URGÊNCIA E EMERGÊNCIA ","ENFERMARIA ADULTO (SAÚDE MENTAL)","SAÚDE MENTAL","ACEITE DA UNIDADE EXECUTANTE","","","","","","","","","","","","","","","","","","","","","",""
"NORDESTE","HEF - FORMOSA","MÉDIA COMPLEXIDADE","URGÊNCIA E EMERGÊNCIA ","PRONTO SOCORRO","ORTOPEDIA E TRAUMATOLOGIA","ENCAMINHAMENTO DE URGÊNCIA ","HEF: IDADE > 15 ANOS, FRATURAS E LESÕES DE MÉDIA COMPLEXIDADE, INCLUINDO EXPOSTA 

NÃO É PERFIL: FEMUR, COLO DO FEMUR, QUADRIL, COTOVELO, UMERO, COLUNA.","","","","","","","","","","","","","","","","","","","","",""
"NORDESTE","HEF - FORMOSA","MÉDIA COMPLEXIDADE","URGÊNCIA E EMERGÊNCIA ","PRONTO SOCORRO","CIRURGIA GERAL ","ENCAMINHAMENTO DE URGÊNCIA ","HEF: FAB, FAF, ABDOME AGUDO","","","","","","","","","","","","","","","","","","","","",""
"NORDESTE","HEF - FORMOSA","MÉDIA COMPLEXIDADE","URGÊNCIA E EMERGÊNCIA ","PRONTO SOCORRO","OBSTETRÍCIA","ENCAMINHAMENTO DE URGÊNCIA ","HEF: GO RISCO HABITUAL","","","","","","","","","","","","","","","","","","","","",""
"NORDESTE","HEF - FORMOSA","MÉDIA COMPLEXIDADE","URGÊNCIA E EMERGÊNCIA ","PRONTO SOCORRO","CLÍNICA MÉDICA","ENCAMINHAMENTO DE URGÊNCIA ","","","","","","","","","","","","","","","","","","","","","",""
"NORDESTE","HEF - FORMOSA","MÉDIA COMPLEXIDADE","URGÊNCIA E EMERGÊNCIA ","UTI ADULTO","ORTOPEDIA E TRAUMATOLOGIA","INTERNAÇÃO PRÓPRIA (COTA DIRETA)","HEF: PACIENTES ATENDIDOS PELA URGÊNCIA/EMERGÊNCIA E EGRESSOS DE CIRURGIA ELETIVA OU AMBULATÓRIO.","","","","","","","","","","","","","","","","","","","","",""
"NORDESTE","HEF - FORMOSA","MÉDIA COMPLEXIDADE","URGÊNCIA E EMERGÊNCIA ","UTI ADULTO","CIRURGIA GERAL ","INTERNAÇÃO PRÓPRIA (COTA DIRETA)","HEF: PACIENTES ATENDIDOS PELA URGÊNCIA/EMERGÊNCIA E EGRESSOS DE CIRURGIA ELETIVA OU AMBULATÓRIO.","","","","","","","","","","","","","","","","","","","","",""
"NORDESTE","HEF - FORMOSA","MÉDIA COMPLEXIDADE","URGÊNCIA E EMERGÊNCIA ","UTI ADULTO","OBSTETRÍCIA","INTERNAÇÃO PRÓPRIA (COTA DIRETA)","HEF: PACIENTES ATENDIDOS PELA URGÊNCIA/EMERGÊNCIA E EGRESSOS DE CIRURGIA ELETIVA OU AMBULATÓRIO.","","","","","","","","","","","","","","","","","","","","",""
"NORDESTE","HEF - FORMOSA","MÉDIA COMPLEXIDADE","URGÊNCIA E EMERGÊNCIA ","UTI ADULTO","CLÍNICA MÉDICA","INTERNAÇÃO PRÓPRIA (COTA DIRETA)","HEF: PACIENTES ATENDIDOS PELA URGÊNCIA/EMERGÊNCIA E EGRESSOS DE CIRURGIA ELETIVA OU AMBULATÓRIO.","","","","","","","","","","","","","","","","","","","","",""
"NORDESTE","HEF - FORMOSA","MÉDIA COMPLEXIDADE","URGÊNCIA E EMERGÊNCIA ","UTI ADULTO","ORTOPEDIA E TRAUMATOLOGIA","ACEITE DA UNIDADE EXECUTANTE","HEF: IDADE > 15 ANOS, FRATURAS E LESÕES DE MÉDIA COMPLEXIDADE, INCLUINDO EXPOSTA 

NÃO É PERFIL: FEMUR, COLO DO FEMUR, QUADRIL, COTOVELO, UMERO, COLUNA.","","","","","","","","","","","","","","","","","","","","",""
"NORDESTE","HEF - FORMOSA","MÉDIA COMPLEXIDADE","URGÊNCIA E EMERGÊNCIA ","UTI ADULTO","CIRURGIA GERAL ","ACEITE DA UNIDADE EXECUTANTE","HEF: FAB, FAF, ABDOME AGUDO","","","","","","","","","","","","","","","","","","","","",""
"NORDESTE","HEF - FORMOSA","MÉDIA COMPLEXIDADE","URGÊNCIA E EMERGÊNCIA ","UTI ADULTO","OBSTETRÍCIA","ACEITE DA UNIDADE EXECUTANTE","HEF: GO RISCO HABITUAL","","","","","","","","","","","","","","","","","","","","",""
"NORDESTE","HEF - FORMOSA","MÉDIA COMPLEXIDADE","URGÊNCIA E EMERGÊNCIA ","UTI ADULTO","CLÍNICA MÉDICA","ACEITE DA UNIDADE EXECUTANTE","","","","","","","","","","","","","","","","","","","","","",""
"CENTRO SUDESTE","HEI - ITUMBIARA","MÉDIA E ALTA COMPLEXIDADE","URGÊNCIA E EMERGÊNCIA ","ENFERMARIA ADULTO","CIRURGIA BUCOMAXILOFACIAL","INTERNAÇÃO PRÓPRIA (COTA DIRETA)","HEI: PACIENTES ATENDIDOS PELA URGÊNCIA/EMERGÊNCIA E EGRESSOS DE CIRURGIA ELETIVA OU AMBULATÓRIO.","","","","","","","","","","","","","","","","","","","","",""
"CENTRO SUDESTE","HEI - ITUMBIARA","MÉDIA E ALTA COMPLEXIDADE","URGÊNCIA E EMERGÊNCIA ","ENFERMARIA ADULTO","CIRURGIA BUCOMAXILOFACIAL","REGULAÇÃO PARA O LEITO","HEI: 
TRATAMENTO CIRÚRGICO DE FÍSTULA E CISTOS ORO-MAXILARES
OSTEOTOMIA DA MAXILA
OSTEOSSÍNTESE DA FRATURA COMPLEXA DA MANDÁBULA
OSTEOSSÍNTESE DE FRATURA COMPLEXA DA MAXILA
TRATAMENTO CIRURGICO DE HEMATOMA SUBDURAL CRONICO
NEUROLISE NÃO FUNCIONAL DE NERVOS PERIFERICOS
NEURORRAFIA
RINOPLASTIA PARA DEFEITOS PÓS-TRAUMÁTICOS.  ","","","","","","","","","","","","","","","","","","","","",""
"CENTRO SUDESTE","HEI - ITUMBIARA","MÉDIA E ALTA COMPLEXIDADE","URGÊNCIA E EMERGÊNCIA ","PRONTO SOCORRO","CIRURGIA BUCOMAXILOFACIAL","ENCAMINHAMENTO DE URGÊNCIA ","HEI: 
TRATAMENTO CIRÚRGICO DE FÍSTULA E CISTOS ORO-MAXILARES
OSTEOTOMIA DA MAXILA
OSTEOSSÍNTESE DA FRATURA COMPLEXA DA MANDÁBULA
OSTEOSSÍNTESE DE FRATURA COMPLEXA DA MAXILA
TRATAMENTO CIRURGICO DE HEMATOMA SUBDURAL CRONICO
NEUROLISE NÃO FUNCIONAL DE NERVOS PERIFERICOS
NEURORRAFIA
RINOPLASTIA PARA DEFEITOS PÓS-TRAUMÁTICOS.  ","","","","","","","","","","","","","","","","","","","","",""
"CENTRO SUDESTE","HEI - ITUMBIARA","MÉDIA E ALTA COMPLEXIDADE","URGÊNCIA E EMERGÊNCIA ","UTI ADULTO","CIRURGIA BUCOMAXILOFACIAL","INTERNAÇÃO PRÓPRIA (COTA DIRETA)","HEI: PACIENTES ATENDIDOS PELA URGÊNCIA/EMERGÊNCIA E EGRESSOS DE CIRURGIA ELETIVA OU AMBULATÓRIO.","","","","","","","","","","","","","","","","","","","","",""
"CENTRO SUDESTE","HEI - ITUMBIARA","MÉDIA E ALTA COMPLEXIDADE","URGÊNCIA E EMERGÊNCIA ","UTI ADULTO","CIRURGIA BUCOMAXILOFACIAL","REGULAÇÃO PARA O LEITO","HEI: 
TRATAMENTO CIRÚRGICO DE FÍSTULA E CISTOS ORO-MAXILARES
OSTEOTOMIA DA MAXILA
OSTEOSSÍNTESE DA FRATURA COMPLEXA DA MANDÁBULA
OSTEOSSÍNTESE DE FRATURA COMPLEXA DA MAXILA
TRATAMENTO CIRURGICO DE HEMATOMA SUBDURAL CRONICO
NEUROLISE NÃO FUNCIONAL DE NERVOS PERIFERICOS
NEURORRAFIA
RINOPLASTIA PARA DEFEITOS PÓS-TRAUMÁTICOS.  ","","","","","","","","","","","","","","","","","","","","",""
"CENTRO SUDESTE","HEI - ITUMBIARA","MÉDIA E ALTA COMPLEXIDADE","URGÊNCIA E EMERGÊNCIA ","ENFERMARIA ADULTO","CIRURGIA GERAL","INTERNAÇÃO PRÓPRIA (COTA DIRETA)","HEI: PACIENTES ATENDIDOS PELA URGÊNCIA/EMERGÊNCIA E EGRESSOS DE CIRURGIA ELETIVA OU AMBULATÓRIO.","","","","","","","","","","","","","","","","","","","","",""
"CENTRO SUDESTE","HEI - ITUMBIARA","MÉDIA E ALTA COMPLEXIDADE","URGÊNCIA E EMERGÊNCIA ","ENFERMARIA ADULTO","CIRURGIA GERAL","REGULAÇÃO PARA O LEITO","HEI: FAF, FAB, ABDOME AGUDO

HDA COM E SEM REPERCUSSÃO, UNIDADE CONTA COM O SERVIÇO DE ENDOSCOPIA SOMENTE SEGUNDA e QUARTA-FEIRA

REALIZA CPRE QUINZENALMENTE NA 1ª E 3ª QUINTA-FEIRA DE CADA MÊS (MEDIANTE DISPONIBILIDADE DE VAGA OFERTADA PELA UNIDADE, MONITORADO PELOS ANALISTAS POR MEIO DA PLANILHA DE CPRE)  ","","","","","","","","","","","","","","","","","","","","",""
"CENTRO SUDESTE","HEI - ITUMBIARA","MÉDIA E ALTA COMPLEXIDADE","URGÊNCIA E EMERGÊNCIA ","PRONTO SOCORRO","CIRURGIA GERAL","ENCAMINHAMENTO DE URGÊNCIA ","HEI: FAF, FAB, ABDOME AGUDO

HDA COM E SEM REPERCUSSÃO, UNIDADE CONTA COM O SERVIÇO DE ENDOSCOPIA SOMENTE SEGUNDA e QUARTA-FEIRA

REALIZA CPRE QUINZENALMENTE NA 1ª E 3ª QUINTA-FEIRA DE CADA MÊS (MEDIANTE DISPONIBILIDADE DE VAGA OFERTADA PELA UNIDADE, MONITORADO PELOS ANALISTAS POR MEIO DA PLANILHA DE CPRE)  ","","","","","","","","","","","","","","","","","","","","",""
"CENTRO SUDESTE","HEI - ITUMBIARA","MÉDIA E ALTA COMPLEXIDADE","URGÊNCIA E EMERGÊNCIA ","UTI ADULTO","CIRURGIA GERAL","INTERNAÇÃO PRÓPRIA (COTA DIRETA)","HEI: PACIENTES ATENDIDOS PELA URGÊNCIA/EMERGÊNCIA E EGRESSOS DE CIRURGIA ELETIVA OU AMBULATÓRIO.","","","","","","","","","","","","","","","","","","","","",""
"CENTRO SUDESTE","HEI - ITUMBIARA","MÉDIA E ALTA COMPLEXIDADE","URGÊNCIA E EMERGÊNCIA ","UTI ADULTO","CIRURGIA GERAL","REGULAÇÃO PARA O LEITO","HEI: FAF, FAB, ABDOME AGUDO

HDA COM E SEM REPERCUSSÃO, UNIDADE CONTA COM O SERVIÇO DE ENDOSCOPIA SOMENTE SEGUNDA e QUARTA-FEIRA

REALIZA CPRE QUINZENALMENTE NA 1ª E 3ª QUINTA-FEIRA DE CADA MÊS (MEDIANTE DISPONIBILIDADE DE VAGA OFERTADA PELA UNIDADE, MONITORADO PELOS ANALISTAS POR MEIO DA PLANILHA DE CPRE)  ","","","","","","","","","","","","","","","","","","","","",""
"CENTRO SUDESTE","HEI - ITUMBIARA","MÉDIA E ALTA COMPLEXIDADE","URGÊNCIA E EMERGÊNCIA ","ENFERMARIA ADULTO","CIRURGIA VASCULAR/ANGIO","INTERNAÇÃO PRÓPRIA (COTA DIRETA)","HEI: PACIENTES ATENDIDOS PELA URGÊNCIA/EMERGÊNCIA E EGRESSOS DE CIRURGIA ELETIVA OU AMBULATÓRIO.","","","","","","","","","","","","","","","","","","","","",""
"CENTRO SUDESTE","HEI - ITUMBIARA","MÉDIA E ALTA COMPLEXIDADE","URGÊNCIA E EMERGÊNCIA ","ENFERMARIA ADULTO","CIRURGIA VASCULAR/ANGIO","REGULAÇÃO PARA O LEITO","HEI: UNIDADE NÃO DISPÕE DE HEMODINÂMICA","","","","","","","","","","","","","","","","","","","","",""
"CENTRO SUDESTE","HEI - ITUMBIARA","MÉDIA E ALTA COMPLEXIDADE","URGÊNCIA E EMERGÊNCIA ","PRONTO SOCORRO","CIRURGIA VASCULAR/ANGIO","ENCAMINHAMENTO DE URGÊNCIA ","HEI:  AVALIAÇÃO DA VASCULAR PARA DEFINIÇÃO DE CONDUTA, UNIDADE NÃO DISPÕE DE HEMODINÂMICA","","","","","","","","","","","","","","","","","","","","",""
"CENTRO SUDESTE","HEI - ITUMBIARA","MÉDIA E ALTA COMPLEXIDADE","URGÊNCIA E EMERGÊNCIA ","UTI ADULTO","CIRURGIA VASCULAR/ANGIO","INTERNAÇÃO PRÓPRIA (COTA DIRETA)","HEI: PACIENTES ATENDIDOS PELA URGÊNCIA/EMERGÊNCIA E EGRESSOS DE CIRURGIA ELETIVA OU AMBULATÓRIO.","","","","","","","","","","","","","","","","","","","","",""
"CENTRO SUDESTE","HEI - ITUMBIARA","MÉDIA E ALTA COMPLEXIDADE","URGÊNCIA E EMERGÊNCIA ","UTI ADULTO","CIRURGIA VASCULAR/ANGIO","REGULAÇÃO PARA O LEITO","HEI: UNIDADE NÃO DISPÕE DE HEMODINÂMICA","","","","","","","","","","","","","","","","","","","","",""
"CENTRO SUDESTE","HEI - ITUMBIARA","MÉDIA E ALTA COMPLEXIDADE","URGÊNCIA E EMERGÊNCIA ","ENFERMARIA ADULTO","CLÍNICA MÉDICA","INTERNAÇÃO PRÓPRIA (COTA DIRETA)","HEI: PACIENTES ATENDIDOS PELA URGÊNCIA/EMERGÊNCIA E EGRESSOS DE CIRURGIA ELETIVA OU AMBULATÓRIO.","","","","","","","","","","","","","","","","","","","","",""
"CENTRO SUDESTE","HEI - ITUMBIARA","MÉDIA E ALTA COMPLEXIDADE","URGÊNCIA E EMERGÊNCIA ","ENFERMARIA ADULTO","CLÍNICA MÉDICA","REGULAÇÃO PARA O LEITO","HEI: CASOS CLÍNICOS DE URGÊNCIA E EMERGÊNCIA QUE DEMANDEM SUPORTE DE MÉDIA E ALTA COMPLEXIDADE, INCLUINDO:
DENGUE GRAVE OU HEMORRÁGICA; DISTÚRBIOS METABÓLICOS E ENDÓCRINOS (DIABETES MELLITUS – CAD E ESTADO HIPEROSMOLAR, PÉ DIABÉTICO COMPLICADO);
INFECÇÕES GRAVES (SEPSE, INFECÇÕES INTESTINAIS, INFECÇÕES DO SISTEMA NERVOSO CENTRAL); CRISE HIPERTENSIVA E INSUFICIÊNCIA CARDÍACA","","","","","","","","","","","","","","","","","","","","",""
"CENTRO SUDESTE","HEI - ITUMBIARA","MÉDIA E ALTA COMPLEXIDADE","URGÊNCIA E EMERGÊNCIA ","PRONTO SOCORRO","CLÍNICA MÉDICA","ENCAMINHAMENTO DE URGÊNCIA ","HEI: CASOS CLÍNICOS DE URGÊNCIA E EMERGÊNCIA QUE DEMANDEM SUPORTE DE MÉDIA E ALTA COMPLEXIDADE, INCLUINDO:
DENGUE GRAVE OU HEMORRÁGICA; DISTÚRBIOS METABÓLICOS E ENDÓCRINOS (DIABETES MELLITUS – CAD E ESTADO HIPEROSMOLAR, PÉ DIABÉTICO COMPLICADO);
INFECÇÕES GRAVES (SEPSE, INFECÇÕES INTESTINAIS, INFECÇÕES DO SISTEMA NERVOSO CENTRAL); CRISE HIPERTENSIVA E INSUFICIÊNCIA CARDÍACA""","","","","","","","","","","","","","","","","","","","","",""
"CENTRO SUDESTE","HEI - ITUMBIARA","MÉDIA E ALTA COMPLEXIDADE","URGÊNCIA E EMERGÊNCIA ","UTI ADULTO","CLÍNICA MÉDICA","INTERNAÇÃO PRÓPRIA (COTA DIRETA)","HEI: PACIENTES ATENDIDOS PELA URGÊNCIA/EMERGÊNCIA E EGRESSOS DE CIRURGIA ELETIVA OU AMBULATÓRIO.","","","","","","","","","","","","","","","","","","","","",""
"CENTRO SUDESTE","HEI - ITUMBIARA","MÉDIA E ALTA COMPLEXIDADE","URGÊNCIA E EMERGÊNCIA ","UTI ADULTO","CLÍNICA MÉDICA","REGULAÇÃO PARA O LEITO","HEI: CASOS CLÍNICOS DE URGÊNCIA E EMERGÊNCIA QUE DEMANDEM SUPORTE DE MÉDIA E ALTA COMPLEXIDADE, INCLUINDO:
DENGUE GRAVE OU HEMORRÁGICA; DISTÚRBIOS METABÓLICOS E ENDÓCRINOS (DIABETES MELLITUS – CAD E ESTADO HIPEROSMOLAR, PÉ DIABÉTICO COMPLICADO);
INFECÇÕES GRAVES (SEPSE, INFECÇÕES INTESTINAIS, INFECÇÕES DO SISTEMA NERVOSO CENTRAL); CRISE HIPERTENSIVA E INSUFICIÊNCIA CARDÍACA""","","","","","","","","","","","","","","","","","","","","",""
"CENTRO SUDESTE","HEI - ITUMBIARA","MÉDIA E ALTA COMPLEXIDADE","URGÊNCIA E EMERGÊNCIA ","ENFERMARIA ADULTO","NEUROCIRURGIA","INTERNAÇÃO PRÓPRIA (COTA DIRETA)","HEI: PACIENTES ATENDIDOS PELA URGÊNCIA/EMERGÊNCIA E EGRESSOS DE CIRURGIA ELETIVA OU AMBULATÓRIO.","","","","","","","","","","","","","","","","","","","","",""
"CENTRO SUDESTE","HEI - ITUMBIARA","MÉDIA E ALTA COMPLEXIDADE","URGÊNCIA E EMERGÊNCIA ","ENFERMARIA ADULTO","NEUROCIRURGIA","REGULAÇÃO PARA O LEITO","HEI: TCE, AVC, TRAUMATISMO CRANIANO MODERADO A GRAVE
HEMATOMAS CRANIANOS (TAIS COMO EPIDURAL, SUBDURAL, INTRAPARENQUIMATOSO, EXCETO HEMORRAGIA SUBARACNÓIDEA ESPONTANEA SUGESTIVO DE ANEURISMA OU MAV)
HIDROCEFALIA AGUDA E/OU DISFUNÇÃO DE VÁLVULA DE DERIVAÇÃO VENTRICULAR
AVEI MALIGNO COM INDICAÇÃO DE CRANIECTOMIA DESCOMPRESSIVA (ÁREA DE ISQUEMIA MAIOR QUE 50% DO TERRITÓRIO DA ARTÉRIA CEREBRAL MÉDIA)
PAF CRANIANO.","","","","","","","","","","","","","","","","","","","","",""
"CENTRO SUDESTE","HEI - ITUMBIARA","MÉDIA E ALTA COMPLEXIDADE","URGÊNCIA E EMERGÊNCIA ","PRONTO SOCORRO","NEUROCIRURGIA","ENCAMINHAMENTO DE URGÊNCIA ","HEI: TCE, AVC, TRAUMATISMO CRANIANO MODERADO A GRAVE
HEMATOMAS CRANIANOS (TAIS COMO EPIDURAL, SUBDURAL, INTRAPARENQUIMATOSO, EXCETO HEMORRAGIA SUBARACNÓIDEA ESPONTANEA SUGESTIVO DE ANEURISMA OU MAV)
HIDROCEFALIA AGUDA E/OU DISFUNÇÃO DE VÁLVULA DE DERIVAÇÃO VENTRICULAR
AVEI MALIGNO COM INDICAÇÃO DE CRANIECTOMIA DESCOMPRESSIVA (ÁREA DE ISQUEMIA MAIOR QUE 50% DO TERRITÓRIO DA ARTÉRIA CEREBRAL MÉDIA)
PAF CRANIANO.","","","","","","","","","","","","","","","","","","","","",""
"CENTRO SUDESTE","HEI - ITUMBIARA","MÉDIA E ALTA COMPLEXIDADE","URGÊNCIA E EMERGÊNCIA ","UTI ADULTO","NEUROCIRURGIA","INTERNAÇÃO PRÓPRIA (COTA DIRETA)","HEI: PACIENTES ATENDIDOS PELA URGÊNCIA/EMERGÊNCIA E EGRESSOS DE CIRURGIA ELETIVA OU AMBULATÓRIO.","","","","","","","","","","","","","","","","","","","","",""
"CENTRO SUDESTE","HEI - ITUMBIARA","MÉDIA E ALTA COMPLEXIDADE","URGÊNCIA E EMERGÊNCIA ","UTI ADULTO","NEUROCIRURGIA","REGULAÇÃO PARA O LEITO","HEI: TCE, AVC, TRAUMATISMO CRANIANO MODERADO A GRAVE
HEMATOMAS CRANIANOS (TAIS COMO EPIDURAL, SUBDURAL, INTRAPARENQUIMATOSO, EXCETO HEMORRAGIA SUBARACNÓIDEA ESPONTANEA SUGESTIVO DE ANEURISMA OU MAV)
HIDROCEFALIA AGUDA E/OU DISFUNÇÃO DE VÁLVULA DE DERIVAÇÃO VENTRICULAR
AVEI MALIGNO COM INDICAÇÃO DE CRANIECTOMIA DESCOMPRESSIVA (ÁREA DE ISQUEMIA MAIOR QUE 50% DO TERRITÓRIO DA ARTÉRIA CEREBRAL MÉDIA)
PAF CRANIANO.","","","","","","","","","","","","","","","","","","","","",""
"CENTRO SUDESTE","HEI - ITUMBIARA","MÉDIA E ALTA COMPLEXIDADE","URGÊNCIA E EMERGÊNCIA ","UTI ADULTO","NEUROLOGIA","INTERNAÇÃO PRÓPRIA (COTA DIRETA)","HEI: PACIENTES ATENDIDOS PELA URGÊNCIA/EMERGÊNCIA E EGRESSOS DE CIRURGIA ELETIVA OU AMBULATÓRIO.","","","","","","","","","","","","","","","","","","","","",""
"CENTRO SUDESTE","HEI - ITUMBIARA","MÉDIA E ALTA COMPLEXIDADE","URGÊNCIA E EMERGÊNCIA ","UTI ADULTO","NEUROLOGIA","REGULAÇÃO PARA O LEITO ","HEI: CRISES EPILÉPTICAS; ESTADO DE MAL EPILÉPTICO (CONVULSIVO OU NÃO-CONVULSIVO); CRISES DE DIFÍCIL CONTROLE OU COM REBAIXAMENTO DO NÍVEL DE CONSCIÊNCIA; PRIMEIRA CRISE; NECESSIDADE DE AJUSTE DE ANTICONVULSIVANTES SOB MONITORAMENTO; ACIDENTE VASCULAR CEREBRAL (AVC); AVC ISQUÊMICO; AVC HEMORRÁGICO; INFECÇÕES DO SISTEMA NERVOSO CENTRAL; MENINGITE BACTERIANA; ENCEFALITE","","","","","","","","","","","","","","","","","","","","",""
"CENTRO SUDESTE","HEI - ITUMBIARA","MÉDIA E ALTA COMPLEXIDADE","URGÊNCIA E EMERGÊNCIA ","PRONTO SOCORRO","NEUROLOGIA","ENCAMINHAMENTO DE URGÊNCIA ","Crises Epilépticas; Estado de mal epiléptico (convulsivo ou não-con-vulsivo); Crises de difícil controle ou com rebaixamento do nível de consciência; Primeira crise; Necessidade de ajuste de anticonvulsivantes sob monitoramento; Acidente Vascular Cerebral (AVC); AVC isquêmico; AVC hemorrágico; Infecções do Sistema Nervoso Central; Meningite bacteriana; Encefalite","","","","","","","","","","","","","","","","","","","","",""
"CENTRO SUDESTE","HEI - ITUMBIARA","MÉDIA E ALTA COMPLEXIDADE","URGÊNCIA E EMERGÊNCIA ","ENFERMARIA ADULTO","NEUROLOGIA","INTERNAÇÃO PRÓPRIA (COTA DIRETA)","HEI: PACIENTES ATENDIDOS PELA URGÊNCIA/EMERGÊNCIA E EGRESSOS DE CIRURGIA ELETIVA OU AMBULATÓRIO.","","","","","","","","","","","","","","","","","","","","",""
"CENTRO SUDESTE","HEI - ITUMBIARA","MÉDIA E ALTA COMPLEXIDADE","URGÊNCIA E EMERGÊNCIA ","ENFERMARIA ADULTO","NEUROLOGIA","REGULAÇÃO PARA O LEITO ","HEI: CRISES EPILÉPTICAS; ESTADO DE MAL EPILÉPTICO (CONVULSIVO OU NÃO-CONVULSIVO); CRISES DE DIFÍCIL CONTROLE OU COM REBAIXAMENTO DO NÍVEL DE CONSCIÊNCIA; PRIMEIRA CRISE; NECESSIDADE DE AJUSTE DE ANTICONVULSIVANTES SOB MONITORAMENTO; ACIDENTE VASCULAR CEREBRAL (AVC); AVC ISQUÊMICO; AVC HEMORRÁGICO; INFECÇÕES DO SISTEMA NERVOSO CENTRAL; MENINGITE BACTERIANA; ENCEFALITE","","","","","","","","","","","","","","","","","","","","",""
"CENTRO SUDESTE","HEI - ITUMBIARA","MÉDIA E ALTA COMPLEXIDADE","URGÊNCIA E EMERGÊNCIA ","ENFERMARIA ADULTO","ONCOLOGIA","INTERNAÇÃO PRÓPRIA (COTA DIRETA)","HEI: PACIENTES ATENDIDOS PELA URGÊNCIA/EMERGÊNCIA E EGRESSOS DE CIRURGIA ELETIVA OU AMBULATÓRIO.","","","","","","","","","","","","","","","","","","","","",""
"CENTRO SUDESTE","HEI - ITUMBIARA","MÉDIA E ALTA COMPLEXIDADE","URGÊNCIA E EMERGÊNCIA ","ENFERMARIA ADULTO","ONCOLOGIA","REGULAÇÃO PARA O LEITO","HEI: ATENDIMENTO DE URGÊNCIAS ONCOLÓGICAS CLÍNICAS, CUIDADOS PALIATIVOS COM CENTRAL DE QUIMIOTERAPIA E SUPORTE DO SERVIÇO DE CIRURGIA ONCOLÓGICA NA ESPECIALIDADE DE CIRURGIA GERAL.

UNIDADE NÃO DISPÕE DO SERVIÇO DE RADIOTERAPIA E HEMATOLOGIA. 

PERFIL: TRATAMENTO CIRURGICO DE FISTULA BRONCOPLEURAL COM AMPUTAÇÃO DE COTO BRONQUICO; 
PLEUROSTOMIA;
TRAQUEOPLASTIA POR ACESSO TORACICO;
TRAQUEOSPLASTIA E/OU LARINGOTRAQUEOPLASTIA;
CURATIVO GRAU II C/ OU S/ DEBRIDAMENTO, CURTAIVO GRAU I COM OU S/ DEBRIDAMENTO;
DRENAGEM DE ABCESSO; DRENAGEM TUBULAR PLEURAL ABERTA (PLEUROSTOMIA);RETIRADA DE DRENO TUBULAR TORACICO; TORACOCENTESE/DRENAGEM DE PLEURA
PARACENTESE ABDOMINAL; DRENAGEM TUBULAR ABERTA DE CAVIDADE PULMONAR; DRENAGEM DE PLEURA; DRENAGEM DE PNEUMOTORAX; 
REPARAÇÃO DE OUTRAS HERNIAS; TORACOCENTESE; TORACOSTOMIA COM DRENAGEM PLEURAL FECHADA; DESCORTICAÇÃO PULMONAR; FECHAMENTO DE PLEUROTOMIA; PLEURECTOMIA; PLEUROTOMIA; REPLEÇÃO DE CAVIDADE PLEURAL COM SOLUÇÃO PARA TRATAMENTO DE EMPIEMA CRONICO;
RESSECÇÃO DE EPIPLOM; 
PLEUROSTOMIA; PLEURODESE; 
CATETERISMO DE VEIA CENTRAL (POR PUNÇÃO);
RETIRADA DE CORPO ESTRANHO SUBCUTANEO;
EXERESE DE CISTO BRANQUIAL; EXERESE DE CISTO DERMOIDE; 
COLECISTECTOMIA; COLECISTECTOMIA VIDEOLAPAROSCÓPICA; 
HERNIOPLASTIA UMBILICAL,HERNIORRAFIA INGUINAL VIDEOLAPAROSCOPICA             ","","","","","","","","","","","","","","","","","","","","",""
"CENTRO SUDESTE","HEI - ITUMBIARA","MÉDIA E ALTA COMPLEXIDADE","URGÊNCIA E EMERGÊNCIA ","PRONTO SOCORRO","ONCOLOGIA","ENCAMINHAMENTO DE URGÊNCIA ","HEI: ATENDIMENTO DE URGÊNCIAS ONCOLÓGICAS CLÍNICAS, CUIDADOS PALIATIVOS COM CENTRAL DE QUIMIOTERAPIA E SUPORTE DO SERVIÇO DE CIRURGIA ONCOLÓGICA NA ESPECIALIDADE DE CIRURGIA GERAL.

UNIDADE NÃO DISPÕE DO SERVIÇO DE RADIOTERAPIA E HEMATOLOGIA. 

PERFIL: TRATAMENTO CIRURGICO DE FISTULA BRONCOPLEURAL COM AMPUTAÇÃO DE COTO BRONQUICO; 
PLEUROSTOMIA;
TRAQUEOPLASTIA POR ACESSO TORACICO;
TRAQUEOSPLASTIA E/OU LARINGOTRAQUEOPLASTIA;
CURATIVO GRAU II C/ OU S/ DEBRIDAMENTO, CURTAIVO GRAU I COM OU S/ DEBRIDAMENTO;
DRENAGEM DE ABCESSO; DRENAGEM TUBULAR PLEURAL ABERTA (PLEUROSTOMIA);RETIRADA DE DRENO TUBULAR TORACICO; TORACOCENTESE/DRENAGEM DE PLEURA
PARACENTESE ABDOMINAL; DRENAGEM TUBULAR ABERTA DE CAVIDADE PULMONAR; DRENAGEM DE PLEURA; DRENAGEM DE PNEUMOTORAX; 
REPARAÇÃO DE OUTRAS HERNIAS; TORACOCENTESE; TORACOSTOMIA COM DRENAGEM PLEURAL FECHADA; DESCORTICAÇÃO PULMONAR; FECHAMENTO DE PLEUROTOMIA; PLEURECTOMIA; PLEUROTOMIA; REPLEÇÃO DE CAVIDADE PLEURAL COM SOLUÇÃO PARA TRATAMENTO DE EMPIEMA CRONICO;
RESSECÇÃO DE EPIPLOM; 
PLEUROSTOMIA; PLEURODESE; 
CATETERISMO DE VEIA CENTRAL (POR PUNÇÃO);
RETIRADA DE CORPO ESTRANHO SUBCUTANEO;
EXERESE DE CISTO BRANQUIAL; EXERESE DE CISTO DERMOIDE; 
COLECISTECTOMIA; COLECISTECTOMIA VIDEOLAPAROSCÓPICA; 
HERNIOPLASTIA UMBILICAL,HERNIORRAFIA INGUINAL VIDEOLAPAROSCOPICA             ","","","","","","","","","","","","","","","","","","","","",""
"CENTRO SUDESTE","HEI - ITUMBIARA","MÉDIA E ALTA COMPLEXIDADE","URGÊNCIA E EMERGÊNCIA ","UTI ADULTO","ONCOLOGIA","INTERNAÇÃO PRÓPRIA (COTA DIRETA)","HEI: PACIENTES ATENDIDOS PELA URGÊNCIA/EMERGÊNCIA E EGRESSOS DE CIRURGIA ELETIVA OU AMBULATÓRIO.","","","","","","","","","","","","","","","","","","","","",""
"CENTRO SUDESTE","HEI - ITUMBIARA","MÉDIA E ALTA COMPLEXIDADE","URGÊNCIA E EMERGÊNCIA ","UTI ADULTO","ONCOLOGIA","REGULAÇÃO PARA O LEITO","HEI: ATENDIMENTO DE URGÊNCIAS ONCOLÓGICAS CLÍNICAS, CUIDADOS PALIATIVOS COM CENTRAL DE QUIMIOTERAPIA E SUPORTE DO SERVIÇO DE CIRURGIA ONCOLÓGICA NA ESPECIALIDADE DE CIRURGIA GERAL.

UNIDADE NÃO DISPÕE DO SERVIÇO DE RADIOTERAPIA E HEMATOLOGIA. 

PERFIL: TRATAMENTO CIRURGICO DE FISTULA BRONCOPLEURAL COM AMPUTAÇÃO DE COTO BRONQUICO; 
PLEUROSTOMIA;
TRAQUEOPLASTIA POR ACESSO TORACICO;
TRAQUEOSPLASTIA E/OU LARINGOTRAQUEOPLASTIA;
CURATIVO GRAU II C/ OU S/ DEBRIDAMENTO, CURTAIVO GRAU I COM OU S/ DEBRIDAMENTO;
DRENAGEM DE ABCESSO; DRENAGEM TUBULAR PLEURAL ABERTA (PLEUROSTOMIA);RETIRADA DE DRENO TUBULAR TORACICO; TORACOCENTESE/DRENAGEM DE PLEURA
PARACENTESE ABDOMINAL; DRENAGEM TUBULAR ABERTA DE CAVIDADE PULMONAR; DRENAGEM DE PLEURA; DRENAGEM DE PNEUMOTORAX; 
REPARAÇÃO DE OUTRAS HERNIAS; TORACOCENTESE; TORACOSTOMIA COM DRENAGEM PLEURAL FECHADA; DESCORTICAÇÃO PULMONAR; FECHAMENTO DE PLEUROTOMIA; PLEURECTOMIA; PLEUROTOMIA; REPLEÇÃO DE CAVIDADE PLEURAL COM SOLUÇÃO PARA TRATAMENTO DE EMPIEMA CRONICO;
RESSECÇÃO DE EPIPLOM; 
PLEUROSTOMIA; PLEURODESE; 
CATETERISMO DE VEIA CENTRAL (POR PUNÇÃO);
RETIRADA DE CORPO ESTRANHO SUBCUTANEO;
EXERESE DE CISTO BRANQUIAL; EXERESE DE CISTO DERMOIDE; 
COLECISTECTOMIA; COLECISTECTOMIA VIDEOLAPAROSCÓPICA; 
HERNIOPLASTIA UMBILICAL,HERNIORRAFIA INGUINAL VIDEOLAPAROSCOPICA             ","","","","","","","","","","","","","","","","","","","","",""
"CENTRO SUDESTE","HEI - ITUMBIARA","MÉDIA E ALTA COMPLEXIDADE","URGÊNCIA E EMERGÊNCIA ","ENFERMARIA ADULTO","ORTOPEDIA E TRAUMATOLOGIA","INTERNAÇÃO PRÓPRIA (COTA DIRETA)","HEI: PACIENTES ATENDIDOS PELA URGÊNCIA/EMERGÊNCIA E EGRESSOS DE CIRURGIA ELETIVA OU AMBULATÓRIO.","","","","","","","","","","","","","","","","","","","","",""
"CENTRO SUDESTE","HEI - ITUMBIARA","MÉDIA E ALTA COMPLEXIDADE","URGÊNCIA E EMERGÊNCIA ","ENFERMARIA ADULTO","ORTOPEDIA E TRAUMATOLOGIA","REGULAÇÃO PARA O LEITO","HEI: FRATURAS E LESÕES DE  MÉDIA E ALTA COMPLEXIDADE INCLUINDO EXPOSTA, POLITRAUMA

NÃO É PERFIL: COLUNA, MÃO, MICROCIRURGIA, ENXERTIA (PLÁSTICA) ","","","","","","","","","","","","","","","","","","","","",""
"CENTRO SUDESTE","HEI - ITUMBIARA","MÉDIA E ALTA COMPLEXIDADE","URGÊNCIA E EMERGÊNCIA ","PRONTO SOCORRO","ORTOPEDIA E TRAUMATOLOGIA","ENCAMINHAMENTO DE URGÊNCIA ","HEI: FRATURAS E LESÕES DE  MÉDIA E ALTA COMPLEXIDADE INCLUINDO EXPOSTA, POLITRAUMA

NÃO É PERFIL: COLUNA, MÃO, MICROCIRURGIA, ENXERTIA (PLÁSTICA) ","","","","","","","","","","","","","","","","","","","","",""
"CENTRO SUDESTE","HEI - ITUMBIARA","MÉDIA E ALTA COMPLEXIDADE","URGÊNCIA E EMERGÊNCIA ","UTI ADULTO","ORTOPEDIA E TRAUMATOLOGIA","INTERNAÇÃO PRÓPRIA (COTA DIRETA)","HEI: PACIENTES ATENDIDOS PELA URGÊNCIA/EMERGÊNCIA E EGRESSOS DE CIRURGIA ELETIVA OU AMBULATÓRIO.","","","","","","","","","","","","","","","","","","","","",""
"CENTRO SUDESTE","HEI - ITUMBIARA","MÉDIA E ALTA COMPLEXIDADE","URGÊNCIA E EMERGÊNCIA ","UTI ADULTO","ORTOPEDIA E TRAUMATOLOGIA ","REGULAÇÃO PARA O LEITO","HEI: FRATURAS E LESÕES DE  MÉDIA E ALTA COMPLEXIDADE INCLUINDO EXPOSTA, POLITRAUMA

NÃO É PERFIL: COLUNA, MÃO, MICROCIRURGIA, ENXERTIA (PLÁSTICA) ","","","","","","","","","","","","","","","","","","","","",""
"CENTRO SUDESTE","HEI - ITUMBIARA","MÉDIA E ALTA COMPLEXIDADE","URGÊNCIA E EMERGÊNCIA ","ENFERMARIA PEDIATRICA","PEDIATRIA","REGULAÇÃO PARA O LEITO","HEI: CPRE PARA CRIANÇAS A PARTIR DE 15KG. 
UNIDADE NÃO TEM PRONTO SOCORRO PEDIÁTRICO","","","","","","","","","","","","","","","","","","","","",""
"CENTRO SUDESTE","HEI - ITUMBIARA","MÉDIA E ALTA COMPLEXIDADE","URGÊNCIA E EMERGÊNCIA ","UTI PEDIATRICA","PEDIATRIA","INTERNAÇÃO PRÓPRIA (COTA DIRETA)","HEI: PACIENTES ATENDIDOS PELA URGÊNCIA/EMERGÊNCIA E EGRESSOS DE CIRURGIA ELETIVA OU AMBULATÓRIO.","","","","","","","","","","","","","","","","","","","","",""
"CENTRO SUDESTE","HEI - ITUMBIARA","MÉDIA E ALTA COMPLEXIDADE","URGÊNCIA E EMERGÊNCIA ","UTI PEDIATRICA","PEDIATRIA","REGULAÇÃO PARA O LEITO","HEI: CPRE PARA CRIANÇAS A PARTIR DE 15KG. 
UNIDADE NÃO TEM PRONTO SOCORRO PEDIÁTRICO","","","","","","","","","","","","","","","","","","","","",""
"CENTRO SUDESTE","HEI - ITUMBIARA","MÉDIA E ALTA COMPLEXIDADE","URGÊNCIA E EMERGÊNCIA ","ENFERMARIA PEDIATRICA","PEDIATRIA ","INTERNAÇÃO PRÓPRIA (COTA DIRETA)","HEI: PACIENTES ATENDIDOS PELA URGÊNCIA/EMERGÊNCIA E EGRESSOS DE CIRURGIA ELETIVA OU AMBULATÓRIO.","","","","","","","","","","","","","","","","","","","","",""
"CENTRO SUDESTE","HEI - ITUMBIARA","MÉDIA E ALTA COMPLEXIDADE","URGÊNCIA E EMERGÊNCIA ","ENFERMARIA ADULTO (SAÚDE MENTAL)","SAÚDE MENTAL ","INTERNAÇÃO PRÓPRIA (COTA DIRETA)","HEI: PACIENTES ATENDIDOS PELA URGÊNCIA/EMERGÊNCIA E EGRESSOS DE CIRURGIA ELETIVA OU AMBULATÓRIO.","","","","","","","","","","","","","","","","","","","","",""
"CENTRO SUDESTE","HEI - ITUMBIARA","MÉDIA E ALTA COMPLEXIDADE","URGÊNCIA E EMERGÊNCIA ","ENFERMARIA ADULTO","SAÚDE MENTAL ","REGULAÇÃO PARA O LEITO ","HEI: A PARTIR DE 18 ANOS, PERFIL TM - INTERNAÇÃO EM LEITO PSIQUIÁTRICO ADULTO CONFORME OS SEGUINTES PERFIS: PACIENTES COM SOFRIMENTO OU TRANSTORNO MENTAL QUANDO OS RECURSOS HOSPITALARES SE MOSTRAREM INSUFICIENTES; COMPORTAMENTO AGITADO OU AGRESSIVO; PLANEJAMENTO SUICIDA COM POSSIBILIDADE DE EFETIVAÇÃO DO ATO OU TENTATIVA DE SUICÍDIO QUE NÃO NECESSITE DE INTERNAÇÃO CLÍNICA OU CIRÚRGICA; SINTOMAS PSICÓTICOS GRAVES A MODERADOS, ESTUPOR DEPRESSIVO, EXCITAÇÃO MANÍACA, ATOS DE AUTOMUTILAÇÃO; JUÍZO CRÍTICO ACENTUADAMENTE COMPROMETIDO E SEVERA AUTONEGLIGÊNCIA; COMPORTAMENTO BIZARRO; SÍNDROMES CONVERSIVAS; ESTUPOR DEPRESSIVO","","","","","","","","","","","","","","","","","","","","",""
"CENTRO SUDOESTE","HEJ - JATAÍ","MÉDIA COMPLEXIDADE","URGÊNCIA E EMERGÊNCIA ","UTI ADULTO","CIRURGIA BUCOMAXILOFACIAL","REGULAÇÃO PARA O LEITO","","","","","","","","","","","","","","","","","","","","","",""
"CENTRO SUDOESTE","HEJ - JATAÍ","MÉDIA COMPLEXIDADE","URGÊNCIA E EMERGÊNCIA ","UTI ADULTO","CIRURGIA GERAL","REGULAÇÃO PARA O LEITO","HEJ: FAB, FAF, ABDOME AGUDO","","","","","","","","","","","","","","","","","","","","",""
"CENTRO SUDOESTE","HEJ - JATAÍ","MÉDIA COMPLEXIDADE","URGÊNCIA E EMERGÊNCIA ","UTI ADULTO","ORTOPEDIA E TRAUMATOLOGIA","REGULAÇÃO PARA O LEITO","HEJ: FRATURAS EM GERAL. 

EXCETO: COLUNA; FRATURAS COM SUSPEITA DE LESÃO NERVOSA ASSOCIADA (LESÃO DE NERVO FIBULAR, TIBIAL, ULNAR, MEDIANO, ENTRE OUTROS — EXEMPLOS: PÉ CAÍDO, MÃO CAÍDA, PARESTESIAS ASSOCIADAS), QUE DEMANDEM MICROCIRURGIA, NÃO DISPONÍVEL NA UNIDADE.","","","","","","","","","","","","","","","","","","","","",""
"CENTRO SUDOESTE","HEJ - JATAÍ","MÉDIA COMPLEXIDADE","URGÊNCIA E EMERGÊNCIA ","UTI ADULTO","CLÍNICA MÉDICA","REGULAÇÃO PARA O LEITO","HEJ: EXCETO CARDIOLOGIA E NEUROCIRURGIA. AVC: SOMENTE ATENDIMENTO AO AVC ISQUÊMICO DENTRO DA JANELA TERAPÊUTICA PRECONIZADA PELO MINISTÉRIO DA SAÚDE.","","","","","","","","","","","","","","","","","","","","",""
"CENTRO SUDOESTE","HEJ - JATAÍ","MÉDIA COMPLEXIDADE","URGÊNCIA E EMERGÊNCIA ","UTI ADULTO","UROLOGIA","REGULAÇÃO PARA O LEITO","HEJ: CISTOSTOMIA; DRENAGEM DE ABSCESSO DA BOLSA ESCROTAL; TRATAMENTO CIRÚRGICO DE TORÇÃO DO TESTÍCULO/DO CORDÃO ESPERMÁTICO; CÁLCULOS DISTAIS; RETENÇÃO URINÁRIA AGUDA (NÃO NEOPLÁSICA).

NÃO É PERFIL: CASOS SUSPEITOS DE OBSTRUÇÃO NEOPLÁSICA PROSTÁTICA OU GINECOLÓGICA; HEMATÚRIA (UNIDADE NÃO DISPÕE DE CISTOSCOPIA PARA DIAGNÓSTICO); CÁLCULOS CORALIFORMES E/OU PROXIMAIS (UNIDADE NÃO DISPÕE DE URETERORRENOSCOPIA FLEXÍVEL).","","","","","","","","","","","","","","","","","","","","",""
"CENTRO SUDOESTE","HEJ - JATAÍ","MÉDIA COMPLEXIDADE","URGÊNCIA E EMERGÊNCIA ","UTI ADULTO","OBSTETRÍCIA","REGULAÇÃO PARA O LEITO","HEJ: RISCO HABITUAL","","","","","","","","","","","","","","","","","","","","",""
"CENTRO SUDOESTE","HEJ - JATAÍ","MÉDIA COMPLEXIDADE","URGÊNCIA E EMERGÊNCIA ","PRONTO SOCORRO","CIRURGIA BUCOMAXILOFACIAL","ENCAMINHAMENTO DE URGÊNCIA ","","","","","","","","","","","","","","","","","","","","","",""
"CENTRO SUDOESTE","HEJ - JATAÍ","MÉDIA COMPLEXIDADE","URGÊNCIA E EMERGÊNCIA ","PRONTO SOCORRO","CIRURGIA GERAL","ENCAMINHAMENTO DE URGÊNCIA ","HEJ: FAB, FAF, ABDOME AGUDO","","","","","","","","","","","","","","","","","","","","",""
"CENTRO SUDOESTE","HEJ - JATAÍ","MÉDIA COMPLEXIDADE","URGÊNCIA E EMERGÊNCIA ","PRONTO SOCORRO","ORTOPEDIA E TRAUMATOLOGIA","ENCAMINHAMENTO DE URGÊNCIA ","HEJ: FRATURAS EM GERAL. 

EXCETO: COLUNA; FRATURAS COM SUSPEITA DE LESÃO NERVOSA ASSOCIADA (LESÃO DE NERVO FIBULAR, TIBIAL, ULNAR, MEDIANO, ENTRE OUTROS — EXEMPLOS: PÉ CAÍDO, MÃO CAÍDA, PARESTESIAS ASSOCIADAS), QUE DEMANDEM MICROCIRURGIA, NÃO DISPONÍVEL NA UNIDADE.""","","","","","","","","","","","","","","","","","","","","",""
"CENTRO SUDOESTE","HEJ - JATAÍ","MÉDIA COMPLEXIDADE","URGÊNCIA E EMERGÊNCIA ","PRONTO SOCORRO","CLÍNICA MÉDICA","ENCAMINHAMENTO DE URGÊNCIA ","HEJ: EXCETO CARDIOLOGIA E NEUROCIRURGIA. AVC: SOMENTE ATENDIMENTO AO AVC ISQUÊMICO DENTRO DA JANELA TERAPÊUTICA PRECONIZADA PELO MINISTÉRIO DA SAÚDE.","","","","","","","","","","","","","","","","","","","","",""
"CENTRO SUDOESTE","HEJ - JATAÍ","MÉDIA COMPLEXIDADE","URGÊNCIA E EMERGÊNCIA ","PRONTO SOCORRO","UROLOGIA","ENCAMINHAMENTO DE URGÊNCIA ","HEJ: CISTOSTOMIA; DRENAGEM DE ABSCESSO DA BOLSA ESCROTAL; TRATAMENTO CIRÚRGICO DE TORÇÃO DO TESTÍCULO/DO CORDÃO ESPERMÁTICO; CÁLCULOS DISTAIS; RETENÇÃO URINÁRIA AGUDA (NÃO NEOPLÁSICA).

NÃO É PERFIL: CASOS SUSPEITOS DE OBSTRUÇÃO NEOPLÁSICA PROSTÁTICA OU GINECOLÓGICA; HEMATÚRIA (UNIDADE NÃO DISPÕE DE CISTOSCOPIA PARA DIAGNÓSTICO); CÁLCULOS CORALIFORMES E/OU PROXIMAIS (UNIDADE NÃO DISPÕE DE URETERORRENOSCOPIA FLEXÍVEL).","","","","","","","","","","","","","","","","","","","","",""
"CENTRO SUDOESTE","HEJ - JATAÍ","MÉDIA COMPLEXIDADE","URGÊNCIA E EMERGÊNCIA ","PRONTO SOCORRO","OBSTETRÍCIA","ENCAMINHAMENTO DE URGÊNCIA ","HEJ: RISCO HABITUAL","","","","","","","","","","","","","","","","","","","","",""
"CENTRO SUDOESTE","HEJ - JATAÍ","MÉDIA COMPLEXIDADE","URGÊNCIA E EMERGÊNCIA ","PRONTO SOCORRO","PEDIATRIA","ENCAMINHAMENTO DE URGÊNCIA ","HEJ: CRIANÇAS ATÉ 12 ANOS E 11 MESES PODEM SER DIRECIONADAS PARA INTERNAÇÃO

NÃO É PERFIL: PACIENTES COM RISCO DE COMPLICAÇÕES COM NECESSIDADE DE SUPORTE DE UTI PEDIÁTRICA E/OU NEONATAL, UNIDADE NÃO DISPÕE.

NÃO DISPÕE DE CIPE.","","","","","","","","","","","","","","","","","","","","",""
"CENTRO SUDOESTE","HEJ - JATAÍ","MÉDIA COMPLEXIDADE","URGÊNCIA E EMERGÊNCIA ","ENFERMARIA ADULTO","CIRURGIA BUCOMAXILOFACIAL","INTERNAÇÃO PRÓPRIA (COTA DIRETA)","HEJ: PACIENTES ATENDIDOS PELA URGÊNCIA/EMERGÊNCIA E EGRESSOS DE CIRURGIA ELETIVA OU AMBULATÓRIO.","","","","","","","","","","","","","","","","","","","","",""
"CENTRO SUDOESTE","HEJ - JATAÍ","MÉDIA COMPLEXIDADE","URGÊNCIA E EMERGÊNCIA ","UTI ADULTO","CIRURGIA BUCOMAXILOFACIAL","INTERNAÇÃO PRÓPRIA (COTA DIRETA)","HEJ: PACIENTES ATENDIDOS PELA URGÊNCIA/EMERGÊNCIA E EGRESSOS DE CIRURGIA ELETIVA OU AMBULATÓRIO.","","","","","","","","","","","","","","","","","","","","",""
"CENTRO SUDOESTE","HEJ - JATAÍ","MÉDIA COMPLEXIDADE","URGÊNCIA E EMERGÊNCIA ","ENFERMARIA ADULTO","ORTOPEDIA E TRAUMATOLOGIA","INTERNAÇÃO PRÓPRIA (COTA DIRETA)","HEJ: PACIENTES ATENDIDOS PELA URGÊNCIA/EMERGÊNCIA E EGRESSOS DE CIRURGIA ELETIVA OU AMBULATÓRIO.","","","","","","","","","","","","","","","","","","","","",""
"CENTRO SUDOESTE","HEJ - JATAÍ","MÉDIA COMPLEXIDADE","URGÊNCIA E EMERGÊNCIA ","UTI ADULTO","ORTOPEDIA E TRAUMATOLOGIA","INTERNAÇÃO PRÓPRIA (COTA DIRETA)","HEJ: PACIENTES ATENDIDOS PELA URGÊNCIA/EMERGÊNCIA E EGRESSOS DE CIRURGIA ELETIVA OU AMBULATÓRIO.","","","","","","","","","","","","","","","","","","","","",""
"CENTRO SUDOESTE","HEJ - JATAÍ","MÉDIA COMPLEXIDADE","URGÊNCIA E EMERGÊNCIA ","ENFERMARIA ADULTO","UROLOGIA","INTERNAÇÃO PRÓPRIA (COTA DIRETA)","HEJ: PACIENTES ATENDIDOS PELA URGÊNCIA/EMERGÊNCIA E EGRESSOS DE CIRURGIA ELETIVA OU AMBULATÓRIO.","","","","","","","","","","","","","","","","","","","","",""
"CENTRO SUDOESTE","HEJ - JATAÍ","MÉDIA COMPLEXIDADE","URGÊNCIA E EMERGÊNCIA ","UTI ADULTO","UROLOGIA","INTERNAÇÃO PRÓPRIA (COTA DIRETA)","HEJ: PACIENTES ATENDIDOS PELA URGÊNCIA/EMERGÊNCIA E EGRESSOS DE CIRURGIA ELETIVA OU AMBULATÓRIO.","","","","","","","","","","","","","","","","","","","","",""
"CENTRO SUDOESTE","HEJ - JATAÍ","MÉDIA COMPLEXIDADE","URGÊNCIA E EMERGÊNCIA ","ENFERMARIA ADULTO","OBSTETRÍCIA","INTERNAÇÃO PRÓPRIA (COTA DIRETA)","HEJ: PACIENTES ATENDIDOS PELA URGÊNCIA/EMERGÊNCIA E EGRESSOS DE CIRURGIA ELETIVA OU AMBULATÓRIO.","","","","","","","","","","","","","","","","","","","","",""
"CENTRO SUDOESTE","HEJ - JATAÍ","MÉDIA COMPLEXIDADE","URGÊNCIA E EMERGÊNCIA ","UTI ADULTO","OBSTETRÍCIA","INTERNAÇÃO PRÓPRIA (COTA DIRETA)","HEJ: PACIENTES ATENDIDOS PELA URGÊNCIA/EMERGÊNCIA E EGRESSOS DE CIRURGIA ELETIVA OU AMBULATÓRIO.","","","","","","","","","","","","","","","","","","","","",""
"CENTRO SUDOESTE","HEJ - JATAÍ","MÉDIA COMPLEXIDADE","URGÊNCIA E EMERGÊNCIA ","ENFERMARIA ADULTO","CIRURGIA GERAL","INTERNAÇÃO PRÓPRIA (COTA DIRETA)","HEJ: PACIENTES ATENDIDOS PELA URGÊNCIA/EMERGÊNCIA E EGRESSOS DE CIRURGIA ELETIVA OU AMBULATÓRIO.","","","","","","","","","","","","","","","","","","","","",""
"CENTRO SUDOESTE","HEJ - JATAÍ","MÉDIA COMPLEXIDADE","URGÊNCIA E EMERGÊNCIA ","UTI ADULTO","CIRURGIA GERAL","INTERNAÇÃO PRÓPRIA (COTA DIRETA)","HEJ: PACIENTES ATENDIDOS PELA URGÊNCIA/EMERGÊNCIA E EGRESSOS DE CIRURGIA ELETIVA OU AMBULATÓRIO.","","","","","","","","","","","","","","","","","","","","",""
"CENTRO SUDOESTE","HEJ - JATAÍ","MÉDIA COMPLEXIDADE","URGÊNCIA E EMERGÊNCIA ","ENFERMARIA ADULTO","CLÍNICA MÉDICA","INTERNAÇÃO PRÓPRIA (COTA DIRETA)","HEJ: PACIENTES ATENDIDOS PELA URGÊNCIA/EMERGÊNCIA E EGRESSOS DE CIRURGIA ELETIVA OU AMBULATÓRIO.","","","","","","","","","","","","","","","","","","","","",""
"CENTRO SUDOESTE","HEJ - JATAÍ","MÉDIA COMPLEXIDADE","URGÊNCIA E EMERGÊNCIA ","UTI ADULTO","CLÍNICA MÉDICA","INTERNAÇÃO PRÓPRIA (COTA DIRETA)","HEJ: PACIENTES ATENDIDOS PELA URGÊNCIA/EMERGÊNCIA E EGRESSOS DE CIRURGIA ELETIVA OU AMBULATÓRIO.","","","","","","","","","","","","","","","","","","","","",""
"CENTRO SUDOESTE","HEJ - JATAÍ","MÉDIA COMPLEXIDADE","URGÊNCIA E EMERGÊNCIA ","ENFERMARIA PEDIATRICA","PEDIATRIA","INTERNAÇÃO PRÓPRIA (COTA DIRETA)","HEJ: PACIENTES ATENDIDOS PELA URGÊNCIA/EMERGÊNCIA E EGRESSOS DE CIRURGIA ELETIVA OU AMBULATÓRIO.","","","","","","","","","","","","","","","","","","","","",""
"CENTRO SUDOESTE","HEJ - JATAÍ","MÉDIA COMPLEXIDADE","URGÊNCIA E EMERGÊNCIA ","ENFERMARIA ADULTO (SAÚDE MENTAL)","SAÚDE MENTAL","INTERNAÇÃO PRÓPRIA (COTA DIRETA)","HEJ: PACIENTES ATENDIDOS PELA URGÊNCIA/EMERGÊNCIA E EGRESSOS DE CIRURGIA ELETIVA OU AMBULATÓRIO.","","","","","","","","","","","","","","","","","","","","",""
"CENTRO SUDOESTE","HEJ - JATAÍ","MÉDIA COMPLEXIDADE","URGÊNCIA E EMERGÊNCIA ","ENFERMARIA ADULTO","UROLOGIA","REGULAÇÃO PARA O LEITO","HEJ: CISTOSTOMIA; DRENAGEM DE ABSCESSO DA BOLSA ESCROTAL; TRATAMENTO CIRÚRGICO DE TORÇÃO DO TESTÍCULO/DO CORDÃO ESPERMÁTICO; CÁLCULOS DISTAIS; RETENÇÃO URINÁRIA AGUDA (NÃO NEOPLÁSICA).

NÃO É PERFIL: CASOS SUSPEITOS DE OBSTRUÇÃO NEOPLÁSICA PROSTÁTICA OU GINECOLÓGICA; HEMATÚRIA (UNIDADE NÃO DISPÕE DE CISTOSCOPIA PARA DIAGNÓSTICO); CÁLCULOS CORALIFORMES E/OU PROXIMAIS (UNIDADE NÃO DISPÕE DE URETERORRENOSCOPIA FLEXÍVEL).","","","","","","","","","","","","","","","","","","","","",""
"CENTRO SUDOESTE","HEJ - JATAÍ","MÉDIA COMPLEXIDADE","URGÊNCIA E EMERGÊNCIA ","ENFERMARIA ADULTO","OBSTETRÍCIA","REGULAÇÃO PARA O LEITO","HEJ: RISCO HABITUAL","","","","","","","","","","","","","","","","","","","","",""
"CENTRO SUDOESTE","HEJ - JATAÍ","MÉDIA COMPLEXIDADE","URGÊNCIA E EMERGÊNCIA ","ENFERMARIA ADULTO (SAÚDE MENTAL)","SAÚDE MENTAL","REGULAÇÃO PARA O LEITO","HEJ: OBS ESTA SUSPENSO TEMPORARIAMENTO A REGULAÇÃO PARA O LEITO DE PSIQUIATRIA -  INTERNAÇÃO A PARTIR DE 13 ANOS DE IDADE COM OBRIGATORIEDADE DE ACOMPANHANTE TANTO PARA MENORES QUANTO PARA ADULTOS.","","","","","","","","","","","","","","","","","","","","",""
"CENTRO SUDOESTE","HEJ - JATAÍ","MÉDIA COMPLEXIDADE","URGÊNCIA E EMERGÊNCIA ","ENFERMARIA PEDIATRICA","PEDIATRIA","REGULAÇÃO PARA O LEITO","HEJ: CRIANÇAS ATÉ 12 ANOS E 11 MESES PODEM SER DIRECIONADAS PARA INTERNAÇÃO

NÃO É PERFIL: PACIENTES COM RISCO DE COMPLICAÇÕES COM NECESSIDADE DE SUPORTE DE UTI PEDIÁTRICA E/OU NEONATAL, UNIDADE NÃO DISPÕE.

NÃO DISPÕE DE CIPE.","","","","","","","","","","","","","","","","","","","","",""
"CENTRO SUDOESTE","HEJ - JATAÍ","MÉDIA COMPLEXIDADE","URGÊNCIA E EMERGÊNCIA ","ENFERMARIA ADULTO","CIRURGIA BUCOMAXILOFACIAL","REGULAÇÃO PARA O LEITO","","","","","","","","","","","","","","","","","","","","","",""
"CENTRO SUDOESTE","HEJ - JATAÍ","MÉDIA COMPLEXIDADE","URGÊNCIA E EMERGÊNCIA ","ENFERMARIA ADULTO","CIRURGIA GERAL","REGULAÇÃO PARA O LEITO","HEJ: FAB, FAF, ABDOME AGUDO","","","","","","","","","","","","","","","","","","","","",""
"CENTRO SUDOESTE","HEJ - JATAÍ","MÉDIA COMPLEXIDADE","URGÊNCIA E EMERGÊNCIA ","ENFERMARIA ADULTO","ORTOPEDIA E TRAUMATOLOGIA","REGULAÇÃO PARA O LEITO","HEJ: FRATURAS EM GERAL. 

EXCETO: COLUNA; FRATURAS COM SUSPEITA DE LESÃO NERVOSA ASSOCIADA (LESÃO DE NERVO FIBULAR, TIBIAL, ULNAR, MEDIANO, ENTRE OUTROS — EXEMPLOS: PÉ CAÍDO, MÃO CAÍDA, PARESTESIAS ASSOCIADAS), QUE DEMANDEM MICROCIRURGIA, NÃO DISPONÍVEL NA UNIDADE.","","","","","","","","","","","","","","","","","","","","",""
"CENTRO SUDOESTE","HEJ - JATAÍ","MÉDIA COMPLEXIDADE","URGÊNCIA E EMERGÊNCIA ","ENFERMARIA ADULTO","CLÍNICA MÉDICA","REGULAÇÃO PARA O LEITO","HEJ: EXCETO CARDIOLOGIA E NEUROCIRURGIA. AVC: SOMENTE ATENDIMENTO AO AVC ISQUÊMICO DENTRO DA JANELA TERAPÊUTICA PRECONIZADA PELO MINISTÉRIO DA SAÚDE.","","","","","","","","","","","","","","","","","","","","",""
"CENTRO NORTE","HEJA - JARAGUÁ","MÉDIA COMPLEXIDADE","URGÊNCIA E EMERGÊNCIA ","ENFERMARIA PEDIATRICA","PEDIATRIA","INTERNAÇÃO PRÓPRIA (COTA DIRETA)","HEJ: PACIENTES ATENDIDOS PELA URGÊNCIA/EMERGÊNCIA E EGRESSOS DE CIRURGIA ELETIVA OU AMBULATÓRIO.","","","","","","","","","","","","","","","","","","","","",""
"CENTRO NORTE","HEJA - JARAGUÁ","MÉDIA COMPLEXIDADE","URGÊNCIA E EMERGÊNCIA ","UTI ADULTO","CLÍNICA MÉDICA","INTERNAÇÃO PRÓPRIA (COTA DIRETA)","HEJA: PACIENTES ATENDIDOS PELA URGÊNCIA/EMERGÊNCIA E EGRESSOS DE CIRURGIA ELETIVA OU AMBULATÓRIO.","","","","","","","","","","","","","","","","","","","","",""
"CENTRO NORTE","HEJA - JARAGUÁ","MÉDIA COMPLEXIDADE","URGÊNCIA E EMERGÊNCIA ","UTI ADULTO","CIRURGIA GERAL","INTERNAÇÃO PRÓPRIA (COTA DIRETA)","HEJA: PACIENTES ATENDIDOS PELA URGÊNCIA/EMERGÊNCIA E EGRESSOS DE CIRURGIA ELETIVA OU AMBULATÓRIO.","","","","","","","","","","","","","","","","","","","","",""
"CENTRO NORTE","HEJA - JARAGUÁ","MÉDIA COMPLEXIDADE","URGÊNCIA E EMERGÊNCIA ","UTI ADULTO","ORTOPEDIA E TRAUMATOLOGIA","INTERNAÇÃO PRÓPRIA (COTA DIRETA)","HEJA: PACIENTES ATENDIDOS PELA URGÊNCIA/EMERGÊNCIA E EGRESSOS DE CIRURGIA ELETIVA OU AMBULATÓRIO.","","","","","","","","","","","","","","","","","","","","",""
"CENTRO NORTE","HEJA - JARAGUÁ","MÉDIA COMPLEXIDADE","URGÊNCIA E EMERGÊNCIA ","UTI ADULTO","OBSTETRÍCIA","INTERNAÇÃO PRÓPRIA (COTA DIRETA)","HEJA: PACIENTES ATENDIDOS PELA URGÊNCIA/EMERGÊNCIA E EGRESSOS DE CIRURGIA ELETIVA OU AMBULATÓRIO.","","","","","","","","","","","","","","","","","","","","",""
"CENTRO NORTE","HEJA - JARAGUÁ","MÉDIA COMPLEXIDADE","URGÊNCIA E EMERGÊNCIA ","UTI ADULTO","GINECOLOGIA","INTERNAÇÃO PRÓPRIA (COTA DIRETA)","HEJA: PACIENTES ATENDIDOS PELA URGÊNCIA/EMERGÊNCIA E EGRESSOS DE CIRURGIA ELETIVA OU AMBULATÓRIO.","","","","","","","","","","","","","","","","","","","","",""
"CENTRO NORTE","HEJA - JARAGUÁ","MÉDIA COMPLEXIDADE","URGÊNCIA E EMERGÊNCIA ","ENFERMARIA ADULTO","CLÍNICA MÉDICA","INTERNAÇÃO PRÓPRIA (COTA DIRETA)","HEJA: PACIENTES ATENDIDOS PELA URGÊNCIA/EMERGÊNCIA E EGRESSOS DE CIRURGIA ELETIVA OU AMBULATÓRIO.","","","","","","","","","","","","","","","","","","","","",""
"CENTRO NORTE","HEJA - JARAGUÁ","MÉDIA COMPLEXIDADE","URGÊNCIA E EMERGÊNCIA ","ENFERMARIA ADULTO","CIRURGIA GERAL","INTERNAÇÃO PRÓPRIA (COTA DIRETA)","HEJA: PACIENTES ATENDIDOS PELA URGÊNCIA/EMERGÊNCIA E EGRESSOS DE CIRURGIA ELETIVA OU AMBULATÓRIO.","","","","","","","","","","","","","","","","","","","","",""
"CENTRO NORTE","HEJA - JARAGUÁ","MÉDIA COMPLEXIDADE","URGÊNCIA E EMERGÊNCIA ","ENFERMARIA ADULTO","ORTOPEDIA E TRAUMATOLOGIA","INTERNAÇÃO PRÓPRIA (COTA DIRETA)","HEJA: PACIENTES ATENDIDOS PELA URGÊNCIA/EMERGÊNCIA E EGRESSOS DE CIRURGIA ELETIVA OU AMBULATÓRIO.","","","","","","","","","","","","","","","","","","","","",""
"CENTRO NORTE","HEJA - JARAGUÁ","MÉDIA COMPLEXIDADE","URGÊNCIA E EMERGÊNCIA ","ENFERMARIA ADULTO","OBSTETRÍCIA","INTERNAÇÃO PRÓPRIA (COTA DIRETA)","HEJA: PACIENTES ATENDIDOS PELA URGÊNCIA/EMERGÊNCIA E EGRESSOS DE CIRURGIA ELETIVA OU AMBULATÓRIO.","","","","","","","","","","","","","","","","","","","","",""
"CENTRO NORTE","HEJA - JARAGUÁ","MÉDIA COMPLEXIDADE","URGÊNCIA E EMERGÊNCIA ","ENFERMARIA ADULTO","GINECOLOGIA","INTERNAÇÃO PRÓPRIA (COTA DIRETA)","HEJA: PACIENTES ATENDIDOS PELA URGÊNCIA/EMERGÊNCIA E EGRESSOS DE CIRURGIA ELETIVA OU AMBULATÓRIO.","","","","","","","","","","","","","","","","","","","","",""
"CENTRO NORTE","HEJA - JARAGUÁ","MÉDIA COMPLEXIDADE","URGÊNCIA E EMERGÊNCIA ","UTI ADULTO","CLÍNICA MÉDICA","REGULAÇÃO PARA O LEITO","UTI ADULTO A PARTIR DE 14 ANOS PATOLOGIAS QUE NÃO NECESSITEM DE SUBESPECIALIDADES E LONGA PERMANÊNCIA","","","","","","","","","","","","","","","","","","","","",""
"CENTRO NORTE","HEJA - JARAGUÁ","MÉDIA COMPLEXIDADE","URGÊNCIA E EMERGÊNCIA ","UTI ADULTO","CIRURGIA GERAL","REGULAÇÃO PARA O LEITO","CIRURGIA GERAL
FAF, FAB, ABDOME AGUDO E PATOLOGIAS SABIDAMENTE CIRÚRGICAS, QUE NECESSITAM DE AVALIAÇÃO DO CIRURGIÃO GERAL PARA DESFECHO CLÍNICO OU DE ABORDAGEM CIRÚRGICA NO CENÁRIO DA URGÊNCIA E EMERGÊNCIA, EXCETO:
ABDOMEM AGUDO PERFURATIVO, HEMORRÁGICO OU ISQUÊMICO;
SEPSES DE ORIGEM ABDOMINAL;
OBSTRUÇÕES INTESTINAIS COM REPERCUSSÃO SISTÊMICA;
NECESSIDADE DE CIRURGIAS DE GRANDE PORTE;","","","","","","","","","","","","","","","","","","","","",""
"CENTRO NORTE","HEJA - JARAGUÁ","MÉDIA COMPLEXIDADE","URGÊNCIA E EMERGÊNCIA ","UTI ADULTO","ORTOPEDIA E TRAUMATOLOGIA","REGULAÇÃO PARA O LEITO","ORTOPEDIA A PARTIR DE 12 ANOS
FRATURAS DE BAIXA E MÉDIA COMPLEXIDADE, INCLUINDO EXPOSTAS, EXCETO:
FRATURA DE BACIA E FÊMUR;
FRATURAS COMPLEXAS DE COTOVELO E ÚMERO PROXIMAL;
LUXAÇÕES DE OSSOS DO CARPO;
FRATURAS COMPLEXAS DE PLATÔ TIBIAL COM DESVIOS IMPORTANTES;
LESÕES LIGAMENTARES CRÔNICAS;
LESÕES LIGAMENTARES AGUDAS COMPLEXAS COM MÚLTIPLAS LESÕES TENDINOSAS;
FRATURA DE COLUNA;
LESÕES LIGAMENTARES INTRA-ARTICULARES DE JOELHO;
LESÕES MENISCAIS;
LESÕES NERVOSAS","","","","","","","","","","","","","","","","","","","","",""
"CENTRO NORTE","HEJA - JARAGUÁ","MÉDIA COMPLEXIDADE","URGÊNCIA E EMERGÊNCIA ","UTI ADULTO","CLÍNICA MÉDICA","REGULAÇÃO PARA O LEITO","UTI ADULTO A PARTIR DE 14 ANOS PATOLOGIAS QUE NÃO NECESSITEM DE SUBESPECIALIDADES E LONGA PERMANÊNCIA","","","","","","","","","","","","","","","","","","","","",""
"CENTRO NORTE","HEJA - JARAGUÁ","MÉDIA COMPLEXIDADE","URGÊNCIA E EMERGÊNCIA ","UTI ADULTO","CIRURGIA GERAL","REGULAÇÃO PARA O LEITO","CIRURGIA GERAL
FAF, FAB, ABDOME AGUDO E PATOLOGIAS SABIDAMENTE CIRÚRGICAS, QUE NECESSITAM DE AVALIAÇÃO DO CIRURGIÃO GERAL PARA DESFECHO CLÍNICO OU DE ABORDAGEM CIRÚRGICA NO CENÁRIO DA URGÊNCIA E EMERGÊNCIA, EXCETO:
ABDOMEM AGUDO PERFURATIVO, HEMORRÁGICO OU ISQUÊMICO;
SEPSES DE ORIGEM ABDOMINAL;
OBSTRUÇÕES INTESTINAIS COM REPERCUSSÃO SISTÊMICA;
NECESSIDADE DE CIRURGIAS DE GRANDE PORTE;","","","","","","","","","","","","","","","","","","","","",""
"CENTRO NORTE","HEJA - JARAGUÁ","MÉDIA COMPLEXIDADE","URGÊNCIA E EMERGÊNCIA ","UTI ADULTO","ORTOPEDIA E TRAUMATOLOGIA","REGULAÇÃO PARA O LEITO","ORTOPEDIA A PARTIR DE 12 ANOS
FRATURAS DE BAIXA E MÉDIA COMPLEXIDADE, INCLUINDO EXPOSTAS, EXCETO:
FRATURA DE BACIA E FÊMUR;
FRATURAS COMPLEXAS DE COTOVELO E ÚMERO PROXIMAL;
LUXAÇÕES DE OSSOS DO CARPO;
FRATURAS COMPLEXAS DE PLATÔ TIBIAL COM DESVIOS IMPORTANTES;
LESÕES LIGAMENTARES CRÔNICAS;
LESÕES LIGAMENTARES AGUDAS COMPLEXAS COM MÚLTIPLAS LESÕES TENDINOSAS;
FRATURA DE COLUNA;
LESÕES LIGAMENTARES INTRA-ARTICULARES DE JOELHO;
LESÕES MENISCAIS;
LESÕES NERVOSAS","","","","","","","","","","","","","","","","","","","","",""
"CENTRO NORTE","HEJA - JARAGUÁ","MÉDIA COMPLEXIDADE","URGÊNCIA E EMERGÊNCIA ","ENFERMARIA ADULTO","CIRURGIA GERAL","REGULAÇÃO PARA O LEITO","CIRURGIA GERAL
FAF, FAB, ABDOME AGUDO E PATOLOGIAS SABIDAMENTE CIRÚRGICAS, QUE NECESSITAM DE AVALIAÇÃO DO CIRURGIÃO GERAL PARA DESFECHO CLÍNICO OU DE ABORDAGEM CIRÚRGICA NO CENÁRIO DA URGÊNCIA E EMERGÊNCIA, EXCETO:
ABDOMEM AGUDO PERFURATIVO, HEMORRÁGICO OU ISQUÊMICO;
SEPSES DE ORIGEM ABDOMINAL;
OBSTRUÇÕES INTESTINAIS COM REPERCUSSÃO SISTÊMICA;
NECESSIDADE DE CIRURGIAS DE GRANDE PORTE;","","","","","","","","","","","","","","","","","","","","",""
"CENTRO NORTE","HEJA - JARAGUÁ","MÉDIA COMPLEXIDADE","URGÊNCIA E EMERGÊNCIA ","ENFERMARIA ADULTO","ORTOPEDIA E TRAUMATOLOGIA","REGULAÇÃO PARA O LEITO","ORTOPEDIA A PARTIR DE 12 ANOS
FRATURAS DE BAIXA E MÉDIA COMPLEXIDADE, INCLUINDO EXPOSTAS, EXCETO:
FRATURA DE BACIA E FÊMUR;
FRATURAS COMPLEXAS DE COTOVELO E ÚMERO PROXIMAL;
LUXAÇÕES DE OSSOS DO CARPO;
FRATURAS COMPLEXAS DE PLATÔ TIBIAL COM DESVIOS IMPORTANTES;
LESÕES LIGAMENTARES CRÔNICAS;
LESÕES LIGAMENTARES AGUDAS COMPLEXAS COM MÚLTIPLAS LESÕES TENDINOSAS;
FRATURA DE COLUNA;
LESÕES LIGAMENTARES INTRA-ARTICULARES DE JOELHO;
LESÕES MENISCAIS;
LESÕES NERVOSAS","","","","","","","","","","","","","","","","","","","","",""
"CENTRO NORTE","HEJA - JARAGUÁ","MÉDIA COMPLEXIDADE","URGÊNCIA E EMERGÊNCIA ","ENFERMARIA ADULTO","CIRURGIA GERAL","REGULAÇÃO PARA O LEITO","CIRURGIA GERAL
FAF, FAB, ABDOME AGUDO E PATOLOGIAS SABIDAMENTE CIRÚRGICAS, QUE NECESSITAM DE AVALIAÇÃO DO CIRURGIÃO GERAL PARA DESFECHO CLÍNICO OU DE ABORDAGEM CIRÚRGICA NO CENÁRIO DA URGÊNCIA E EMERGÊNCIA, EXCETO:
ABDOMEM AGUDO PERFURATIVO, HEMORRÁGICO OU ISQUÊMICO;
SEPSES DE ORIGEM ABDOMINAL;
OBSTRUÇÕES INTESTINAIS COM REPERCUSSÃO SISTÊMICA;
NECESSIDADE DE CIRURGIAS DE GRANDE PORTE;","","","","","","","","","","","","","","","","","","","","",""
"CENTRO NORTE","HEJA - JARAGUÁ","MÉDIA COMPLEXIDADE","URGÊNCIA E EMERGÊNCIA ","ENFERMARIA ADULTO","ORTOPEDIA E TRAUMATOLOGIA","REGULAÇÃO PARA O LEITO","ORTOPEDIA A PARTIR DE 12 ANOS
FRATURAS DE BAIXA E MÉDIA COMPLEXIDADE, INCLUINDO EXPOSTAS, EXCETO:
FRATURA DE BACIA E FÊMUR;
FRATURAS COMPLEXAS DE COTOVELO E ÚMERO PROXIMAL;
LUXAÇÕES DE OSSOS DO CARPO;
FRATURAS COMPLEXAS DE PLATÔ TIBIAL COM DESVIOS IMPORTANTES;
LESÕES LIGAMENTARES CRÔNICAS;
LESÕES LIGAMENTARES AGUDAS COMPLEXAS COM MÚLTIPLAS LESÕES TENDINOSAS;
FRATURA DE COLUNA;
LESÕES LIGAMENTARES INTRA-ARTICULARES DE JOELHO;
LESÕES MENISCAIS;
LESÕES NERVOSAS","","","","","","","","","","","","","","","","","","","","",""
"CENTRO NORTE","HEJA - JARAGUÁ","MÉDIA COMPLEXIDADE","URGÊNCIA E EMERGÊNCIA ","PRONTO SOCORRO","PEDIATRIA","ENCAMINHAMENTO DE URGÊNCIA ","HEJA: PERFIL DE CRIANÇAS ATÉ 13 ANOS, 11 MESES E 29 DIAS, COM QUADRO CLÍNICO DE URGÊNCIA/EMERGÊNCIAS DE BAIXA E MÉDIA COMPLEXIDADE.

NÃO É PERFIL: PACIENTES QUE NECESSITEM DE SUBESPECIALIDADES, LONGA PERMANÊNCIA, ISOLAMENTO OU TRATAMENTO INTENSIVO.","","","","","","","","","","","","","","","","","","","","",""
"CENTRO NORTE","HEJA - JARAGUÁ","MÉDIA COMPLEXIDADE","URGÊNCIA E EMERGÊNCIA ","PRONTO SOCORRO","CLÍNICA MÉDICA","ENCAMINHAMENTO DE URGÊNCIA ","HEJA: TRATAMENTO DE CONDIÇÕES CLÍNICAS CRÔNICAS E AGUDAS DE BAIXA A MÉDIA COMPLEXIDADE, TAIS COMO: DENGUE, DISTÚRBIOS METABÓLICOS, EMBOLIA PULMONAR, INSUFICIÊNCIA CARDÍACA, DENTRE OUTRAS.

NÃO É PERFIL: PACIENTES QUE NECESSITEM ISOLAMENTO E INTERNAÇÕES PROLONGADAS, SITUAÇÕES HEMATOLÓGICAS, AVC HEMORRÁGICO, DENGUE GRAVE, NEOPLASIAS DENTRE OUTRAS.","","","","","","","","","","","","","","","","","","","","",""
"CENTRO NORTE","HEJA - JARAGUÁ","MÉDIA COMPLEXIDADE","URGÊNCIA E EMERGÊNCIA ","PRONTO SOCORRO","CIRURGIA GERAL","ENCAMINHAMENTO DE URGÊNCIA ","HEJA: FAF, FAB, ABDOME AGUDO E PATOLOGIAS SABIDAMENTE CIRÚRGICAS, QUE NECESSITAM DE AVALIAÇÃO DO CIRURGIÃO GERAL PARA DESFECHO CLÍNICO OU DE ABORDAGEM CIRÚRGICA NO CENÁRIO DA URGÊNCIA E EMERGÊNCIA.

NÃO É PERFIL: ABDOMEM AGUDO PERFURATIVO, HEMORRÁGICO OU ISQUÊMICO; SEPSES DE ORIGEM ABDOMINAL; OBSTRUÇÕES INTESTINAIS COM REPERCUSSÃO SISTÊMICA; NECESSIDADE DE CIRURGIAS DE GRANDE PORTE.","","","","","","","","","","","","","","","","","","","","",""
"CENTRO NORTE","HEJA - JARAGUÁ","MÉDIA COMPLEXIDADE","URGÊNCIA E EMERGÊNCIA ","PRONTO SOCORRO","ORTOPEDIA E TRAUMATOLOGIA","ENCAMINHAMENTO DE URGÊNCIA ","HEJA: A PARTIR DE 12 ANOS, FRATURAS DE BAIXA E MÉDIA COMPLEXIDADE, TAIS COMO: FRATURA EXPOSTA (EXCETO FÊMUR), FRATURAS DE RÁDIO, ULNA, METACARPOS E QUIRODÁCTILOS; PLANALTO TIBIAL (COM POUCO DESVIO), DIÁFISE DE TÍBIA, TORNOZELO E PILÃO TIBIAL; FRATURAS DE METATARSOS, PODODÁCTILOS, CALCÂNEO, TÁLUS E PATELA; ENTORSES E CONTUSÕES ARTICULARES; AMPUTAÇÕES EM PONTA DE DEDOS; LESÕES TENDINOSAS AGUDAS COM TENORRAFIAS ÚNICAS EM TÚNEL OSTEO-FIBROSO; TRATAMENTO CIRÚRGICO DA SÍNDROME DO TÚNEL DO CARPO; TRATAMENTO DE DEDO EM GATILHO E DEDO EM MARTELO; RESSECÇÃO DE CISTO SINOVIAL.

NÃO É PERFIL: FRATURAS DE BACIA; FRATURAS DE FÊMUR; FRATURAS COMPLEXAS DE COTOVELO E ÚMERO PROXIMAL; FRATURAS-LUXAÇÕES DE OSSOS DO CARPO; FRATURAS COMPLEXAS DE PLANALTO TIBIAL COM DESVIOS IMPORTANTES; LESÕES LIGAMENTARES CRÔNICAS; LESÕES LIGAMENTARES AGUDAS COMPLEXAS COM MÚLTIPLAS LESÕES TENDINOSAS; FRATURAS DE COLUNA; LESÕES LIGAMENTARES INTRA-ARTICULARES DE JOELHO E LESÕES MENISCAIS; LESÕES NERVOSAS.
","","","","","","","","","","","","","","","","","","","","",""
"CENTRO NORTE","HEJA - JARAGUÁ","MÉDIA COMPLEXIDADE","URGÊNCIA E EMERGÊNCIA ","PRONTO SOCORRO","GINECOLOGIA","ENCAMINHAMENTO DE URGÊNCIA ","GINECOLOGIA 
DRENAGEM DE HEMATOMA VULVAR OU VAGINAL
EXCISÃO DE CORPO ESTRANHO VAGINAL
OOFORECTOMIA / CISTECTOMIA OVARIANA DE URGÊNCIA 
DRENAGEM DE ABSCESSO TUBO-OVARIANO OU PÉLVICO","","","","","","","","","","","","","","","","","","","","",""
"CENTRO NORTE","HEJA - JARAGUÁ","MÉDIA COMPLEXIDADE","URGÊNCIA E EMERGÊNCIA ","PRONTO SOCORRO","OBSTETRÍCIA","ENCAMINHAMENTO DE URGÊNCIA ","","","","","","","","","","","","","","","","","","","","","",""
"NORDESTE","HEL - LUZIÂNIA","MÉDIA COMPLEXIDADE","URGÊNCIA E EMERGÊNCIA ","UTI ADULTO","CLÍNICA MÉDICA","REGULAÇÃO PARA O LEITO","HEL: IDADE MÍNIMA: ≥ 14 ANOS. CONDIÇÕES CLÍNICAS AGUDAS OU DESCOMPENSAÇÃO DE DOENÇAS CRÔNICAS DE MÉDIA E ALTA COMPLEXIDADE.

NÃO PERFIL: DOENÇAS HEMATOLÓGICAS; CONDIÇÕES CARDIOVASCULARES QUE DEMANDEM HEMODINÂMICA; CONDIÇÕES NEUROCIRÚRGICAS; INFECÇÕES OPORTUNISTAS ASSOCIADAS AO HIV/AIDS.","","","","","","","","","","","","","","","","","","","","",""
"NORDESTE","HEL - LUZIÂNIA","MÉDIA COMPLEXIDADE","URGÊNCIA E EMERGÊNCIA ","UTI ADULTO","OBSTETRÍCIA","INTERNAÇÃO PRÓPRIA (COTA DIRETA)","HEL: PACIENTES ATENDIDOS PELA URGÊNCIA/EMERGÊNCIA E EGRESSOS DE CIRURGIA ELETIVA OU AMBULATÓRIO.","","","","","","","","","","","","","","","","","","","","",""
"NORDESTE","HEL - LUZIÂNIA","MÉDIA COMPLEXIDADE","URGÊNCIA E EMERGÊNCIA ","UTI ADULTO","CIRURGIA GERAL","INTERNAÇÃO PRÓPRIA (COTA DIRETA)","HEL: PACIENTES ATENDIDOS PELA URGÊNCIA/EMERGÊNCIA E EGRESSOS DE CIRURGIA ELETIVA OU AMBULATÓRIO.","","","","","","","","","","","","","","","","","","","","",""
"NORDESTE","HEL - LUZIÂNIA","MÉDIA COMPLEXIDADE","URGÊNCIA E EMERGÊNCIA ","UTI ADULTO","ORTOPEDIA E TRAUMATOLOGIA","INTERNAÇÃO PRÓPRIA (COTA DIRETA)","HEL: PACIENTES ATENDIDOS PELA URGÊNCIA/EMERGÊNCIA E EGRESSOS DE CIRURGIA ELETIVA OU AMBULATÓRIO.","","","","","","","","","","","","","","","","","","","","",""
"NORDESTE","HEL - LUZIÂNIA","MÉDIA COMPLEXIDADE","URGÊNCIA E EMERGÊNCIA ","UTI ADULTO","CLÍNICA MÉDICA","INTERNAÇÃO PRÓPRIA (COTA DIRETA)","HEL: PACIENTES ATENDIDOS PELA URGÊNCIA/EMERGÊNCIA E EGRESSOS DE CIRURGIA ELETIVA OU AMBULATÓRIO.","","","","","","","","","","","","","","","","","","","","",""
"NORDESTE","HEL - LUZIÂNIA","MÉDIA COMPLEXIDADE","URGÊNCIA E EMERGÊNCIA ","UTI ADULTO","GINECOLOGIA","INTERNAÇÃO PRÓPRIA (COTA DIRETA)","HEL: PACIENTES ATENDIDOS PELA URGÊNCIA/EMERGÊNCIA E EGRESSOS DE CIRURGIA ELETIVA OU AMBULATÓRIO.","","","","","","","","","","","","","","","","","","","","",""
"NORDESTE","HEL - LUZIÂNIA","MÉDIA COMPLEXIDADE","URGÊNCIA E EMERGÊNCIA ","UTI ADULTO","CIRURGIA GERAL","REGULAÇÃO PARA O LEITO","HEL:  IDADE MÍNIMA: ≥ 14 ANOS. ATENDIMENTO QUE NECESSITEM DE ABORDAGEM IMEDIATA, TAIS COMO: HÉRNIAS INGUINAIS OU VENTRAIS ENCARCERADAS/ESTRANGULADAS; ABDOME AGUDO INFLAMATÓRIO (APENDICITE, COLECISTITE, DIVERTICULITE); ABDOME AGUDO PERFURATIVO E OBSTRUTIVO; ABDOME AGUDO TRAUMÁTICO (PENETRANTE OU CONTUSO); ABSCESSOS ANORRETAIS; LAPAROTOMIA EXPLORADORA; PARACENTESE ABDOMINAL; INFECÇÕES CUTÂNEAS E DE PARTES MOLES; ABSCESSOS CUTÂNEOS;

NÃO É PERFIL: NEOPLASIAS DIVERSAS E INTERCORRÊNCIAS CIRÚRGICAS ASSOCIADAS AO TRATAMENTO ONCOLÓGICO; DOENÇAS DAS VIAS BILIARES COM NECESSIDADE DE COLANGIOPANCREATOGRAFIA RETRÓGRADA ENDOSCÓPICA (CPRE).","","","","","","","","","","","","","","","","","","","","",""
"NORDESTE","HEL - LUZIÂNIA","MÉDIA COMPLEXIDADE","URGÊNCIA E EMERGÊNCIA ","UTI ADULTO","ORTOPEDIA E TRAUMATOLOGIA","REGULAÇÃO PARA O LEITO","HEL: IDADE MÍNIMA: ≥ 14 ANOS; FRATURAS MÉDIA E ALTA COMPLEXIDADE, TAIS COMO: FRATURAS EXPOSTAS (EXCETO AS QUE NECESSITAM DE TRATAMENTO COM MICROCIRURGIAS, COMO ENXERTOS E RETALHOS); FÊMUR (PROXIMAL); RÁDIO, ULNA, METACARPOS E QUIRODÁCTILOS; PLANALTO TIBIAL, DIÁFISE DE TÍBIA, TORNOZELO E PILÃO TIBIAL; METATARSOS, PODODÁCTILOS, CALCÂNEO, TÁLUS E PATELA; ENTORSES E CONTUSÕES ARTICULARES; AMPUTAÇÕES EM PONTA DE DEDOS; LESÕES TENDINOSAS AGUDAS COM TENORRAFIAS ÚNICAS EM TÚNEL OSTEO-FIBROSO; TRATAMENTO CIRÚRGICO DA SÍNDROME DO TÚNEL DO CARPO; TRATAMENTO DE DEDO EM GATILHO E DEDO EM MARTELO E RESSECÇÃO DE CISTO SINOVIAL.

NÃO É PERFIL: POLITRAUMA; FRATURAS DE COLUNA, BACIA, FÊMUR (DIAFISÁRIA E DISTAL); FRATURAS COMPLEXAS DE COTOVELO E ÚMERO PROXIMAL (QUE NECESSITAM DE ARTROPLASTIA); FRATURAS-LUXAÇÕES DE OSSOS DO CARPO; FRATURAS COMPLEXAS DE PLANALTO TIBIAL COM DESVIOS IMPORTANTES; LESÕES LIGAMENTARES CRÔNICAS; LESÕES LIGAMENTARES AGUDAS COMPLEXAS COM MÚLTIPLAS LESÕES TENDINOSAS; LESÕES LIGAMENTARES INTRA-ARTICULARES DE JOELHO E LESÕES MENISCAIS; LESÕES NERVOSAS E LESÕES VASCULARES.","","","","","","","","","","","","","","","","","","","","",""
"NORDESTE","HEL - LUZIÂNIA","MÉDIA COMPLEXIDADE","URGÊNCIA E EMERGÊNCIA ","ENFERMARIA ADULTO","CLÍNICA MÉDICA","REGULAÇÃO PARA O LEITO","HEL: IDADE MÍNIMA: ≥ 14 ANOS. CONDIÇÕES CLÍNICAS AGUDAS OU DESCOMPENSAÇÃO DE DOENÇAS CRÔNICAS DE MÉDIA E ALTA COMPLEXIDADE.

NÃO PERFIL: DOENÇAS HEMATOLÓGICAS; CONDIÇÕES CARDIOVASCULARES QUE DEMANDEM HEMODINÂMICA; CONDIÇÕES NEUROCIRÚRGICAS; INFECÇÕES OPORTUNISTAS ASSOCIADAS AO HIV/AIDS.","","","","","","","","","","","","","","","","","","","","",""
"NORDESTE","HEL - LUZIÂNIA","MÉDIA COMPLEXIDADE","URGÊNCIA E EMERGÊNCIA ","ENFERMARIA ADULTO","OBSTETRÍCIA","INTERNAÇÃO PRÓPRIA (COTA DIRETA)","HEL: PACIENTES ATENDIDOS PELA URGÊNCIA/EMERGÊNCIA E EGRESSOS DE CIRURGIA ELETIVA OU AMBULATÓRIO.","","","","","","","","","","","","","","","","","","","","",""
"NORDESTE","HEL - LUZIÂNIA","MÉDIA COMPLEXIDADE","URGÊNCIA E EMERGÊNCIA ","ENFERMARIA ADULTO","GINECOLOGIA","INTERNAÇÃO PRÓPRIA (COTA DIRETA)","HEL: PACIENTES ATENDIDOS PELA URGÊNCIA/EMERGÊNCIA E EGRESSOS DE CIRURGIA ELETIVA OU AMBULATÓRIO.","","","","","","","","","","","","","","","","","","","","",""
"NORDESTE","HEL - LUZIÂNIA","MÉDIA COMPLEXIDADE","URGÊNCIA E EMERGÊNCIA ","ENFERMARIA ADULTO","CIRURGIA GERAL","INTERNAÇÃO PRÓPRIA (COTA DIRETA)","HEL: PACIENTES ATENDIDOS PELA URGÊNCIA/EMERGÊNCIA E EGRESSOS DE CIRURGIA ELETIVA OU AMBULATÓRIO.","","","","","","","","","","","","","","","","","","","","",""
"NORDESTE","HEL - LUZIÂNIA","MÉDIA COMPLEXIDADE","URGÊNCIA E EMERGÊNCIA ","ENFERMARIA ADULTO","ORTOPEDIA E TRAUMATOLOGIA","INTERNAÇÃO PRÓPRIA (COTA DIRETA)","HEL: PACIENTES ATENDIDOS PELA URGÊNCIA/EMERGÊNCIA E EGRESSOS DE CIRURGIA ELETIVA OU AMBULATÓRIO.","","","","","","","","","","","","","","","","","","","","",""
"NORDESTE","HEL - LUZIÂNIA","MÉDIA COMPLEXIDADE","URGÊNCIA E EMERGÊNCIA ","ENFERMARIA ADULTO","CLÍNICA MÉDICA","INTERNAÇÃO PRÓPRIA (COTA DIRETA)","HEL: PACIENTES ATENDIDOS PELA URGÊNCIA/EMERGÊNCIA E EGRESSOS DE CIRURGIA ELETIVA OU AMBULATÓRIO.","","","","","","","","","","","","","","","","","","","","",""
"NORDESTE","HEL - LUZIÂNIA","MÉDIA COMPLEXIDADE","URGÊNCIA E EMERGÊNCIA ","ENFERMARIA ADULTO","CIRURGIA GERAL","REGULAÇÃO PARA O LEITO","HEL:  IDADE MÍNIMA: ≥ 14 ANOS. ATENDIMENTO QUE NECESSITEM DE ABORDAGEM IMEDIATA, TAIS COMO: HÉRNIAS INGUINAIS OU VENTRAIS ENCARCERADAS/ESTRANGULADAS; ABDOME AGUDO INFLAMATÓRIO (APENDICITE, COLECISTITE, DIVERTICULITE); ABDOME AGUDO PERFURATIVO E OBSTRUTIVO; ABDOME AGUDO TRAUMÁTICO (PENETRANTE OU CONTUSO); ABSCESSOS ANORRETAIS; LAPAROTOMIA EXPLORADORA; PARACENTESE ABDOMINAL; INFECÇÕES CUTÂNEAS E DE PARTES MOLES; ABSCESSOS CUTÂNEOS;

NÃO É PERFIL: NEOPLASIAS DIVERSAS E INTERCORRÊNCIAS CIRÚRGICAS ASSOCIADAS AO TRATAMENTO ONCOLÓGICO; DOENÇAS DAS VIAS BILIARES COM NECESSIDADE DE COLANGIOPANCREATOGRAFIA RETRÓGRADA ENDOSCÓPICA (CPRE).","","","","","","","","","","","","","","","","","","","","",""
"NORDESTE","HEL - LUZIÂNIA","MÉDIA COMPLEXIDADE","URGÊNCIA E EMERGÊNCIA ","ENFERMARIA ADULTO","ORTOPEDIA E TRAUMATOLOGIA","REGULAÇÃO PARA O LEITO","HEL: IDADE MÍNIMA: ≥ 14 ANOS; FRATURAS MÉDIA E ALTA COMPLEXIDADE, TAIS COMO: FRATURAS EXPOSTAS (EXCETO AS QUE NECESSITAM DE TRATAMENTO COM MICROCIRURGIAS, COMO ENXERTOS E RETALHOS); FÊMUR (PROXIMAL); RÁDIO, ULNA, METACARPOS E QUIRODÁCTILOS; PLANALTO TIBIAL, DIÁFISE DE TÍBIA, TORNOZELO E PILÃO TIBIAL; METATARSOS, PODODÁCTILOS, CALCÂNEO, TÁLUS E PATELA; ENTORSES E CONTUSÕES ARTICULARES; AMPUTAÇÕES EM PONTA DE DEDOS; LESÕES TENDINOSAS AGUDAS COM TENORRAFIAS ÚNICAS EM TÚNEL OSTEO-FIBROSO; TRATAMENTO CIRÚRGICO DA SÍNDROME DO TÚNEL DO CARPO; TRATAMENTO DE DEDO EM GATILHO E DEDO EM MARTELO E RESSECÇÃO DE CISTO SINOVIAL.

NÃO É PERFIL: POLITRAUMA; FRATURAS DE COLUNA, BACIA, FÊMUR (DIAFISÁRIA E DISTAL); FRATURAS COMPLEXAS DE COTOVELO E ÚMERO PROXIMAL (QUE NECESSITAM DE ARTROPLASTIA); FRATURAS-LUXAÇÕES DE OSSOS DO CARPO; FRATURAS COMPLEXAS DE PLANALTO TIBIAL COM DESVIOS IMPORTANTES; LESÕES LIGAMENTARES CRÔNICAS; LESÕES LIGAMENTARES AGUDAS COMPLEXAS COM MÚLTIPLAS LESÕES TENDINOSAS; LESÕES LIGAMENTARES INTRA-ARTICULARES DE JOELHO E LESÕES MENISCAIS; LESÕES NERVOSAS E LESÕES VASCULARES.","","","","","","","","","","","","","","","","","","","","",""
"NORDESTE","HEL - LUZIÂNIA","MÉDIA COMPLEXIDADE","URGÊNCIA E EMERGÊNCIA ","PRONTO SOCORRO","ORTOPEDIA E TRAUMATOLOGIA","ENCAMINHAMENTO DE URGÊNCIA ","HEL: IDADE MÍNIMA: ≥ 14 ANOS; FRATURAS MÉDIA E ALTA COMPLEXIDADE, TAIS COMO: FRATURAS EXPOSTAS (EXCETO AS QUE NECESSITAM DE TRATAMENTO COM MICROCIRURGIAS, COMO ENXERTOS E RETALHOS); FÊMUR (PROXIMAL); RÁDIO, ULNA, METACARPOS E QUIRODÁCTILOS; PLANALTO TIBIAL, DIÁFISE DE TÍBIA, TORNOZELO E PILÃO TIBIAL; METATARSOS, PODODÁCTILOS, CALCÂNEO, TÁLUS E PATELA; ENTORSES E CONTUSÕES ARTICULARES; AMPUTAÇÕES EM PONTA DE DEDOS; LESÕES TENDINOSAS AGUDAS COM TENORRAFIAS ÚNICAS EM TÚNEL OSTEO-FIBROSO; TRATAMENTO CIRÚRGICO DA SÍNDROME DO TÚNEL DO CARPO; TRATAMENTO DE DEDO EM GATILHO E DEDO EM MARTELO E RESSECÇÃO DE CISTO SINOVIAL.

NÃO É PERFIL: POLITRAUMA; FRATURAS DE COLUNA, BACIA, FÊMUR (DIAFISÁRIA E DISTAL); FRATURAS COMPLEXAS DE COTOVELO E ÚMERO PROXIMAL (QUE NECESSITAM DE ARTROPLASTIA); FRATURAS-LUXAÇÕES DE OSSOS DO CARPO; FRATURAS COMPLEXAS DE PLANALTO TIBIAL COM DESVIOS IMPORTANTES; LESÕES LIGAMENTARES CRÔNICAS; LESÕES LIGAMENTARES AGUDAS COMPLEXAS COM MÚLTIPLAS LESÕES TENDINOSAS; LESÕES LIGAMENTARES INTRA-ARTICULARES DE JOELHO E LESÕES MENISCAIS; LESÕES NERVOSAS E LESÕES VASCULARES.","","","","","","","","","","","","","","","","","","","","",""
"NORDESTE","HEL - LUZIÂNIA","MÉDIA COMPLEXIDADE","URGÊNCIA E EMERGÊNCIA ","PRONTO SOCORRO","CLÍNICA MÉDICA","ENCAMINHAMENTO DE URGÊNCIA ","HEL: IDADE MÍNIMA: ≥ 14 ANOS. CONDIÇÕES CLÍNICAS AGUDAS OU DESCOMPENSAÇÃO DE DOENÇAS CRÔNICAS DE MÉDIA E ALTA COMPLEXIDADE.

NÃO PERFIL: DOENÇAS HEMATOLÓGICAS; CONDIÇÕES CARDIOVASCULARES QUE DEMANDEM HEMODINÂMICA; CONDIÇÕES NEUROCIRÚRGICAS; INFECÇÕES OPORTUNISTAS ASSOCIADAS AO HIV/AIDS.","","","","","","","","","","","","","","","","","","","","",""
"NORDESTE","HEL - LUZIÂNIA","MÉDIA COMPLEXIDADE","URGÊNCIA E EMERGÊNCIA ","PRONTO SOCORRO","OBSTETRÍCIA","ENCAMINHAMENTO DE URGÊNCIA ","HEL: GESTAÇÕES DE RISCO HABITUAL, COM IG ≥ 37 SEMANAS. IDADE: > 15 ANOS OU < 40 ANOS PARA ATENDIMENTO, SÃO CONSIDERADAS BAIXO RISCO.
PERFIL DE ATENDIMENTO: CURETAGEM UTERINA PÓS-ABORTO; PARTO VAGINAL E CESARIANA; ASPIRAÇÃO MANUAL INTRAUTERINA (AMIU); REVISÃO DE HEMOSTASIA EM SANGRAMENTO VAGINAL PÓS-PARTO E PÓS-CURETAGEM.

NÃO É PERFIL: CIRURGIAS PARA TRATAMENTO DE CÂNCER GINECOLÓGICO; HISTERECTOMIA RADICAL; RESSECÇÃO DE FOCOS DE ENDOMETRIOSE; CIRURGIA DE ENDOMETRIOSE PROFUNDA; CIRURGIAS RECONSTRUTIVAS PÉLVICAS; SUTURA DE LACERAÇÃO VAGINAL, CERVICAL OU PERINEAL; DRENAGEM DE HEMATOMA VULVAR OU VAGINAL; EXCISÃO DE CORPO ESTRANHO VAGINAL; OOFORECTOMIA / CISTECTOMIA OVARIANA DE URGÊNCIA; DRENAGEM DE ABSCESSO TUBO-OVARIANO OU PÉLVICO.

NÃO DISPÕE DE ULTRASSONOGRAFIA DE URGÊNCIA","","","","","","","","","","","","","","","","","","","","",""
"NORDESTE","HEL - LUZIÂNIA","MÉDIA COMPLEXIDADE","URGÊNCIA E EMERGÊNCIA ","PRONTO SOCORRO","GINECOLOGIA","ENCAMINHAMENTO DE URGÊNCIA ","HEL: GESTAÇÕES DE RISCO HABITUAL, COM IG ≥ 37 SEMANAS. IDADE: > 15 ANOS OU < 40 ANOS PARA ATENDIMENTO, SÃO CONSIDERADAS BAIXO RISCO.
PERFIL DE ATENDIMENTO: CURETAGEM UTERINA PÓS-ABORTO; PARTO VAGINAL E CESARIANA; ASPIRAÇÃO MANUAL INTRAUTERINA (AMIU); REVISÃO DE HEMOSTASIA EM SANGRAMENTO VAGINAL PÓS-PARTO E PÓS-CURETAGEM.

NÃO É PERFIL: CIRURGIAS PARA TRATAMENTO DE CÂNCER GINECOLÓGICO; HISTERECTOMIA RADICAL; RESSECÇÃO DE FOCOS DE ENDOMETRIOSE; CIRURGIA DE ENDOMETRIOSE PROFUNDA; CIRURGIAS RECONSTRUTIVAS PÉLVICAS; SUTURA DE LACERAÇÃO VAGINAL, CERVICAL OU PERINEAL; DRENAGEM DE HEMATOMA VULVAR OU VAGINAL; EXCISÃO DE CORPO ESTRANHO VAGINAL; OOFORECTOMIA / CISTECTOMIA OVARIANA DE URGÊNCIA; DRENAGEM DE ABSCESSO TUBO-OVARIANO OU PÉLVICO.

NÃO DISPÕE DE ULTRASSONOGRAFIA DE URGÊNCIA","","","","","","","","","","","","","","","","","","","","",""
"NORDESTE","HEL - LUZIÂNIA","MÉDIA COMPLEXIDADE","URGÊNCIA E EMERGÊNCIA ","PRONTO SOCORRO","CIRURGIA GERAL","ENCAMINHAMENTO DE URGÊNCIA ","HEL:  IDADE MÍNIMA: ≥ 14 ANOS. ATENDIMENTO QUE NECESSITEM DE ABORDAGEM IMEDIATA, TAIS COMO: HÉRNIAS INGUINAIS OU VENTRAIS ENCARCERADAS/ESTRANGULADAS; ABDOME AGUDO INFLAMATÓRIO (APENDICITE, COLECISTITE, DIVERTICULITE); ABDOME AGUDO PERFURATIVO E OBSTRUTIVO; ABDOME AGUDO TRAUMÁTICO (PENETRANTE OU CONTUSO); ABSCESSOS ANORRETAIS; LAPAROTOMIA EXPLORADORA; PARACENTESE ABDOMINAL; INFECÇÕES CUTÂNEAS E DE PARTES MOLES; ABSCESSOS CUTÂNEOS;

NÃO É PERFIL: NEOPLASIAS DIVERSAS E INTERCORRÊNCIAS CIRÚRGICAS ASSOCIADAS AO TRATAMENTO ONCOLÓGICO; DOENÇAS DAS VIAS BILIARES COM NECESSIDADE DE COLANGIOPANCREATOGRAFIA RETRÓGRADA ENDOSCÓPICA (CPRE).","","","","","","","","","","","","","","","","","","","","",""
"CENTRO OESTE","HEMNSL - GOIÂNIA","MÉDIA COMPLEXIDADE","URGÊNCIA E EMERGÊNCIA ","ENFERMARIA ADULTO","OBSTETRÍCIA","INTERNAÇÃO PRÓPRIA (COTA DIRETA)","HEMNSL: PACIENTES ATENDIDOS PELA URGÊNCIA/EMERGÊNCIA E EGRESSOS DE CIRURGIA ELETIVA OU AMBULATÓRIO.","","","","","","","","","","","","","","","","","","","","",""
"CENTRO OESTE","HEMNSL - GOIÂNIA","MÉDIA COMPLEXIDADE","URGÊNCIA E EMERGÊNCIA ","UCIN","NEONATOLOGIA","INTERNAÇÃO PRÓPRIA (COTA DIRETA)","HEMNSL: PACIENTES ATENDIDOS PELA URGÊNCIA/EMERGÊNCIA E EGRESSOS DE CIRURGIA ELETIVA OU AMBULATÓRIO.","","","","","","","","","","","","","","","","","","","","",""
"CENTRO OESTE","HEMNSL - GOIÂNIA","MÉDIA COMPLEXIDADE","URGÊNCIA E EMERGÊNCIA ","PRONTO SOCORRO","OBSTETRÍCIA","ENCAMINHAMENTO DE URGÊNCIA ","HEMNSL: GO RISCO HABITUAL, ALOJAMENTO CONJUNTO","","","","","","","","","","","","","","","","","","","","",""
"CENTRO OESTE","HEMNSL - GOIÂNIA","MÉDIA COMPLEXIDADE","URGÊNCIA E EMERGÊNCIA ","ENFERMARIA ADULTO","OBSTETRÍCIA","ACEITE DA UNIDADE EXECUTANTE","HEMNSL: GO RISCO HABITUAL, ALOJAMENTO CONJUNTO","","","","","","","","","","","","","","","","","","","","",""
"CENTRO OESTE","HEMNSL - GOIÂNIA","MÉDIA COMPLEXIDADE","URGÊNCIA E EMERGÊNCIA ","UCIN","NEONATOLOGIA","ACEITE DA UNIDADE EXECUTANTE","HEMNSL: BERÇARIO DE CUIDADOS INTERMEDIÁRIOS","","","","","","","","","","","","","","","","","","","","",""
"CENTRO OESTE","HEMU - GOIÂNIA","MÉDIA E ALTA COMPLEXIDADE","URGÊNCIA E EMERGÊNCIA ","UTI ADULTO","GINECOLOGIA","INTERNAÇÃO PRÓPRIA (COTA DIRETA)","HEMU: PACIENTES ATENDIDOS PELA URGÊNCIA/EMERGÊNCIA E EGRESSOS DE CIRURGIA ELETIVA OU AMBULATÓRIO.","","","","","","","","","","","","","","","","","","","","",""
"CENTRO OESTE","HEMU - GOIÂNIA","MÉDIA E ALTA COMPLEXIDADE","URGÊNCIA E EMERGÊNCIA ","UTI ADULTO","OBSTETRÍCIA","INTERNAÇÃO PRÓPRIA (COTA DIRETA)","HEMU: PACIENTES ATENDIDOS PELA URGÊNCIA/EMERGÊNCIA E EGRESSOS DE CIRURGIA ELETIVA OU AMBULATÓRIO.","","","","","","","","","","","","","","","","","","","","",""
"CENTRO OESTE","HEMU - GOIÂNIA","MÉDIA E ALTA COMPLEXIDADE","URGÊNCIA E EMERGÊNCIA ","UTI NEONATAL","NEONATOLOGIA","INTERNAÇÃO PRÓPRIA (COTA DIRETA)","HEMU: PACIENTES ATENDIDOS PELA URGÊNCIA/EMERGÊNCIA E EGRESSOS DE CIRURGIA ELETIVA OU AMBULATÓRIO.","","","","","","","","","","","","","","","","","","","","",""
"CENTRO NORTE","HEMU - GOIÂNIA","MÉDIA E ALTA COMPLEXIDADE","URGÊNCIA E EMERGÊNCIA ","UTI ADULTO","GINECOLOGIA","INTERNAÇÃO PRÓPRIA (COTA DIRETA)","HEMU: PACIENTES ATENDIDOS PELA URGÊNCIA/EMERGÊNCIA E EGRESSOS DE CIRURGIA ELETIVA OU AMBULATÓRIO.","","","","","","","","","","","","","","","","","","","","",""
"CENTRO NORTE","HEMU - GOIÂNIA","MÉDIA E ALTA COMPLEXIDADE","URGÊNCIA E EMERGÊNCIA ","UTI ADULTO","OBSTETRÍCIA","INTERNAÇÃO PRÓPRIA (COTA DIRETA)","HEMU: PACIENTES ATENDIDOS PELA URGÊNCIA/EMERGÊNCIA E EGRESSOS DE CIRURGIA ELETIVA OU AMBULATÓRIO.","","","","","","","","","","","","","","","","","","","","",""
"CENTRO NORTE","HEMU - GOIÂNIA","MÉDIA E ALTA COMPLEXIDADE","URGÊNCIA E EMERGÊNCIA ","UTI NEONATAL","NEONATOLOGIA","INTERNAÇÃO PRÓPRIA (COTA DIRETA)","HEMU: PACIENTES ATENDIDOS PELA URGÊNCIA/EMERGÊNCIA E EGRESSOS DE CIRURGIA ELETIVA OU AMBULATÓRIO.","","","","","","","","","","","","","","","","","","","","",""
"CENTRO SUDESTE","HEMU - GOIÂNIA","MÉDIA E ALTA COMPLEXIDADE","URGÊNCIA E EMERGÊNCIA ","UTI ADULTO","GINECOLOGIA","INTERNAÇÃO PRÓPRIA (COTA DIRETA)","HEMU: PACIENTES ATENDIDOS PELA URGÊNCIA/EMERGÊNCIA E EGRESSOS DE CIRURGIA ELETIVA OU AMBULATÓRIO.","","","","","","","","","","","","","","","","","","","","",""
"CENTRO SUDESTE","HEMU - GOIÂNIA","MÉDIA E ALTA COMPLEXIDADE","URGÊNCIA E EMERGÊNCIA ","UTI ADULTO","OBSTETRÍCIA","INTERNAÇÃO PRÓPRIA (COTA DIRETA)","HEMU: PACIENTES ATENDIDOS PELA URGÊNCIA/EMERGÊNCIA E EGRESSOS DE CIRURGIA ELETIVA OU AMBULATÓRIO.","","","","","","","","","","","","","","","","","","","","",""
"CENTRO SUDESTE","HEMU - GOIÂNIA","MÉDIA E ALTA COMPLEXIDADE","URGÊNCIA E EMERGÊNCIA ","UTI NEONATAL","NEONATOLOGIA","INTERNAÇÃO PRÓPRIA (COTA DIRETA)","HEMU: PACIENTES ATENDIDOS PELA URGÊNCIA/EMERGÊNCIA E EGRESSOS DE CIRURGIA ELETIVA OU AMBULATÓRIO.","","","","","","","","","","","","","","","","","","","","",""
"CENTRO SUDOESTE","HEMU - GOIÂNIA","MÉDIA E ALTA COMPLEXIDADE","URGÊNCIA E EMERGÊNCIA ","UTI ADULTO","GINECOLOGIA","INTERNAÇÃO PRÓPRIA (COTA DIRETA)","HEMU: PACIENTES ATENDIDOS PELA URGÊNCIA/EMERGÊNCIA E EGRESSOS DE CIRURGIA ELETIVA OU AMBULATÓRIO.","","","","","","","","","","","","","","","","","","","","",""
"CENTRO SUDOESTE","HEMU - GOIÂNIA","MÉDIA E ALTA COMPLEXIDADE","URGÊNCIA E EMERGÊNCIA ","UTI ADULTO","OBSTETRÍCIA","INTERNAÇÃO PRÓPRIA (COTA DIRETA)","HEMU: PACIENTES ATENDIDOS PELA URGÊNCIA/EMERGÊNCIA E EGRESSOS DE CIRURGIA ELETIVA OU AMBULATÓRIO.","","","","","","","","","","","","","","","","","","","","",""
"CENTRO SUDOESTE","HEMU - GOIÂNIA","MÉDIA E ALTA COMPLEXIDADE","URGÊNCIA E EMERGÊNCIA ","UTI NEONATAL","NEONATOLOGIA","INTERNAÇÃO PRÓPRIA (COTA DIRETA)","HEMU: PACIENTES ATENDIDOS PELA URGÊNCIA/EMERGÊNCIA E EGRESSOS DE CIRURGIA ELETIVA OU AMBULATÓRIO.","","","","","","","","","","","","","","","","","","","","",""
"NORDESTE","HEMU - GOIÂNIA","MÉDIA E ALTA COMPLEXIDADE","URGÊNCIA E EMERGÊNCIA ","UTI ADULTO","GINECOLOGIA","INTERNAÇÃO PRÓPRIA (COTA DIRETA)","HEMU: PACIENTES ATENDIDOS PELA URGÊNCIA/EMERGÊNCIA E EGRESSOS DE CIRURGIA ELETIVA OU AMBULATÓRIO.","","","","","","","","","","","","","","","","","","","","",""
"NORDESTE","HEMU - GOIÂNIA","MÉDIA E ALTA COMPLEXIDADE","URGÊNCIA E EMERGÊNCIA ","UTI ADULTO","OBSTETRÍCIA","INTERNAÇÃO PRÓPRIA (COTA DIRETA)","HEMU: PACIENTES ATENDIDOS PELA URGÊNCIA/EMERGÊNCIA E EGRESSOS DE CIRURGIA ELETIVA OU AMBULATÓRIO.","","","","","","","","","","","","","","","","","","","","",""
"NORDESTE","HEMU - GOIÂNIA","MÉDIA E ALTA COMPLEXIDADE","URGÊNCIA E EMERGÊNCIA ","UTI NEONATAL","NEONATOLOGIA","INTERNAÇÃO PRÓPRIA (COTA DIRETA)","HEMU: PACIENTES ATENDIDOS PELA URGÊNCIA/EMERGÊNCIA E EGRESSOS DE CIRURGIA ELETIVA OU AMBULATÓRIO.","","","","","","","","","","","","","","","","","","","","",""
"CENTRO OESTE","HEMU - GOIÂNIA","MÉDIA E ALTA COMPLEXIDADE","URGÊNCIA E EMERGÊNCIA ","ENFERMARIA ADULTO","GINECOLOGIA","INTERNAÇÃO PRÓPRIA (COTA DIRETA)","HEMU: PACIENTES ATENDIDOS PELA URGÊNCIA/EMERGÊNCIA E EGRESSOS DE CIRURGIA ELETIVA OU AMBULATÓRIO.","","","","","","","","","","","","","","","","","","","","",""
"CENTRO OESTE","HEMU - GOIÂNIA","MÉDIA E ALTA COMPLEXIDADE","URGÊNCIA E EMERGÊNCIA ","ENFERMARIA ADULTO","OBSTETRÍCIA","INTERNAÇÃO PRÓPRIA (COTA DIRETA)","HEMU: PACIENTES ATENDIDOS PELA URGÊNCIA/EMERGÊNCIA E EGRESSOS DE CIRURGIA ELETIVA OU AMBULATÓRIO.","","","","","","","","","","","","","","","","","","","","",""
"CENTRO NORTE","HEMU - GOIÂNIA","MÉDIA E ALTA COMPLEXIDADE","URGÊNCIA E EMERGÊNCIA ","ENFERMARIA ADULTO","GINECOLOGIA","INTERNAÇÃO PRÓPRIA (COTA DIRETA)","HEMU: PACIENTES ATENDIDOS PELA URGÊNCIA/EMERGÊNCIA E EGRESSOS DE CIRURGIA ELETIVA OU AMBULATÓRIO.","","","","","","","","","","","","","","","","","","","","",""
"CENTRO NORTE","HEMU - GOIÂNIA","MÉDIA E ALTA COMPLEXIDADE","URGÊNCIA E EMERGÊNCIA ","ENFERMARIA ADULTO","OBSTETRÍCIA","INTERNAÇÃO PRÓPRIA (COTA DIRETA)","HEMU: PACIENTES ATENDIDOS PELA URGÊNCIA/EMERGÊNCIA E EGRESSOS DE CIRURGIA ELETIVA OU AMBULATÓRIO.","","","","","","","","","","","","","","","","","","","","",""
"CENTRO SUDESTE","HEMU - GOIÂNIA","MÉDIA E ALTA COMPLEXIDADE","URGÊNCIA E EMERGÊNCIA ","ENFERMARIA ADULTO","GINECOLOGIA","INTERNAÇÃO PRÓPRIA (COTA DIRETA)","HEMU: PACIENTES ATENDIDOS PELA URGÊNCIA/EMERGÊNCIA E EGRESSOS DE CIRURGIA ELETIVA OU AMBULATÓRIO.","","","","","","","","","","","","","","","","","","","","",""
"CENTRO SUDESTE","HEMU - GOIÂNIA","MÉDIA E ALTA COMPLEXIDADE","URGÊNCIA E EMERGÊNCIA ","ENFERMARIA ADULTO","OBSTETRÍCIA","INTERNAÇÃO PRÓPRIA (COTA DIRETA)","HEMU: PACIENTES ATENDIDOS PELA URGÊNCIA/EMERGÊNCIA E EGRESSOS DE CIRURGIA ELETIVA OU AMBULATÓRIO.","","","","","","","","","","","","","","","","","","","","",""
"CENTRO SUDOESTE","HEMU - GOIÂNIA","MÉDIA E ALTA COMPLEXIDADE","URGÊNCIA E EMERGÊNCIA ","ENFERMARIA ADULTO","GINECOLOGIA","INTERNAÇÃO PRÓPRIA (COTA DIRETA)","HEMU: PACIENTES ATENDIDOS PELA URGÊNCIA/EMERGÊNCIA E EGRESSOS DE CIRURGIA ELETIVA OU AMBULATÓRIO.","","","","","","","","","","","","","","","","","","","","",""
"CENTRO SUDOESTE","HEMU - GOIÂNIA","MÉDIA E ALTA COMPLEXIDADE","URGÊNCIA E EMERGÊNCIA ","ENFERMARIA ADULTO","OBSTETRÍCIA","INTERNAÇÃO PRÓPRIA (COTA DIRETA)","HEMU: PACIENTES ATENDIDOS PELA URGÊNCIA/EMERGÊNCIA E EGRESSOS DE CIRURGIA ELETIVA OU AMBULATÓRIO.","","","","","","","","","","","","","","","","","","","","",""
"NORDESTE","HEMU - GOIÂNIA","MÉDIA E ALTA COMPLEXIDADE","URGÊNCIA E EMERGÊNCIA ","ENFERMARIA ADULTO","GINECOLOGIA","INTERNAÇÃO PRÓPRIA (COTA DIRETA)","HEMU: PACIENTES ATENDIDOS PELA URGÊNCIA/EMERGÊNCIA E EGRESSOS DE CIRURGIA ELETIVA OU AMBULATÓRIO.","","","","","","","","","","","","","","","","","","","","",""
"NORDESTE","HEMU - GOIÂNIA","MÉDIA E ALTA COMPLEXIDADE","URGÊNCIA E EMERGÊNCIA ","ENFERMARIA ADULTO","OBSTETRÍCIA","INTERNAÇÃO PRÓPRIA (COTA DIRETA)","HEMU: PACIENTES ATENDIDOS PELA URGÊNCIA/EMERGÊNCIA E EGRESSOS DE CIRURGIA ELETIVA OU AMBULATÓRIO.","","","","","","","","","","","","","","","","","","","","",""
"CENTRO OESTE","HEMU - GOIÂNIA","MÉDIA E ALTA COMPLEXIDADE","URGÊNCIA E EMERGÊNCIA ","UTI ADULTO","GINECOLOGIA","ACEITE DA UNIDADE EXECUTANTE","HEMU: GO ALTO RISCO, ADULTOS ACIMA DE 18 ANOS; GESTANTE A PARTIR DE QUALQUER IDADE. ADOLESCENTES DO SEXO FEMININO, 14 ANOS 11 MESES E  29 DIAS;

INTERRUPÇÃO DE GRAVIDEZ PREVISTO EM LEI","","","","","","","","","","","","","","","","","","","","",""
"CENTRO OESTE","HEMU - GOIÂNIA","MÉDIA E ALTA COMPLEXIDADE","URGÊNCIA E EMERGÊNCIA ","UTI ADULTO","OBSTETRÍCIA","ACEITE DA UNIDADE EXECUTANTE","HEMU: GO ALTO RISCO","","","","","","","","","","","","","","","","","","","","",""
"CENTRO OESTE","HEMU - GOIÂNIA","MÉDIA E ALTA COMPLEXIDADE","URGÊNCIA E EMERGÊNCIA ","UTI NEONATAL","NEONATOLOGIA","ACEITE DA UNIDADE EXECUTANTE","HEMU: DISPÕE DE CIPE; ATENDIMENTO A TODAS AS DOENÇAS DO PERÍODO NEONATAL.
RN GRAVE TERMO, COM ATÉ 28 DIAS DE VIDA, OU PRÉ-TERMO COM IG CORRIGIDA < 37 SEMANAS;
RN GRAVE COM ATÉ 28 DIAS DE VIDA OU COM IG CORRIGIDA < 37 SEMANAS, COM SUSPEITA DE CARDIOPATIA CONGÊNITA SEM DIAGNÓSTICO DEFINIDO;
RN GRAVE COM QUADRO DE ICTERÍCIA COM NÍVEIS INDICATIVOS DE EXSANGUINEOTRANSFUSÃO;

PERFIL DE IDADE:
RN TERMO (BEBÊS NASCIDOS COM IG ≥ 37 SEMANAS E COM ATÉ 28 DIAS DE VIDA)
RN PRÉ-TERMO (BEBÊS NASCIDOS COM IG < 37 SEMANAS E COM ATÉ 28 DIAS DE VIDA)
LACTENTES (BEBÊS COM MAIS DE 28 DIAS DE VIDA) PREMATUROS, COM IG CORRIGIDA < 37 SEMANAS.

NÃO É PERFIL: RN GRAVE COM QUADRO DE SÍNDROME GRIPAL INICIADO HÁ MAIS DE 10 DIAS DE NASCIDO.  (PERFIL HECAD)","","","","","","","","","","","","","","","","","","","","",""
"CENTRO NORTE","HEMU - GOIÂNIA","MÉDIA E ALTA COMPLEXIDADE","URGÊNCIA E EMERGÊNCIA ","UTI ADULTO","GINECOLOGIA","ACEITE DA UNIDADE EXECUTANTE","HEMU: GO ALTO RISCO, ADULTOS ACIMA DE 18 ANOS; GESTANTE A PARTIR DE QUALQUER IDADE. ADOLESCENTES DO SEXO FEMININO, 14 ANOS 11 MESES E  29 DIAS;

INTERRUPÇÃO DE GRAVIDEZ PREVISTO EM LEI","","","","","","","","","","","","","","","","","","","","",""
"CENTRO NORTE","HEMU - GOIÂNIA","MÉDIA E ALTA COMPLEXIDADE","URGÊNCIA E EMERGÊNCIA ","UTI ADULTO","OBSTETRÍCIA","ACEITE DA UNIDADE EXECUTANTE","HEMU: GO ALTO RISCO","","","","","","","","","","","","","","","","","","","","",""
"CENTRO NORTE","HEMU - GOIÂNIA","MÉDIA E ALTA COMPLEXIDADE","URGÊNCIA E EMERGÊNCIA ","UTI NEONATAL","NEONATOLOGIA","ACEITE DA UNIDADE EXECUTANTE","HEMU: DISPÕE DE CIPE; ATENDIMENTO A TODAS AS DOENÇAS DO PERÍODO NEONATAL.
RN GRAVE TERMO, COM ATÉ 28 DIAS DE VIDA, OU PRÉ-TERMO COM IG CORRIGIDA < 37 SEMANAS;
RN GRAVE COM ATÉ 28 DIAS DE VIDA OU COM IG CORRIGIDA < 37 SEMANAS, COM SUSPEITA DE CARDIOPATIA CONGÊNITA SEM DIAGNÓSTICO DEFINIDO;
RN GRAVE COM QUADRO DE ICTERÍCIA COM NÍVEIS INDICATIVOS DE EXSANGUINEOTRANSFUSÃO;

PERFIL DE IDADE:
RN TERMO (BEBÊS NASCIDOS COM IG ≥ 37 SEMANAS E COM ATÉ 28 DIAS DE VIDA)
RN PRÉ-TERMO (BEBÊS NASCIDOS COM IG < 37 SEMANAS E COM ATÉ 28 DIAS DE VIDA)
LACTENTES (BEBÊS COM MAIS DE 28 DIAS DE VIDA) PREMATUROS, COM IG CORRIGIDA < 37 SEMANAS.

NÃO É PERFIL: RN GRAVE COM QUADRO DE SÍNDROME GRIPAL INICIADO HÁ MAIS DE 10 DIAS DE NASCIDO.  (PERFIL HECAD)","","","","","","","","","","","","","","","","","","","","",""
"CENTRO SUDESTE","HEMU - GOIÂNIA","MÉDIA E ALTA COMPLEXIDADE","URGÊNCIA E EMERGÊNCIA ","UTI ADULTO","GINECOLOGIA","ACEITE DA UNIDADE EXECUTANTE","HEMU: GO ALTO RISCO, ADULTOS ACIMA DE 18 ANOS; GESTANTE A PARTIR DE QUALQUER IDADE. ADOLESCENTES DO SEXO FEMININO, 14 ANOS 11 MESES E  29 DIAS;

INTERRUPÇÃO DE GRAVIDEZ PREVISTO EM LEI","","","","","","","","","","","","","","","","","","","","",""
"CENTRO SUDESTE","HEMU - GOIÂNIA","MÉDIA E ALTA COMPLEXIDADE","URGÊNCIA E EMERGÊNCIA ","UTI ADULTO","OBSTETRÍCIA","ACEITE DA UNIDADE EXECUTANTE","HEMU: GO ALTO RISCO","","","","","","","","","","","","","","","","","","","","",""
"CENTRO SUDESTE","HEMU - GOIÂNIA","MÉDIA E ALTA COMPLEXIDADE","URGÊNCIA E EMERGÊNCIA ","UTI NEONATAL","NEONATOLOGIA","ACEITE DA UNIDADE EXECUTANTE","HEMU: DISPÕE DE CIPE; ATENDIMENTO A TODAS AS DOENÇAS DO PERÍODO NEONATAL.
RN GRAVE TERMO, COM ATÉ 28 DIAS DE VIDA, OU PRÉ-TERMO COM IG CORRIGIDA < 37 SEMANAS;
RN GRAVE COM ATÉ 28 DIAS DE VIDA OU COM IG CORRIGIDA < 37 SEMANAS, COM SUSPEITA DE CARDIOPATIA CONGÊNITA SEM DIAGNÓSTICO DEFINIDO;
RN GRAVE COM QUADRO DE ICTERÍCIA COM NÍVEIS INDICATIVOS DE EXSANGUINEOTRANSFUSÃO;

PERFIL DE IDADE:
RN TERMO (BEBÊS NASCIDOS COM IG ≥ 37 SEMANAS E COM ATÉ 28 DIAS DE VIDA)
RN PRÉ-TERMO (BEBÊS NASCIDOS COM IG < 37 SEMANAS E COM ATÉ 28 DIAS DE VIDA)
LACTENTES (BEBÊS COM MAIS DE 28 DIAS DE VIDA) PREMATUROS, COM IG CORRIGIDA < 37 SEMANAS.

NÃO É PERFIL: RN GRAVE COM QUADRO DE SÍNDROME GRIPAL INICIADO HÁ MAIS DE 10 DIAS DE NASCIDO.  (PERFIL HECAD)","","","","","","","","","","","","","","","","","","","","",""
"CENTRO SUDOESTE","HEMU - GOIÂNIA","MÉDIA E ALTA COMPLEXIDADE","URGÊNCIA E EMERGÊNCIA ","UTI ADULTO","GINECOLOGIA","ACEITE DA UNIDADE EXECUTANTE","HEMU: GO ALTO RISCO, ADULTOS ACIMA DE 18 ANOS; GESTANTE A PARTIR DE QUALQUER IDADE. ADOLESCENTES DO SEXO FEMININO, 14 ANOS 11 MESES E  29 DIAS;

INTERRUPÇÃO DE GRAVIDEZ PREVISTO EM LEI","","","","","","","","","","","","","","","","","","","","",""
"CENTRO SUDOESTE","HEMU - GOIÂNIA","MÉDIA E ALTA COMPLEXIDADE","URGÊNCIA E EMERGÊNCIA ","UTI ADULTO","OBSTETRÍCIA","ACEITE DA UNIDADE EXECUTANTE","HEMU: GO ALTO RISCO","","","","","","","","","","","","","","","","","","","","",""
"CENTRO SUDOESTE","HEMU - GOIÂNIA","MÉDIA E ALTA COMPLEXIDADE","URGÊNCIA E EMERGÊNCIA ","UTI NEONATAL","NEONATOLOGIA","ACEITE DA UNIDADE EXECUTANTE","HEMU: DISPÕE DE CIPE; ATENDIMENTO A TODAS AS DOENÇAS DO PERÍODO NEONATAL.
RN GRAVE TERMO, COM ATÉ 28 DIAS DE VIDA, OU PRÉ-TERMO COM IG CORRIGIDA < 37 SEMANAS;
RN GRAVE COM ATÉ 28 DIAS DE VIDA OU COM IG CORRIGIDA < 37 SEMANAS, COM SUSPEITA DE CARDIOPATIA CONGÊNITA SEM DIAGNÓSTICO DEFINIDO;
RN GRAVE COM QUADRO DE ICTERÍCIA COM NÍVEIS INDICATIVOS DE EXSANGUINEOTRANSFUSÃO;

PERFIL DE IDADE:
RN TERMO (BEBÊS NASCIDOS COM IG ≥ 37 SEMANAS E COM ATÉ 28 DIAS DE VIDA)
RN PRÉ-TERMO (BEBÊS NASCIDOS COM IG < 37 SEMANAS E COM ATÉ 28 DIAS DE VIDA)
LACTENTES (BEBÊS COM MAIS DE 28 DIAS DE VIDA) PREMATUROS, COM IG CORRIGIDA < 37 SEMANAS.

NÃO É PERFIL: RN GRAVE COM QUADRO DE SÍNDROME GRIPAL INICIADO HÁ MAIS DE 10 DIAS DE NASCIDO.  (PERFIL HECAD)","","","","","","","","","","","","","","","","","","","","",""
"NORDESTE","HEMU - GOIÂNIA","MÉDIA E ALTA COMPLEXIDADE","URGÊNCIA E EMERGÊNCIA ","UTI ADULTO","GINECOLOGIA","ACEITE DA UNIDADE EXECUTANTE","HEMU: GO ALTO RISCO, ADULTOS ACIMA DE 18 ANOS; GESTANTE A PARTIR DE QUALQUER IDADE. ADOLESCENTES DO SEXO FEMININO, 14 ANOS 11 MESES E  29 DIAS;

INTERRUPÇÃO DE GRAVIDEZ PREVISTO EM LEI","","","","","","","","","","","","","","","","","","","","",""
"NORDESTE","HEMU - GOIÂNIA","MÉDIA E ALTA COMPLEXIDADE","URGÊNCIA E EMERGÊNCIA ","UTI ADULTO","OBSTETRÍCIA","ACEITE DA UNIDADE EXECUTANTE","HEMU: GO ALTO RISCO","","","","","","","","","","","","","","","","","","","","",""
"NORDESTE","HEMU - GOIÂNIA","MÉDIA E ALTA COMPLEXIDADE","URGÊNCIA E EMERGÊNCIA ","UTI NEONATAL","NEONATOLOGIA","ACEITE DA UNIDADE EXECUTANTE","HEMU: DISPÕE DE CIPE; ATENDIMENTO A TODAS AS DOENÇAS DO PERÍODO NEONATAL.
RN GRAVE TERMO, COM ATÉ 28 DIAS DE VIDA, OU PRÉ-TERMO COM IG CORRIGIDA < 37 SEMANAS;
RN GRAVE COM ATÉ 28 DIAS DE VIDA OU COM IG CORRIGIDA < 37 SEMANAS, COM SUSPEITA DE CARDIOPATIA CONGÊNITA SEM DIAGNÓSTICO DEFINIDO;
RN GRAVE COM QUADRO DE ICTERÍCIA COM NÍVEIS INDICATIVOS DE EXSANGUINEOTRANSFUSÃO;

PERFIL DE IDADE:
RN TERMO (BEBÊS NASCIDOS COM IG ≥ 37 SEMANAS E COM ATÉ 28 DIAS DE VIDA)
RN PRÉ-TERMO (BEBÊS NASCIDOS COM IG < 37 SEMANAS E COM ATÉ 28 DIAS DE VIDA)
LACTENTES (BEBÊS COM MAIS DE 28 DIAS DE VIDA) PREMATUROS, COM IG CORRIGIDA < 37 SEMANAS.

NÃO É PERFIL: RN GRAVE COM QUADRO DE SÍNDROME GRIPAL INICIADO HÁ MAIS DE 10 DIAS DE NASCIDO.  (PERFIL HECAD)","","","","","","","","","","","","","","","","","","","","",""
"CENTRO OESTE","HEMU - GOIÂNIA","MÉDIA E ALTA COMPLEXIDADE","URGÊNCIA E EMERGÊNCIA ","ENFERMARIA ADULTO","GINECOLOGIA","ACEITE DA UNIDADE EXECUTANTE","HEMU: GO ALTO RISCO, ADULTOS ACIMA DE 18 ANOS; GESTANTE A PARTIR DE QUALQUER IDADE. ADOLESCENTES DO SEXO FEMININO, 14 ANOS 11 MESES E  29 DIAS;

INTERRUPÇÃO DE GRAVIDEZ PREVISTO EM LEI","","","","","","","","","","","","","","","","","","","","",""
"CENTRO OESTE","HEMU - GOIÂNIA","MÉDIA E ALTA COMPLEXIDADE","URGÊNCIA E EMERGÊNCIA ","ENFERMARIA ADULTO","OBSTETRÍCIA","ACEITE DA UNIDADE EXECUTANTE","HEMU: GO ALTO RISCO","","","","","","","","","","","","","","","","","","","","",""
"CENTRO NORTE","HEMU - GOIÂNIA","MÉDIA E ALTA COMPLEXIDADE","URGÊNCIA E EMERGÊNCIA ","ENFERMARIA ADULTO","GINECOLOGIA","ACEITE DA UNIDADE EXECUTANTE","HEMU: GO ALTO RISCO, ADULTOS ACIMA DE 18 ANOS; GESTANTE A PARTIR DE QUALQUER IDADE. ADOLESCENTES DO SEXO FEMININO, 14 ANOS 11 MESES E  29 DIAS;

INTERRUPÇÃO DE GRAVIDEZ PREVISTO EM LEI","","","","","","","","","","","","","","","","","","","","",""
"CENTRO NORTE","HEMU - GOIÂNIA","MÉDIA E ALTA COMPLEXIDADE","URGÊNCIA E EMERGÊNCIA ","ENFERMARIA ADULTO","OBSTETRÍCIA","ACEITE DA UNIDADE EXECUTANTE","HEMU: GO ALTO RISCO","","","","","","","","","","","","","","","","","","","","",""
"CENTRO SUDESTE","HEMU - GOIÂNIA","MÉDIA E ALTA COMPLEXIDADE","URGÊNCIA E EMERGÊNCIA ","ENFERMARIA ADULTO","GINECOLOGIA","ACEITE DA UNIDADE EXECUTANTE","HEMU: GO ALTO RISCO, ADULTOS ACIMA DE 18 ANOS; GESTANTE A PARTIR DE QUALQUER IDADE. ADOLESCENTES DO SEXO FEMININO, 14 ANOS 11 MESES E  29 DIAS;

INTERRUPÇÃO DE GRAVIDEZ PREVISTO EM LEI","","","","","","","","","","","","","","","","","","","","",""
"CENTRO SUDESTE","HEMU - GOIÂNIA","MÉDIA E ALTA COMPLEXIDADE","URGÊNCIA E EMERGÊNCIA ","ENFERMARIA ADULTO","OBSTETRÍCIA","ACEITE DA UNIDADE EXECUTANTE","HEMU: GO ALTO RISCO","","","","","","","","","","","","","","","","","","","","",""
"CENTRO SUDOESTE","HEMU - GOIÂNIA","MÉDIA E ALTA COMPLEXIDADE","URGÊNCIA E EMERGÊNCIA ","ENFERMARIA ADULTO","GINECOLOGIA","ACEITE DA UNIDADE EXECUTANTE","HEMU: GO ALTO RISCO, ADULTOS ACIMA DE 18 ANOS; GESTANTE A PARTIR DE QUALQUER IDADE. ADOLESCENTES DO SEXO FEMININO, 14 ANOS 11 MESES E  29 DIAS;

INTERRUPÇÃO DE GRAVIDEZ PREVISTO EM LEI","","","","","","","","","","","","","","","","","","","","",""
"CENTRO SUDOESTE","HEMU - GOIÂNIA","MÉDIA E ALTA COMPLEXIDADE","URGÊNCIA E EMERGÊNCIA ","ENFERMARIA ADULTO","OBSTETRÍCIA","ACEITE DA UNIDADE EXECUTANTE","HEMU: GO ALTO RISCO","","","","","","","","","","","","","","","","","","","","",""
"NORDESTE","HEMU - GOIÂNIA","MÉDIA E ALTA COMPLEXIDADE","URGÊNCIA E EMERGÊNCIA ","ENFERMARIA ADULTO","GINECOLOGIA","ACEITE DA UNIDADE EXECUTANTE","HEMU: GO ALTO RISCO, ADULTOS ACIMA DE 18 ANOS; GESTANTE A PARTIR DE QUALQUER IDADE. ADOLESCENTES DO SEXO FEMININO, 14 ANOS 11 MESES E  29 DIAS;

INTERRUPÇÃO DE GRAVIDEZ PREVISTO EM LEI","","","","","","","","","","","","","","","","","","","","",""
"NORDESTE","HEMU - GOIÂNIA","MÉDIA E ALTA COMPLEXIDADE","URGÊNCIA E EMERGÊNCIA ","ENFERMARIA ADULTO","OBSTETRÍCIA","ACEITE DA UNIDADE EXECUTANTE","HEMU: GO ALTO RISCO","","","","","","","","","","","","","","","","","","","","",""
"CENTRO OESTE","HEMU - GOIÂNIA","MÉDIA E ALTA COMPLEXIDADE","URGÊNCIA E EMERGÊNCIA ","PRONTO SOCORRO","GINECOLOGIA","ENCAMINHAMENTO DE URGÊNCIA ","HEMU: GO ALTO RISCO, ADULTOS ACIMA DE 18 ANOS; GESTANTE A PARTIR DE QUALQUER IDADE. ADOLESCENTES DO SEXO FEMININO, 14 ANOS 11 MESES E  29 DIAS;

INTERRUPÇÃO DE GRAVIDEZ PREVISTO EM LEI","","","","","","","","","","","","","","","","","","","","",""
"CENTRO OESTE","HEMU - GOIÂNIA","MÉDIA E ALTA COMPLEXIDADE","URGÊNCIA E EMERGÊNCIA ","PRONTO SOCORRO","OBSTETRÍCIA","ENCAMINHAMENTO DE URGÊNCIA ","HEMU: GO ALTO RISCO","","","","","","","","","","","","","","","","","","","","",""
"CENTRO OESTE","HEMU - GOIÂNIA","MÉDIA E ALTA COMPLEXIDADE","URGÊNCIA E EMERGÊNCIA ","PRONTO SOCORRO","NEONATOLOGIA","ENCAMINHAMENTO DE URGÊNCIA ","HEMU: DISPÕE DE CIPE; ATENDIMENTO A TODAS AS DOENÇAS DO PERÍODO NEONATAL.
RN GRAVE TERMO, COM ATÉ 28 DIAS DE VIDA, OU PRÉ-TERMO COM IG CORRIGIDA < 37 SEMANAS;
RN GRAVE COM ATÉ 28 DIAS DE VIDA OU COM IG CORRIGIDA < 37 SEMANAS, COM SUSPEITA DE CARDIOPATIA CONGÊNITA SEM DIAGNÓSTICO DEFINIDO;
RN GRAVE COM QUADRO DE ICTERÍCIA COM NÍVEIS INDICATIVOS DE EXSANGUINEOTRANSFUSÃO;

PERFIL DE IDADE:
RN TERMO (BEBÊS NASCIDOS COM IG ≥ 37 SEMANAS E COM ATÉ 28 DIAS DE VIDA)
RN PRÉ-TERMO (BEBÊS NASCIDOS COM IG < 37 SEMANAS E COM ATÉ 28 DIAS DE VIDA)
LACTENTES (BEBÊS COM MAIS DE 28 DIAS DE VIDA) PREMATUROS, COM IG CORRIGIDA < 37 SEMANAS.

NÃO É PERFIL: RN GRAVE COM QUADRO DE SÍNDROME GRIPAL INICIADO HÁ MAIS DE 10 DIAS DE NASCIDO.  (PERFIL HECAD)","","","","","","","","","","","","","","","","","","","","",""
"CENTRO NORTE","HEMU - GOIÂNIA","MÉDIA E ALTA COMPLEXIDADE","URGÊNCIA E EMERGÊNCIA ","PRONTO SOCORRO","GINECOLOGIA","ENCAMINHAMENTO DE URGÊNCIA ","HEMU: GO ALTO RISCO, ADULTOS ACIMA DE 18 ANOS; GESTANTE A PARTIR DE QUALQUER IDADE. ADOLESCENTES DO SEXO FEMININO, 14 ANOS 11 MESES E  29 DIAS;

INTERRUPÇÃO DE GRAVIDEZ PREVISTO EM LEI","","","","","","","","","","","","","","","","","","","","",""
"CENTRO NORTE","HEMU - GOIÂNIA","MÉDIA E ALTA COMPLEXIDADE","URGÊNCIA E EMERGÊNCIA ","PRONTO SOCORRO","OBSTETRÍCIA","ENCAMINHAMENTO DE URGÊNCIA ","HEMU: GO ALTO RISCO","","","","","","","","","","","","","","","","","","","","",""
"CENTRO NORTE","HEMU - GOIÂNIA","MÉDIA E ALTA COMPLEXIDADE","URGÊNCIA E EMERGÊNCIA ","PRONTO SOCORRO","NEONATOLOGIA","ENCAMINHAMENTO DE URGÊNCIA ","HEMU: DISPÕE DE CIPE; ATENDIMENTO A TODAS AS DOENÇAS DO PERÍODO NEONATAL.
RN GRAVE TERMO, COM ATÉ 28 DIAS DE VIDA, OU PRÉ-TERMO COM IG CORRIGIDA < 37 SEMANAS;
RN GRAVE COM ATÉ 28 DIAS DE VIDA OU COM IG CORRIGIDA < 37 SEMANAS, COM SUSPEITA DE CARDIOPATIA CONGÊNITA SEM DIAGNÓSTICO DEFINIDO;
RN GRAVE COM QUADRO DE ICTERÍCIA COM NÍVEIS INDICATIVOS DE EXSANGUINEOTRANSFUSÃO;

PERFIL DE IDADE:
RN TERMO (BEBÊS NASCIDOS COM IG ≥ 37 SEMANAS E COM ATÉ 28 DIAS DE VIDA)
RN PRÉ-TERMO (BEBÊS NASCIDOS COM IG < 37 SEMANAS E COM ATÉ 28 DIAS DE VIDA)
LACTENTES (BEBÊS COM MAIS DE 28 DIAS DE VIDA) PREMATUROS, COM IG CORRIGIDA < 37 SEMANAS.

NÃO É PERFIL: RN GRAVE COM QUADRO DE SÍNDROME GRIPAL INICIADO HÁ MAIS DE 10 DIAS DE NASCIDO.  (PERFIL HECAD)","","","","","","","","","","","","","","","","","","","","",""
"CENTRO SUDESTE","HEMU - GOIÂNIA","MÉDIA E ALTA COMPLEXIDADE","URGÊNCIA E EMERGÊNCIA ","PRONTO SOCORRO","GINECOLOGIA","ENCAMINHAMENTO DE URGÊNCIA ","HEMU: GO ALTO RISCO, ADULTOS ACIMA DE 18 ANOS; GESTANTE A PARTIR DE QUALQUER IDADE. ADOLESCENTES DO SEXO FEMININO, 14 ANOS 11 MESES E  29 DIAS;

INTERRUPÇÃO DE GRAVIDEZ PREVISTO EM LEI","","","","","","","","","","","","","","","","","","","","",""
"CENTRO SUDESTE","HEMU - GOIÂNIA","MÉDIA E ALTA COMPLEXIDADE","URGÊNCIA E EMERGÊNCIA ","PRONTO SOCORRO","OBSTETRÍCIA","ENCAMINHAMENTO DE URGÊNCIA ","HEMU: GO ALTO RISCO","","","","","","","","","","","","","","","","","","","","",""
"CENTRO SUDESTE","HEMU - GOIÂNIA","MÉDIA E ALTA COMPLEXIDADE","URGÊNCIA E EMERGÊNCIA ","PRONTO SOCORRO","NEONATOLOGIA","ENCAMINHAMENTO DE URGÊNCIA ","HEMU: DISPÕE DE CIPE; ATENDIMENTO A TODAS AS DOENÇAS DO PERÍODO NEONATAL.
RN GRAVE TERMO, COM ATÉ 28 DIAS DE VIDA, OU PRÉ-TERMO COM IG CORRIGIDA < 37 SEMANAS;
RN GRAVE COM ATÉ 28 DIAS DE VIDA OU COM IG CORRIGIDA < 37 SEMANAS, COM SUSPEITA DE CARDIOPATIA CONGÊNITA SEM DIAGNÓSTICO DEFINIDO;
RN GRAVE COM QUADRO DE ICTERÍCIA COM NÍVEIS INDICATIVOS DE EXSANGUINEOTRANSFUSÃO;

PERFIL DE IDADE:
RN TERMO (BEBÊS NASCIDOS COM IG ≥ 37 SEMANAS E COM ATÉ 28 DIAS DE VIDA)
RN PRÉ-TERMO (BEBÊS NASCIDOS COM IG < 37 SEMANAS E COM ATÉ 28 DIAS DE VIDA)
LACTENTES (BEBÊS COM MAIS DE 28 DIAS DE VIDA) PREMATUROS, COM IG CORRIGIDA < 37 SEMANAS.

NÃO É PERFIL: RN GRAVE COM QUADRO DE SÍNDROME GRIPAL INICIADO HÁ MAIS DE 10 DIAS DE NASCIDO.  (PERFIL HECAD)","","","","","","","","","","","","","","","","","","","","",""
"CENTRO SUDOESTE","HEMU - GOIÂNIA","MÉDIA E ALTA COMPLEXIDADE","URGÊNCIA E EMERGÊNCIA ","PRONTO SOCORRO","GINECOLOGIA","ENCAMINHAMENTO DE URGÊNCIA ","HEMU: GO ALTO RISCO, ADULTOS ACIMA DE 18 ANOS; GESTANTE A PARTIR DE QUALQUER IDADE. ADOLESCENTES DO SEXO FEMININO, 14 ANOS 11 MESES E  29 DIAS;

INTERRUPÇÃO DE GRAVIDEZ PREVISTO EM LEI","","","","","","","","","","","","","","","","","","","","",""
"CENTRO SUDOESTE","HEMU - GOIÂNIA","MÉDIA E ALTA COMPLEXIDADE","URGÊNCIA E EMERGÊNCIA ","PRONTO SOCORRO","OBSTETRÍCIA","ENCAMINHAMENTO DE URGÊNCIA ","HEMU: GO ALTO RISCO","","","","","","","","","","","","","","","","","","","","",""
"CENTRO SUDOESTE","HEMU - GOIÂNIA","MÉDIA E ALTA COMPLEXIDADE","URGÊNCIA E EMERGÊNCIA ","PRONTO SOCORRO","NEONATOLOGIA","ENCAMINHAMENTO DE URGÊNCIA ","HEMU: DISPÕE DE CIPE; ATENDIMENTO A TODAS AS DOENÇAS DO PERÍODO NEONATAL.
RN GRAVE TERMO, COM ATÉ 28 DIAS DE VIDA, OU PRÉ-TERMO COM IG CORRIGIDA < 37 SEMANAS;
RN GRAVE COM ATÉ 28 DIAS DE VIDA OU COM IG CORRIGIDA < 37 SEMANAS, COM SUSPEITA DE CARDIOPATIA CONGÊNITA SEM DIAGNÓSTICO DEFINIDO;
RN GRAVE COM QUADRO DE ICTERÍCIA COM NÍVEIS INDICATIVOS DE EXSANGUINEOTRANSFUSÃO;

PERFIL DE IDADE:
RN TERMO (BEBÊS NASCIDOS COM IG ≥ 37 SEMANAS E COM ATÉ 28 DIAS DE VIDA)
RN PRÉ-TERMO (BEBÊS NASCIDOS COM IG < 37 SEMANAS E COM ATÉ 28 DIAS DE VIDA)
LACTENTES (BEBÊS COM MAIS DE 28 DIAS DE VIDA) PREMATUROS, COM IG CORRIGIDA < 37 SEMANAS.

NÃO É PERFIL: RN GRAVE COM QUADRO DE SÍNDROME GRIPAL INICIADO HÁ MAIS DE 10 DIAS DE NASCIDO.  (PERFIL HECAD)","","","","","","","","","","","","","","","","","","","","",""
"NORDESTE","HEMU - GOIÂNIA","MÉDIA E ALTA COMPLEXIDADE","URGÊNCIA E EMERGÊNCIA ","PRONTO SOCORRO","GINECOLOGIA","ENCAMINHAMENTO DE URGÊNCIA ","HEMU: GO ALTO RISCO, ADULTOS ACIMA DE 18 ANOS; GESTANTE A PARTIR DE QUALQUER IDADE. ADOLESCENTES DO SEXO FEMININO, 14 ANOS 11 MESES E  29 DIAS;

INTERRUPÇÃO DE GRAVIDEZ PREVISTO EM LEI","","","","","","","","","","","","","","","","","","","","",""
"NORDESTE","HEMU - GOIÂNIA","MÉDIA E ALTA COMPLEXIDADE","URGÊNCIA E EMERGÊNCIA ","PRONTO SOCORRO","OBSTETRÍCIA","ENCAMINHAMENTO DE URGÊNCIA ","HEMU: GO ALTO RISCO","","","","","","","","","","","","","","","","","","","","",""
"NORDESTE","HEMU - GOIÂNIA","MÉDIA E ALTA COMPLEXIDADE","URGÊNCIA E EMERGÊNCIA ","PRONTO SOCORRO","NEONATOLOGIA","ENCAMINHAMENTO DE URGÊNCIA ","HEMU: DISPÕE DE CIPE; ATENDIMENTO A TODAS AS DOENÇAS DO PERÍODO NEONATAL.
RN GRAVE TERMO, COM ATÉ 28 DIAS DE VIDA, OU PRÉ-TERMO COM IG CORRIGIDA < 37 SEMANAS;
RN GRAVE COM ATÉ 28 DIAS DE VIDA OU COM IG CORRIGIDA < 37 SEMANAS, COM SUSPEITA DE CARDIOPATIA CONGÊNITA SEM DIAGNÓSTICO DEFINIDO;
RN GRAVE COM QUADRO DE ICTERÍCIA COM NÍVEIS INDICATIVOS DE EXSANGUINEOTRANSFUSÃO;

PERFIL DE IDADE:
RN TERMO (BEBÊS NASCIDOS COM IG ≥ 37 SEMANAS E COM ATÉ 28 DIAS DE VIDA)
RN PRÉ-TERMO (BEBÊS NASCIDOS COM IG < 37 SEMANAS E COM ATÉ 28 DIAS DE VIDA)
LACTENTES (BEBÊS COM MAIS DE 28 DIAS DE VIDA) PREMATUROS, COM IG CORRIGIDA < 37 SEMANAS.

NÃO É PERFIL: RN GRAVE COM QUADRO DE SÍNDROME GRIPAL INICIADO HÁ MAIS DE 10 DIAS DE NASCIDO.  (PERFIL HECAD)","","","","","","","","","","","","","","","","","","","","",""
"CENTRO SUDOESTE","HERSO - SANTA HELENA","MÉDIA E ALTA COMPLEXIDADE","URGÊNCIA E EMERGÊNCIA ","UTI ADULTO","CIRURGIA BUCOMAXILOFACIAL","INTERNAÇÃO PRÓPRIA (COTA DIRETA)","HERSO: PACIENTES ATENDIDOS PELA URGÊNCIA/EMERGÊNCIA E EGRESSOS DE CIRURGIA ELETIVA OU AMBULATÓRIO.","","","","","","","","","","","","","","","","","","","","",""
"CENTRO SUDOESTE","HERSO - SANTA HELENA","MÉDIA E ALTA COMPLEXIDADE","URGÊNCIA E EMERGÊNCIA ","UTI ADULTO","CIRURGIA GERAL","INTERNAÇÃO PRÓPRIA (COTA DIRETA)","HERSO: PACIENTES ATENDIDOS PELA URGÊNCIA/EMERGÊNCIA E EGRESSOS DE CIRURGIA ELETIVA OU AMBULATÓRIO.","","","","","","","","","","","","","","","","","","","","",""
"CENTRO SUDOESTE","HERSO - SANTA HELENA","MÉDIA E ALTA COMPLEXIDADE","URGÊNCIA E EMERGÊNCIA ","UTI ADULTO","ORTOPEDIA E TRAUMATOLOGIA","INTERNAÇÃO PRÓPRIA (COTA DIRETA)","HERSO: PACIENTES ATENDIDOS PELA URGÊNCIA/EMERGÊNCIA E EGRESSOS DE CIRURGIA ELETIVA OU AMBULATÓRIO.","","","","","","","","","","","","","","","","","","","","",""
"CENTRO SUDOESTE","HERSO - SANTA HELENA","MÉDIA E ALTA COMPLEXIDADE","URGÊNCIA E EMERGÊNCIA ","UTI ADULTO","CLÍNICA MÉDICA","INTERNAÇÃO PRÓPRIA (COTA DIRETA)","HERSO: PACIENTES ATENDIDOS PELA URGÊNCIA/EMERGÊNCIA E EGRESSOS DE CIRURGIA ELETIVA OU AMBULATÓRIO.","","","","","","","","","","","","","","","","","","","","",""
"CENTRO SUDOESTE","HERSO - SANTA HELENA","MÉDIA E ALTA COMPLEXIDADE","URGÊNCIA E EMERGÊNCIA ","UTI ADULTO","CIRURGIA VASCULAR/ANGIO","INTERNAÇÃO PRÓPRIA (COTA DIRETA)","HERSO: PACIENTES ATENDIDOS PELA URGÊNCIA/EMERGÊNCIA E EGRESSOS DE CIRURGIA ELETIVA OU AMBULATÓRIO.","","","","","","","","","","","","","","","","","","","","",""
"CENTRO SUDOESTE","HERSO - SANTA HELENA","MÉDIA E ALTA COMPLEXIDADE","URGÊNCIA E EMERGÊNCIA ","UTI ADULTO","NEUROCIRURGIA","INTERNAÇÃO PRÓPRIA (COTA DIRETA)","HERSO: PACIENTES ATENDIDOS PELA URGÊNCIA/EMERGÊNCIA E EGRESSOS DE CIRURGIA ELETIVA OU AMBULATÓRIO.","","","","","","","","","","","","","","","","","","","","",""
"CENTRO SUDOESTE","HERSO - SANTA HELENA","MÉDIA E ALTA COMPLEXIDADE","URGÊNCIA E EMERGÊNCIA ","UTI ADULTO","NEUROLOGIA","INTERNAÇÃO PRÓPRIA (COTA DIRETA)","HERSO: PACIENTES ATENDIDOS PELA URGÊNCIA/EMERGÊNCIA E EGRESSOS DE CIRURGIA ELETIVA OU AMBULATÓRIO.","","","","","","","","","","","","","","","","","","","","",""
"CENTRO SUDOESTE","HERSO - SANTA HELENA","MÉDIA E ALTA COMPLEXIDADE","URGÊNCIA E EMERGÊNCIA ","ENFERMARIA ADULTO","CIRURGIA BUCOMAXILOFACIAL","INTERNAÇÃO PRÓPRIA (COTA DIRETA)","HERSO: PACIENTES ATENDIDOS PELA URGÊNCIA/EMERGÊNCIA E EGRESSOS DE CIRURGIA ELETIVA OU AMBULATÓRIO.","","","","","","","","","","","","","","","","","","","","",""
"CENTRO SUDOESTE","HERSO - SANTA HELENA","MÉDIA E ALTA COMPLEXIDADE","URGÊNCIA E EMERGÊNCIA ","ENFERMARIA ADULTO","CIRURGIA GERAL","INTERNAÇÃO PRÓPRIA (COTA DIRETA)","HERSO: PACIENTES ATENDIDOS PELA URGÊNCIA/EMERGÊNCIA E EGRESSOS DE CIRURGIA ELETIVA OU AMBULATÓRIO.","","","","","","","","","","","","","","","","","","","","",""
"CENTRO SUDOESTE","HERSO - SANTA HELENA","MÉDIA E ALTA COMPLEXIDADE","URGÊNCIA E EMERGÊNCIA ","ENFERMARIA ADULTO","ORTOPEDIA E TRAUMATOLOGIA","INTERNAÇÃO PRÓPRIA (COTA DIRETA)","HERSO: PACIENTES ATENDIDOS PELA URGÊNCIA/EMERGÊNCIA E EGRESSOS DE CIRURGIA ELETIVA OU AMBULATÓRIO.","","","","","","","","","","","","","","","","","","","","",""
"CENTRO SUDOESTE","HERSO - SANTA HELENA","MÉDIA E ALTA COMPLEXIDADE","URGÊNCIA E EMERGÊNCIA ","ENFERMARIA ADULTO","CLÍNICA MÉDICA","INTERNAÇÃO PRÓPRIA (COTA DIRETA)","HERSO: PACIENTES ATENDIDOS PELA URGÊNCIA/EMERGÊNCIA E EGRESSOS DE CIRURGIA ELETIVA OU AMBULATÓRIO.","","","","","","","","","","","","","","","","","","","","",""
"CENTRO SUDOESTE","HERSO - SANTA HELENA","MÉDIA E ALTA COMPLEXIDADE","URGÊNCIA E EMERGÊNCIA ","ENFERMARIA ADULTO","CIRURGIA VASCULAR/ANGIO","INTERNAÇÃO PRÓPRIA (COTA DIRETA)","HERSO: PACIENTES ATENDIDOS PELA URGÊNCIA/EMERGÊNCIA E EGRESSOS DE CIRURGIA ELETIVA OU AMBULATÓRIO.","","","","","","","","","","","","","","","","","","","","",""
"CENTRO SUDOESTE","HERSO - SANTA HELENA","MÉDIA E ALTA COMPLEXIDADE","URGÊNCIA E EMERGÊNCIA ","ENFERMARIA ADULTO","NEUROCIRURGIA","INTERNAÇÃO PRÓPRIA (COTA DIRETA)","HERSO: PACIENTES ATENDIDOS PELA URGÊNCIA/EMERGÊNCIA E EGRESSOS DE CIRURGIA ELETIVA OU AMBULATÓRIO.","","","","","","","","","","","","","","","","","","","","",""
"CENTRO SUDOESTE","HERSO - SANTA HELENA","MÉDIA E ALTA COMPLEXIDADE","URGÊNCIA E EMERGÊNCIA ","ENFERMARIA ADULTO","NEUROLOGIA","INTERNAÇÃO PRÓPRIA (COTA DIRETA)","HERSO: PACIENTES ATENDIDOS PELA URGÊNCIA/EMERGÊNCIA E EGRESSOS DE CIRURGIA ELETIVA OU AMBULATÓRIO.","","","","","","","","","","","","","","","","","","","","",""
"CENTRO SUDOESTE","HERSO - SANTA HELENA","MÉDIA E ALTA COMPLEXIDADE","URGÊNCIA E EMERGÊNCIA ","PRONTO SOCORRO","CIRURGIA BUCOMAXILOFACIAL","ENCAMINHAMENTO DE URGÊNCIA ","HERSO: PACIENTES POLITRAUMATIZADOS OU NÃO, QUE NECESSITEM DE AVALIAÇÃO E/OU CONDUTA CIRÚRGICA ESPECIALIZADA EM CIRURGIA BUCOMAXILOFACIAL, INCLUINDO: OSTEOTOMIAS DE MAXILA E MANDÍBULA; OSTEOSSÍNTESE DE FRATURAS FACIAIS (MANDÍBULA – SIMPLES E COMPLEXAS, COMPLEXO ÓRBITO-ZIGOMÁTICO-MAXILAR, NASO-ÓRBITO-ETMOIDAL, OSSO ZIGOMÁTICO E CÔNDILO MANDIBULAR BILATERAL); RETIRADA DE MEIOS DE FIXAÇÃO MAXILOMANDIBULAR.

NÃO É PERFIL: OTORRINOLARINGOLOGIA E CASOS AMBULATORIAIS.","","","","","","","","","","","","","","","","","","","","",""
"CENTRO SUDOESTE","HERSO - SANTA HELENA","MÉDIA E ALTA COMPLEXIDADE","URGÊNCIA E EMERGÊNCIA ","PRONTO SOCORRO","CIRURGIA GERAL","ENCAMINHAMENTO DE URGÊNCIA ","HERSO: IDADE MÍNIMA PARA INTERNAÇÃO ≥ 13 ANOS. 
UNIDADE REALIZA CPRE REALIZA CPRE ÀS 3ª E 6ª FEIRAS.

PERFIL: PROCEDIMENTOS CIRÚRGICOS DE URGÊNCIA RELACIONADOS AO TRATO GASTROINTESTINAL, PAREDE ABDOMINAL E OUTROS ÓRGÃOS ABDOMINAIS. PREDOMINAM INTERNAÇÕES POR PATOLOGIAS CIRÚRGICAS AGUDAS QUE DEMANDAM INTERVENÇÃO IMEDIATA. FAF, FAB, ABDOME AGUDO.

NÃO É PERFIL: CIRURGIA TORÁCICA; TRATAMENTOS ONCOLÓGICOS CIRÚRGICOS; CORREÇÃO DE ANEURISMAS; ANEURISMA CEREBRAL ROTO; CIRURGIAS DE REVASCULARIZAÇÃO E DA AORTA TÓRACO-ABDOMINAL (ENDOVASCULAR); TRATAMENTO DE COMPLICAÇÕES CIRÚRGICAS COMPLEXAS DAS VIAS BILIARES.","","","","","","","","","","","","","","","","","","","","",""
"CENTRO SUDOESTE","HERSO - SANTA HELENA","MÉDIA E ALTA COMPLEXIDADE","URGÊNCIA E EMERGÊNCIA ","UTI ADULTO","ORTOPEDIA E TRAUMATOLOGIA","REGULAÇÃO PARA O LEITO","HERSO: LESÕES E TRAUMAS DE MÉDIA E ALTA COMPLEXIDADE,  FRATURAS E LESÕES INCLUINDO EXPOSTA, POLITRUMA.

NÃO É PERFIL: TRAUMA PEDIÁTRICO, COLUNA, MICROCIRURGIA MÃO","","","","","","","","","","","","","","","","","","","","",""
"CENTRO SUDOESTE","HERSO - SANTA HELENA","MÉDIA E ALTA COMPLEXIDADE","URGÊNCIA E EMERGÊNCIA ","PRONTO SOCORRO","CLÍNICA MÉDICA","ENCAMINHAMENTO DE URGÊNCIA ","HERSO: IDADE MÍNIMA PARA INTERNAÇÃO ≥ 13 ANOS. CASOS CLÍNICOS, INVESTIGAÇÃO DIAGNÓSTICA E TRATAMENTO DE DOENÇAS NÃO CIRÚRGICAS;

NÃO É PERFIL: PACIENTES COM INSTABILIDADE HEMODINÂMICA E CARDIOLOGIA.","","","","","","","","","","","","","","","","","","","","",""
"CENTRO SUDOESTE","HERSO - SANTA HELENA","MÉDIA E ALTA COMPLEXIDADE","URGÊNCIA E EMERGÊNCIA ","PRONTO SOCORRO","CIRURGIA VASCULAR/ANGIO","ENCAMINHAMENTO DE URGÊNCIA ","HERSO: CASOS CLÍNICOS E CIRÚRGICOS QUE NECESSITEM DE AVALIAÇÃO E/OU TRATAMENTO ESPECIALIZADO, INCLUINDO DOENÇAS CRÔNICAS COMO DM - (PÉ DIABÉTICO COMPLICADO); CONDIÇÕES COM RISCO DE LESÕES EM MMII; INDICAÇÃO DE AMPUTAÇÃO E PROCEDIMENTOS VENOSOS E ARTERIAIS; TRATAMENTO DE LESÕES VASCULARES ASSOCIADAS A EDEMAS; DEBRIDAMENTO DE TECIDOS DESVITALIZADOS; TRATAMENTO DE TROMBOSE VENOSA PROFUNDA.

NÃO É PERFIL: CASOS QUE NECESSITE DE HEMODINÂMICA (REVASCULARIZAÇÃO)","","","","","","","","","","","","","","","","","","","","",""
"CENTRO SUDOESTE","HERSO - SANTA HELENA","MÉDIA E ALTA COMPLEXIDADE","URGÊNCIA E EMERGÊNCIA ","PRONTO SOCORRO","NEUROCIRURGIA","ENCAMINHAMENTO DE URGÊNCIA ","HERSO: AVALIAÇÃO E/OU INTERVENÇÃO EM NEUROCIRURGIA, INCLUINDO: CRANIOTOMIAS DESCOMPRESSIVAS (INCLUSIVE DE FOSSA POSTERIOR); RETIRADA DE LESÕES INTRACRANIANAS (CISTO, ABSCESSO, GRANULOMA, CORPO ESTRANHO); DESCOMPRESSÃO DE ÓRBITA; TRATAMENTO CIRÚRGICO DE FRATURAS DE CRÂNIO COM AFUNDAMENTO; HEMATOMAS INTRACRANIANOS (EXTRADURAL, INTRACEREBRAL, SUBDURAL AGUDO E CRÔNICO); E NEURORRAFIA.

NÃO É PERFIL: MICROCIRURGIAS; EMBOLIZAÇÃO; NEUROCIRURGIA ONCOLÓGICA; ANEURISMAS CEREBRAIS ROTOS. UNIDADE NÃO DISPÕE DE HEMODINÂMICA","","","","","","","","","","","","","","","","","","","","",""
"CENTRO SUDOESTE","HERSO - SANTA HELENA","MÉDIA E ALTA COMPLEXIDADE","URGÊNCIA E EMERGÊNCIA ","ENFERMARIA ADULTO","ORTOPEDIA E TRAUMATOLOGIA","REGULAÇÃO PARA O LEITO","HERSO: LESÕES E TRAUMAS DE MÉDIA E ALTA COMPLEXIDADE,  FRATURAS E LESÕES INCLUINDO EXPOSTA, POLITRUMA.

NÃO É PERFIL: TRAUMA PEDIÁTRICO, COLUNA, MICROCIRURGIA MÃO","","","","","","","","","","","","","","","","","","","","",""
"CENTRO SUDOESTE","HERSO - SANTA HELENA","MÉDIA E ALTA COMPLEXIDADE","URGÊNCIA E EMERGÊNCIA ","UTI ADULTO","CIRURGIA BUCOMAXILOFACIAL","REGULAÇÃO PARA O LEITO","HERSO: PACIENTES POLITRAUMATIZADOS OU NÃO, QUE NECESSITEM DE AVALIAÇÃO E/OU CONDUTA CIRÚRGICA ESPECIALIZADA EM CIRURGIA BUCOMAXILOFACIAL, INCLUINDO: OSTEOTOMIAS DE MAXILA E MANDÍBULA; OSTEOSSÍNTESE DE FRATURAS FACIAIS (MANDÍBULA – SIMPLES E COMPLEXAS, COMPLEXO ÓRBITO-ZIGOMÁTICO-MAXILAR, NASO-ÓRBITO-ETMOIDAL, OSSO ZIGOMÁTICO E CÔNDILO MANDIBULAR BILATERAL); RETIRADA DE MEIOS DE FIXAÇÃO MAXILOMANDIBULAR.

NÃO É PERFIL: OTORRINOLARINGOLOGIA E CASOS AMBULATORIAIS.","","","","","","","","","","","","","","","","","","","","",""
"CENTRO SUDOESTE","HERSO - SANTA HELENA","MÉDIA E ALTA COMPLEXIDADE","URGÊNCIA E EMERGÊNCIA ","PRONTO SOCORRO","ORTOPEDIA E TRAUMATOLOGIA","ENCAMINHAMENTO DE URGÊNCIA ","HERSO: LESÕES E TRAUMAS DE MÉDIA E ALTA COMPLEXIDADE,  FRATURAS E LESÕES INCLUINDO EXPOSTA, POLITRUMA.

NÃO É PERFIL: TRAUMA PEDIÁTRICO, COLUNA, MICROCIRURGIA MÃO","","","","","","","","","","","","","","","","","","","","",""
"CENTRO SUDOESTE","HERSO - SANTA HELENA","MÉDIA E ALTA COMPLEXIDADE","URGÊNCIA E EMERGÊNCIA ","PRONTO SOCORRO","NEUROLOGIA","ENCAMINHAMENTO DE URGÊNCIA ","HERSO: INFLAMAÇÕES AGUDAS OU INFECÇÕES GRAVES DO SNC, CONVULSÕES NÃO RESPONSIVAS, ALTERAÇÕES AGUDAS E GRAVE DO NÍVEL DE CONSCIÊNCIA, SINAIS CLÍNICOS DE HIPERTENSÃO INTRACRANIANA.

NÃO É PERFIL: DOENÇAS NEUROLÓGICAS DEGENERATIVAS PROGRESSIVAS COMO GUILLAIN-BARRÉ.","","","","","","","","","","","","","","","","","","","","",""
"CENTRO SUDOESTE","HERSO - SANTA HELENA","MÉDIA E ALTA COMPLEXIDADE","URGÊNCIA E EMERGÊNCIA ","UTI ADULTO","NEUROLOGIA","REGULAÇÃO PARA O LEITO","HERSO: INFLAMAÇÕES AGUDAS OU INFECÇÕES GRAVES DO SNC, CONVULSÕES NÃO RESPONSIVAS, ALTERAÇÕES AGUDAS E GRAVE DO NÍVEL DE CONSCIÊNCIA, SINAIS CLÍNICOS DE HIPERTENSÃO INTRACRANIANA.

NÃO É PERFIL: DOENÇAS NEUROLÓGICAS DEGENERATIVAS PROGRESSIVAS COMO GUILLAIN-BARRÉ.","","","","","","","","","","","","","","","","","","","","",""
"CENTRO SUDOESTE","HERSO - SANTA HELENA","MÉDIA E ALTA COMPLEXIDADE","URGÊNCIA E EMERGÊNCIA ","ENFERMARIA ADULTO","NEUROLOGIA","REGULAÇÃO PARA O LEITO","HERSO: INFLAMAÇÕES AGUDAS OU INFECÇÕES GRAVES DO SNC, CONVULSÕES NÃO RESPONSIVAS, ALTERAÇÕES AGUDAS E GRAVE DO NÍVEL DE CONSCIÊNCIA, SINAIS CLÍNICOS DE HIPERTENSÃO INTRACRANIANA.

NÃO É PERFIL: DOENÇAS NEUROLÓGICAS DEGENERATIVAS PROGRESSIVAS COMO GUILLAIN-BARRÉ.","","","","","","","","","","","","","","","","","","","","",""
"CENTRO SUDOESTE","HERSO - SANTA HELENA","MÉDIA E ALTA COMPLEXIDADE","URGÊNCIA E EMERGÊNCIA ","UTI ADULTO","CIRURGIA GERAL","REGULAÇÃO PARA O LEITO","HERSO: IDADE MÍNIMA PARA INTERNAÇÃO ≥ 13 ANOS. 
UNIDADE REALIZA CPRE REALIZA CPRE ÀS 3ª E 6ª FEIRAS.

PERFIL: PROCEDIMENTOS CIRÚRGICOS DE URGÊNCIA RELACIONADOS AO TRATO GASTROINTESTINAL, PAREDE ABDOMINAL E OUTROS ÓRGÃOS ABDOMINAIS. PREDOMINAM INTERNAÇÕES POR PATOLOGIAS CIRÚRGICAS AGUDAS QUE DEMANDAM INTERVENÇÃO IMEDIATA. FAF, FAB, ABDOME AGUDO.

NÃO É PERFIL: CIRURGIA TORÁCICA; TRATAMENTOS ONCOLÓGICOS CIRÚRGICOS; CORREÇÃO DE ANEURISMAS; ANEURISMA CEREBRAL ROTO; CIRURGIAS DE REVASCULARIZAÇÃO E DA AORTA TÓRACO-ABDOMINAL (ENDOVASCULAR); TRATAMENTO DE COMPLICAÇÕES CIRÚRGICAS COMPLEXAS DAS VIAS BILIARES.","","","","","","","","","","","","","","","","","","","","",""
"CENTRO SUDOESTE","HERSO - SANTA HELENA","MÉDIA E ALTA COMPLEXIDADE","URGÊNCIA E EMERGÊNCIA ","UTI ADULTO","CLÍNICA MÉDICA","REGULAÇÃO PARA O LEITO","HERSO: IDADE MÍNIMA PARA INTERNAÇÃO ≥ 13 ANOS. CASOS CLÍNICOS, INVESTIGAÇÃO DIAGNÓSTICA E TRATAMENTO DE DOENÇAS NÃO CIRÚRGICAS;

NÃO É PERFIL: PACIENTES COM INSTABILIDADE HEMODINÂMICA E CARDIOLOGIA.","","","","","","","","","","","","","","","","","","","","",""
"CENTRO SUDOESTE","HERSO - SANTA HELENA","MÉDIA E ALTA COMPLEXIDADE","URGÊNCIA E EMERGÊNCIA ","UTI ADULTO","CIRURGIA VASCULAR/ANGIO","REGULAÇÃO PARA O LEITO","HERSO: CASOS CLÍNICOS E CIRÚRGICOS QUE NECESSITEM DE AVALIAÇÃO E/OU TRATAMENTO ESPECIALIZADO, INCLUINDO DOENÇAS CRÔNICAS COMO DM - (PÉ DIABÉTICO COMPLICADO); CONDIÇÕES COM RISCO DE LESÕES EM MMII; INDICAÇÃO DE AMPUTAÇÃO E PROCEDIMENTOS VENOSOS E ARTERIAIS; TRATAMENTO DE LESÕES VASCULARES ASSOCIADAS A EDEMAS; DEBRIDAMENTO DE TECIDOS DESVITALIZADOS; TRATAMENTO DE TROMBOSE VENOSA PROFUNDA.

NÃO É PERFIL: CASOS QUE NECESSITE DE HEMODINÂMICA (REVASCULARIZAÇÃO)","","","","","","","","","","","","","","","","","","","","",""
"CENTRO SUDOESTE","HERSO - SANTA HELENA","MÉDIA E ALTA COMPLEXIDADE","URGÊNCIA E EMERGÊNCIA ","UTI ADULTO","NEUROCIRURGIA","REGULAÇÃO PARA O LEITO","HERSO: AVALIAÇÃO E/OU INTERVENÇÃO EM NEUROCIRURGIA, INCLUINDO: CRANIOTOMIAS DESCOMPRESSIVAS (INCLUSIVE DE FOSSA POSTERIOR); RETIRADA DE LESÕES INTRACRANIANAS (CISTO, ABSCESSO, GRANULOMA, CORPO ESTRANHO); DESCOMPRESSÃO DE ÓRBITA; TRATAMENTO CIRÚRGICO DE FRATURAS DE CRÂNIO COM AFUNDAMENTO; HEMATOMAS INTRACRANIANOS (EXTRADURAL, INTRACEREBRAL, SUBDURAL AGUDO E CRÔNICO); E NEURORRAFIA.

NÃO É PERFIL: MICROCIRURGIAS; EMBOLIZAÇÃO; NEUROCIRURGIA ONCOLÓGICA; ANEURISMAS CEREBRAIS ROTOS. UNIDADE NÃO DISPÕE DE HEMODINÂMICA","","","","","","","","","","","","","","","","","","","","",""
"CENTRO SUDOESTE","HERSO - SANTA HELENA","MÉDIA E ALTA COMPLEXIDADE","URGÊNCIA E EMERGÊNCIA ","ENFERMARIA ADULTO","CIRURGIA BUCOMAXILOFACIAL","REGULAÇÃO PARA O LEITO","HERSO: PACIENTES POLITRAUMATIZADOS OU NÃO, QUE NECESSITEM DE AVALIAÇÃO E/OU CONDUTA CIRÚRGICA ESPECIALIZADA EM CIRURGIA BUCOMAXILOFACIAL, INCLUINDO: OSTEOTOMIAS DE MAXILA E MANDÍBULA; OSTEOSSÍNTESE DE FRATURAS FACIAIS (MANDÍBULA – SIMPLES E COMPLEXAS, COMPLEXO ÓRBITO-ZIGOMÁTICO-MAXILAR, NASO-ÓRBITO-ETMOIDAL, OSSO ZIGOMÁTICO E CÔNDILO MANDIBULAR BILATERAL); RETIRADA DE MEIOS DE FIXAÇÃO MAXILOMANDIBULAR.

NÃO É PERFIL: OTORRINOLARINGOLOGIA E CASOS AMBULATORIAIS.","","","","","","","","","","","","","","","","","","","","",""
"CENTRO SUDOESTE","HERSO - SANTA HELENA","MÉDIA E ALTA COMPLEXIDADE","URGÊNCIA E EMERGÊNCIA ","ENFERMARIA ADULTO","CIRURGIA GERAL","REGULAÇÃO PARA O LEITO","HERSO: IDADE MÍNIMA PARA INTERNAÇÃO ≥ 13 ANOS. 
UNIDADE REALIZA CPRE REALIZA CPRE ÀS 3ª E 6ª FEIRAS.

PERFIL: PROCEDIMENTOS CIRÚRGICOS DE URGÊNCIA RELACIONADOS AO TRATO GASTROINTESTINAL, PAREDE ABDOMINAL E OUTROS ÓRGÃOS ABDOMINAIS. PREDOMINAM INTERNAÇÕES POR PATOLOGIAS CIRÚRGICAS AGUDAS QUE DEMANDAM INTERVENÇÃO IMEDIATA. FAF, FAB, ABDOME AGUDO.

NÃO É PERFIL: CIRURGIA TORÁCICA; TRATAMENTOS ONCOLÓGICOS CIRÚRGICOS; CORREÇÃO DE ANEURISMAS; ANEURISMA CEREBRAL ROTO; CIRURGIAS DE REVASCULARIZAÇÃO E DA AORTA TÓRACO-ABDOMINAL (ENDOVASCULAR); TRATAMENTO DE COMPLICAÇÕES CIRÚRGICAS COMPLEXAS DAS VIAS BILIARES.","","","","","","","","","","","","","","","","","","","","",""
"CENTRO SUDOESTE","HERSO - SANTA HELENA","MÉDIA E ALTA COMPLEXIDADE","URGÊNCIA E EMERGÊNCIA ","ENFERMARIA ADULTO","CLÍNICA MÉDICA","REGULAÇÃO PARA O LEITO","HERSO: IDADE MÍNIMA PARA INTERNAÇÃO ≥ 13 ANOS. CASOS CLÍNICOS, INVESTIGAÇÃO DIAGNÓSTICA E TRATAMENTO DE DOENÇAS NÃO CIRÚRGICAS;

NÃO É PERFIL: PACIENTES COM INSTABILIDADE HEMODINÂMICA E CARDIOLOGIA.","","","","","","","","","","","","","","","","","","","","",""
"CENTRO SUDOESTE","HERSO - SANTA HELENA","MÉDIA E ALTA COMPLEXIDADE","URGÊNCIA E EMERGÊNCIA ","ENFERMARIA ADULTO","CIRURGIA VASCULAR/ANGIO","REGULAÇÃO PARA O LEITO","HERSO: CASOS CLÍNICOS E CIRÚRGICOS QUE NECESSITEM DE AVALIAÇÃO E/OU TRATAMENTO ESPECIALIZADO, INCLUINDO DOENÇAS CRÔNICAS COMO DM - (PÉ DIABÉTICO COMPLICADO); CONDIÇÕES COM RISCO DE LESÕES EM MMII; INDICAÇÃO DE AMPUTAÇÃO E PROCEDIMENTOS VENOSOS E ARTERIAIS; TRATAMENTO DE LESÕES VASCULARES ASSOCIADAS A EDEMAS; DEBRIDAMENTO DE TECIDOS DESVITALIZADOS; TRATAMENTO DE TROMBOSE VENOSA PROFUNDA.

NÃO É PERFIL: CASOS QUE NECESSITE DE HEMODINÂMICA (REVASCULARIZAÇÃO)","","","","","","","","","","","","","","","","","","","","",""
"CENTRO SUDOESTE","HERSO - SANTA HELENA","MÉDIA E ALTA COMPLEXIDADE","URGÊNCIA E EMERGÊNCIA ","ENFERMARIA ADULTO","NEUROCIRURGIA","REGULAÇÃO PARA O LEITO","HERSO: AVALIAÇÃO E/OU INTERVENÇÃO EM NEUROCIRURGIA, INCLUINDO: CRANIOTOMIAS DESCOMPRESSIVAS (INCLUSIVE DE FOSSA POSTERIOR); RETIRADA DE LESÕES INTRACRANIANAS (CISTO, ABSCESSO, GRANULOMA, CORPO ESTRANHO); DESCOMPRESSÃO DE ÓRBITA; TRATAMENTO CIRÚRGICO DE FRATURAS DE CRÂNIO COM AFUNDAMENTO; HEMATOMAS INTRACRANIANOS (EXTRADURAL, INTRACEREBRAL, SUBDURAL AGUDO E CRÔNICO); E NEURORRAFIA.

NÃO É PERFIL: MICROCIRURGIAS; EMBOLIZAÇÃO; NEUROCIRURGIA ONCOLÓGICA; ANEURISMAS CEREBRAIS ROTOS. UNIDADE NÃO DISPÕE DE HEMODINÂMICA","","","","","","","","","","","","","","","","","","","","",""
"CENTRO OESTE","HESLMB - S. LUIS DE M. BELOS","MÉDIA COMPLEXIDADE","URGÊNCIA E EMERGÊNCIA ","ENFERMARIA ADULTO","OBSTETRÍCIA","INTERNAÇÃO PRÓPRIA (COTA DIRETA)","HESLMB: PACIENTES ATENDIDOS PELA URGÊNCIA/EMERGÊNCIA E EGRESSOS DE CIRURGIA ELETIVA OU AMBULATÓRIO.","","","","","","","","","","","","","","","","","","","","",""
"CENTRO OESTE","HESLMB - S. LUIS DE M. BELOS","MÉDIA COMPLEXIDADE","URGÊNCIA E EMERGÊNCIA ","ENFERMARIA ADULTO","CLÍNICA MÉDICA","INTERNAÇÃO PRÓPRIA (COTA DIRETA)","HESLMB: PACIENTES ATENDIDOS PELA URGÊNCIA/EMERGÊNCIA E EGRESSOS DE CIRURGIA ELETIVA OU AMBULATÓRIO.","","","","","","","","","","","","","","","","","","","","",""
"CENTRO OESTE","HESLMB - S. LUIS DE M. BELOS","MÉDIA COMPLEXIDADE","URGÊNCIA E EMERGÊNCIA ","ENFERMARIA ADULTO","CIRURGIA GERAL","INTERNAÇÃO PRÓPRIA (COTA DIRETA)","HESLMB: PACIENTES ATENDIDOS PELA URGÊNCIA/EMERGÊNCIA E EGRESSOS DE CIRURGIA ELETIVA OU AMBULATÓRIO.","","","","","","","","","","","","","","","","","","","","",""
"CENTRO OESTE","HESLMB - S. LUIS DE M. BELOS","MÉDIA COMPLEXIDADE","URGÊNCIA E EMERGÊNCIA ","ENFERMARIA ADULTO","ORTOPEDIA E TRAUMATOLOGIA","INTERNAÇÃO PRÓPRIA (COTA DIRETA)","HESLMB: PACIENTES ATENDIDOS PELA URGÊNCIA/EMERGÊNCIA E EGRESSOS DE CIRURGIA ELETIVA OU AMBULATÓRIO.","","","","","","","","","","","","","","","","","","","","",""
"CENTRO OESTE","HESLMB - S. LUIS DE M. BELOS","MÉDIA COMPLEXIDADE","URGÊNCIA E EMERGÊNCIA ","ENFERMARIA ADULTO","GINECOLOGIA","INTERNAÇÃO PRÓPRIA (COTA DIRETA)","HESLMB: PACIENTES ATENDIDOS PELA URGÊNCIA/EMERGÊNCIA E EGRESSOS DE CIRURGIA ELETIVA OU AMBULATÓRIO.","","","","","","","","","","","","","","","","","","","","",""
"CENTRO OESTE","HESLMB - S. LUIS DE M. BELOS","MÉDIA COMPLEXIDADE","URGÊNCIA E EMERGÊNCIA ","ENFERMARIA PEDIATRICA","PEDIATRIA","INTERNAÇÃO PRÓPRIA (COTA DIRETA)","HESLMB: PACIENTES ATENDIDOS PELA URGÊNCIA/EMERGÊNCIA E EGRESSOS DE CIRURGIA ELETIVA OU AMBULATÓRIO.","","","","","","","","","","","","","","","","","","","","",""
"CENTRO OESTE","HESLMB - S. LUIS DE M. BELOS","MÉDIA COMPLEXIDADE","URGÊNCIA E EMERGÊNCIA ","UTI ADULTO","OBSTETRÍCIA","INTERNAÇÃO PRÓPRIA (COTA DIRETA)","HESLMB: PACIENTES ATENDIDOS PELA URGÊNCIA/EMERGÊNCIA E EGRESSOS DE CIRURGIA ELETIVA OU AMBULATÓRIO.","","","","","","","","","","","","","","","","","","","","",""
"CENTRO OESTE","HESLMB - S. LUIS DE M. BELOS","MÉDIA COMPLEXIDADE","URGÊNCIA E EMERGÊNCIA ","UTI ADULTO","CLÍNICA MÉDICA","INTERNAÇÃO PRÓPRIA (COTA DIRETA)","HESLMB: PACIENTES ATENDIDOS PELA URGÊNCIA/EMERGÊNCIA E EGRESSOS DE CIRURGIA ELETIVA OU AMBULATÓRIO.","","","","","","","","","","","","","","","","","","","","",""
"CENTRO OESTE","HESLMB - S. LUIS DE M. BELOS","MÉDIA COMPLEXIDADE","URGÊNCIA E EMERGÊNCIA ","UTI ADULTO","CIRURGIA GERAL","INTERNAÇÃO PRÓPRIA (COTA DIRETA)","HESLMB: PACIENTES ATENDIDOS PELA URGÊNCIA/EMERGÊNCIA E EGRESSOS DE CIRURGIA ELETIVA OU AMBULATÓRIO.","","","","","","","","","","","","","","","","","","","","",""
"CENTRO OESTE","HESLMB - S. LUIS DE M. BELOS","MÉDIA COMPLEXIDADE","URGÊNCIA E EMERGÊNCIA ","UTI ADULTO","ORTOPEDIA E TRAUMATOLOGIA","INTERNAÇÃO PRÓPRIA (COTA DIRETA)","HESLMB: PACIENTES ATENDIDOS PELA URGÊNCIA/EMERGÊNCIA E EGRESSOS DE CIRURGIA ELETIVA OU AMBULATÓRIO.","","","","","","","","","","","","","","","","","","","","",""
"CENTRO OESTE","HESLMB - S. LUIS DE M. BELOS","MÉDIA COMPLEXIDADE","URGÊNCIA E EMERGÊNCIA ","UTI ADULTO","GINECOLOGIA","INTERNAÇÃO PRÓPRIA (COTA DIRETA)","HESLMB: PACIENTES ATENDIDOS PELA URGÊNCIA/EMERGÊNCIA E EGRESSOS DE CIRURGIA ELETIVA OU AMBULATÓRIO.","","","","","","","","","","","","","","","","","","","","",""
"CENTRO OESTE","HESLMB - S. LUIS DE M. BELOS","MÉDIA COMPLEXIDADE","URGÊNCIA E EMERGÊNCIA ","ENFERMARIA PEDIATRICA","PEDIATRIA","REGULAÇÃO PARA O LEITO","HESLMB: CRIANÇAS COM IDADE DE ATÉ 14 ANOS, 11 MESES E 29 DIAS; CASOS CLÍNICOS EMERGENCIAIS E DE URGÊNCIA, DE BAIXA E MÉDIA COMPLEXIDADE.

NÃO É PERFIL: 
SUPORTE PARA TOMOGRAFIA INFANTIL; CASOS QUE NECESSITEM DE SUBESPECIALIDADES, ISOLAMENTO, ALTO FLUXO DE OXIGÊNIO OU TERAPIA INTENSIVA; NÃO DISPÕE DE CIPE E NEONATOLOGIA.","","","","","","","","","","","","","","","","","","","","",""
"CENTRO NORTE","HEJA - JARAGUÁ","MÉDIA COMPLEXIDADE","URGÊNCIA E EMERGÊNCIA ","UTI ADULTO","GINECOLOGIA","","GINECOLOGIA 
DRENAGEM DE HEMATOMA VULVAR OU VAGINAL
EXCISÃO DE CORPO ESTRANHO VAGINAL
OOFORECTOMIA / CISTECTOMIA OVARIANA DE URGÊNCIA 
DRENAGEM DE ABSCESSO TUBO-OVARIANO OU PÉLVICO","","","","","","","","","","","","","","","","","","","","",""
"CENTRO NORTE","HEJA - JARAGUÁ","MÉDIA COMPLEXIDADE","URGÊNCIA E EMERGÊNCIA ","UTI ADULTO","GINECOLOGIA","","GINECOLOGIA 
DRENAGEM DE HEMATOMA VULVAR OU VAGINAL
EXCISÃO DE CORPO ESTRANHO VAGINAL
OOFORECTOMIA / CISTECTOMIA OVARIANA DE URGÊNCIA 
DRENAGEM DE ABSCESSO TUBO-OVARIANO OU PÉLVICO","","","","","","","","","","","","","","","","","","","","",""
"CENTRO OESTE","HESLMB - S. LUIS DE M. BELOS","MÉDIA COMPLEXIDADE","URGÊNCIA E EMERGÊNCIA ","UTI ADULTO","CIRURGIA GERAL","REGULAÇÃO PARA O LEITO","HESLMB: CASOS CIRÚRGICOS DE BAIXA E MÉDIA COMPLEXIDADE, TAIS COMO: SUSPEITA DE ABDOME AGUDO PERFURATIVO, INFLAMATÓRIO OU OBSTRUTIVO; TRAUMAS ABDOMINAIS FECHADOS SEM MÚLTIPLAS FRATURAS E/OU POLITRAUMA GRAVE;

NÃO É PERFIL: HEMORRAGIAS DIGESTIVAS ALTA E BAIXA COM NECESSIDADE DE PROCEDIMENTO ENDOSCÓPICO; AFECÇÕES DAS VIAS BILIARES COM NECESSIDADE DE COLANGIORRESSONÂNCIA E CPRE; ABSCESSOS HEPÁTICOS E RENAIS; CONDUTAS VASCULARES DE URGÊNCIA, COMO AMPUTAÇÃO.","","","","","","","","","","","","","","","","","","","","",""
"CENTRO OESTE","HESLMB - S. LUIS DE M. BELOS","MÉDIA COMPLEXIDADE","URGÊNCIA E EMERGÊNCIA ","UTI ADULTO","ORTOPEDIA E TRAUMATOLOGIA","REGULAÇÃO PARA O LEITO","HESLMB: TRAUMAS EM GERAL DE BAIXA E MÉDIA COMPLEXIDADE (FRATURAS FECHADAS); FRATURAS EXPOSTAS (EXCETO FÊMUR).

NÃO É PERFIL:
FRATURA PROXIMAL DE FÊMUR; FRATURAS DE TÍBIA COM DESVIO SIGNIFICATIVO OU INSTABILIDADE, QUE DEMANDEM FIXAÇÃO CIRÚRGICA COMPLEXA; FRATURAS E LESÕES DE JOELHO (EX.: RUPTURA DE LCA/LCP OU LUXAÇÕES COMPLEXAS); FRATURAS DE COLUNA, ÚMERO, COTOVELO, FÊMUR, COLO DE FÊMUR, QUADRIL E CALCÂNEO; PACIENTES POLITRAUMATIZADOS COM ACOMETIMENTO DE OSSOS LONGOS E MAIS DE UM ÓRGÃO OU CAVIDADE (ABDOME, TÓRAX E CRÂNIO), TRAUMA RAQUIMEDULAR E GRANDE QUEIMADO.","","","","","","","","","","","","","","","","","","","","",""
"CENTRO OESTE","HESLMB - S. LUIS DE M. BELOS","MÉDIA COMPLEXIDADE","URGÊNCIA E EMERGÊNCIA ","UTI ADULTO","CLÍNICA MÉDICA","REGULAÇÃO PARA O LEITO","HESLMB: INTERNAÇÃO A IDADE ACIMA DE ≥ 14 ANOS. PACIENTES COM INSTABILIDADE HEMODINÂMICA, RESPIRATÓRIA OU INFECCIOSA, OU COM POTENCIAL DE EVOLUÇÃO PARA INSTABILIDADE, QUE NECESSITEM DE MONITORAÇÃO, CUIDADOS INTENSIVOS E INTERVENÇÃO.

NÃO É PERFIL: ANEURISMAS DE AORTA; REVASCULARIZAÇÕES; ONCOLOGIA; CIRURGIA TORÁCICA.","","","","","","","","","","","","","","","","","","","","",""
"CENTRO OESTE","HESLMB - S. LUIS DE M. BELOS","MÉDIA COMPLEXIDADE","URGÊNCIA E EMERGÊNCIA ","ENFERMARIA ADULTO","CIRURGIA GERAL","REGULAÇÃO PARA O LEITO","HESLMB: CASOS CIRÚRGICOS DE BAIXA E MÉDIA COMPLEXIDADE, TAIS COMO: SUSPEITA DE ABDOME AGUDO PERFURATIVO, INFLAMATÓRIO OU OBSTRUTIVO; TRAUMAS ABDOMINAIS FECHADOS SEM MÚLTIPLAS FRATURAS E/OU POLITRAUMA GRAVE;

NÃO É PERFIL: HEMORRAGIAS DIGESTIVAS ALTA E BAIXA COM NECESSIDADE DE PROCEDIMENTO ENDOSCÓPICO; AFECÇÕES DAS VIAS BILIARES COM NECESSIDADE DE COLANGIORRESSONÂNCIA E CPRE; ABSCESSOS HEPÁTICOS E RENAIS; CONDUTAS VASCULARES DE URGÊNCIA, COMO AMPUTAÇÃO.","","","","","","","","","","","","","","","","","","","","",""
"CENTRO OESTE","HESLMB - S. LUIS DE M. BELOS","MÉDIA COMPLEXIDADE","URGÊNCIA E EMERGÊNCIA ","ENFERMARIA ADULTO","ORTOPEDIA E TRAUMATOLOGIA","REGULAÇÃO PARA O LEITO","HESLMB: TRAUMAS EM GERAL DE BAIXA E MÉDIA COMPLEXIDADE (FRATURAS FECHADAS); FRATURAS EXPOSTAS (EXCETO FÊMUR).

NÃO É PERFIL:
FRATURA PROXIMAL DE FÊMUR; FRATURAS DE TÍBIA COM DESVIO SIGNIFICATIVO OU INSTABILIDADE, QUE DEMANDEM FIXAÇÃO CIRÚRGICA COMPLEXA; FRATURAS E LESÕES DE JOELHO (EX.: RUPTURA DE LCA/LCP OU LUXAÇÕES COMPLEXAS); FRATURAS DE COLUNA, ÚMERO, COTOVELO, FÊMUR, COLO DE FÊMUR, QUADRIL E CALCÂNEO; PACIENTES POLITRAUMATIZADOS COM ACOMETIMENTO DE OSSOS LONGOS E MAIS DE UM ÓRGÃO OU CAVIDADE (ABDOME, TÓRAX E CRÂNIO), TRAUMA RAQUIMEDULAR E GRANDE QUEIMADO.","","","","","","","","","","","","","","","","","","","","",""
"CENTRO OESTE","HESLMB - S. LUIS DE M. BELOS","MÉDIA COMPLEXIDADE","URGÊNCIA E EMERGÊNCIA ","ENFERMARIA ADULTO","CLÍNICA MÉDICA","REGULAÇÃO PARA O LEITO","HESLMB: CASOS CLÍNICOS, INVESTIGAÇÃO DIAGNÓSTICA E TRATAMENTO DE DOENÇAS NÃO CIRÚRGICAS;

NÃO É PERFIL:  SUPORTE HEMODINÂMICO; AVC HEMORRÁGICO E ISQUÊMICO; TCE COM HEMATOMA SUBDURAL; ANEURISMA, DENTRE OUTROS.","","","","","","","","","","","","","","","","","","","","",""
"CENTRO OESTE","HESLMB - S. LUIS DE M. BELOS","MÉDIA COMPLEXIDADE","URGÊNCIA E EMERGÊNCIA ","PRONTO SOCORRO","CIRURGIA GERAL","ENCAMINHAMENTO DE URGÊNCIA ","HESLMB: CASOS CIRÚRGICOS DE BAIXA E MÉDIA COMPLEXIDADE, TAIS COMO: SUSPEITA DE ABDOME AGUDO PERFURATIVO, INFLAMATÓRIO OU OBSTRUTIVO; TRAUMAS ABDOMINAIS FECHADOS SEM MÚLTIPLAS FRATURAS E/OU POLITRAUMA GRAVE;

NÃO É PERFIL: HEMORRAGIAS DIGESTIVAS ALTA E BAIXA COM NECESSIDADE DE PROCEDIMENTO ENDOSCÓPICO; AFECÇÕES DAS VIAS BILIARES COM NECESSIDADE DE COLANGIORRESSONÂNCIA E CPRE; ABSCESSOS HEPÁTICOS E RENAIS; CONDUTAS VASCULARES DE URGÊNCIA, COMO AMPUTAÇÃO.","","","","","","","","","","","","","","","","","","","","",""
"CENTRO OESTE","HESLMB - S. LUIS DE M. BELOS","MÉDIA COMPLEXIDADE","URGÊNCIA E EMERGÊNCIA ","PRONTO SOCORRO","ORTOPEDIA E TRAUMATOLOGIA","ENCAMINHAMENTO DE URGÊNCIA ","HESLMB: TRAUMAS EM GERAL DE BAIXA E MÉDIA COMPLEXIDADE (FRATURAS FECHADAS); FRATURAS EXPOSTAS (EXCETO FÊMUR).

NÃO É PERFIL:
FRATURA PROXIMAL DE FÊMUR; FRATURAS DE TÍBIA COM DESVIO SIGNIFICATIVO OU INSTABILIDADE, QUE DEMANDEM FIXAÇÃO CIRÚRGICA COMPLEXA; FRATURAS E LESÕES DE JOELHO (EX.: RUPTURA DE LCA/LCP OU LUXAÇÕES COMPLEXAS); FRATURAS DE COLUNA, ÚMERO, COTOVELO, FÊMUR, COLO DE FÊMUR, QUADRIL E CALCÂNEO; PACIENTES POLITRAUMATIZADOS COM ACOMETIMENTO DE OSSOS LONGOS E MAIS DE UM ÓRGÃO OU CAVIDADE (ABDOME, TÓRAX E CRÂNIO), TRAUMA RAQUIMEDULAR E GRANDE QUEIMADO.","","","","","","","","","","","","","","","","","","","","",""
"CENTRO OESTE","HESLMB - S. LUIS DE M. BELOS","MÉDIA COMPLEXIDADE","URGÊNCIA E EMERGÊNCIA ","PRONTO SOCORRO","GINECOLOGIA","ENCAMINHAMENTO DE URGÊNCIA ","HESLMB: AVALIAÇÃO NO PRONTO SOCORRO PARA PACIENTES QUE NECESSITEM DE PROCEDIMENTOS DE BAIXA E MÉDIA COMPLEXIDADE EM DECORRÊNCIA DE: SANGRAMENTO UTERINO DISFUNCIONAL; DOR PÉLVICA E COMPLICAÇÕES RELACIONADAS A CISTOS (EX.: TORÇÃO DE CISTO OVARIANO); NEOPLASIAS BENIGNAS (MIOMAS); INFECÇÕES GINECOLÓGICAS QUE NÃO POSSAM SER TRATADAS AMBULATORIALMENTE.

NÃO É PERFIL:
DOR PÉLVICA RELACIONADA A DOENÇAS DO ENDOMÉTRIO COM ACOMETIMENTO DE ÓRGÃOS PROFUNDOS; NEOPLASIAS MALIGNAS DE ÚTERO, ENDOMÉTRIO, OVÁRIOS, VULVA E VAGINA.","","","","","","","","","","","","","","","","","","","","",""
"CENTRO OESTE","HESLMB - S. LUIS DE M. BELOS","MÉDIA COMPLEXIDADE","URGÊNCIA E EMERGÊNCIA ","PRONTO SOCORRO","PEDIATRIA","ENCAMINHAMENTO DE URGÊNCIA ","HESLMB: CRIANÇAS COM IDADE DE ATÉ 14 ANOS, 11 MESES E 29 DIAS; CASOS CLÍNICOS EMERGENCIAIS E DE URGÊNCIA, DE BAIXA E MÉDIA COMPLEXIDADE.

NÃO É PERFIL: 
SUPORTE PARA TOMOGRAFIA INFANTIL; CASOS QUE NECESSITEM DE SUBESPECIALIDADES, ISOLAMENTO, ALTO FLUXO DE OXIGÊNIO OU TERAPIA INTENSIVA; NÃO DISPÕE DE CIPE E NEONATOLOGIA.","","","","","","","","","","","","","","","","","","","","",""
"CENTRO OESTE","HESLMB - S. LUIS DE M. BELOS","MÉDIA COMPLEXIDADE","URGÊNCIA E EMERGÊNCIA ","PRONTO SOCORRO","CLÍNICA MÉDICA","ENCAMINHAMENTO DE URGÊNCIA ","HESLMB: CASOS CLÍNICOS, INVESTIGAÇÃO DIAGNÓSTICA E TRATAMENTO DE DOENÇAS NÃO CIRÚRGICAS;

NÃO É PERFIL:  SUPORTE HEMODINÂMICO; AVC HEMORRÁGICO E ISQUÊMICO; TCE COM HEMATOMA SUBDURAL; ANEURISMA, DENTRE OUTROS.","","","","","","","","","","","","","","","","","","","","",""
"CENTRO OESTE","HUGOL - GOIÂNIA","MÉDIA E ALTA COMPLEXIDADE","URGÊNCIA E EMERGÊNCIA ","UTI ADULTO","UTI CORONARIANA","","HUGOL: IAM/CATETERISMO, ANGIOPLASTIA, MARCAPASSO, CIRURGIA CARDÍACA, ANEURISMA DISSECAÇÃO DE AORTA - NÃO REALIZA ABLAÇÃO E IMPLANTE DE CDI","","","","","","","","","","","","","","","","","","","","",""
"CENTRO OESTE","HETRIN - TRINDADE","MÉDIA COMPLEXIDADE","URGÊNCIA E EMERGÊNCIA ","UTI ADULTO","CIRURGIA BUCOMAXILOFACIAL","INTERNAÇÃO PRÓPRIA (COTA DIRETA)","HETRIN: PACIENTES ATENDIDOS PELA URGÊNCIA/EMERGÊNCIA E EGRESSOS DE CIRURGIA ELETIVA OU AMBULATÓRIO.","","","","","","","","","","","","","","","","","","","","",""
"CENTRO OESTE","HETRIN - TRINDADE","MÉDIA COMPLEXIDADE","URGÊNCIA E EMERGÊNCIA ","UTI ADULTO","CIRURGIA GERAL","INTERNAÇÃO PRÓPRIA (COTA DIRETA)","HETRIN: PACIENTES ATENDIDOS PELA URGÊNCIA/EMERGÊNCIA E EGRESSOS DE CIRURGIA ELETIVA OU AMBULATÓRIO.","","","","","","","","","","","","","","","","","","","","",""
"CENTRO OESTE","HETRIN - TRINDADE","MÉDIA COMPLEXIDADE","URGÊNCIA E EMERGÊNCIA ","UTI ADULTO","ORTOPEDIA E TRAUMATOLOGIA","INTERNAÇÃO PRÓPRIA (COTA DIRETA)","HETRIN: PACIENTES ATENDIDOS PELA URGÊNCIA/EMERGÊNCIA E EGRESSOS DE CIRURGIA ELETIVA OU AMBULATÓRIO.","","","","","","","","","","","","","","","","","","","","",""
"CENTRO OESTE","HETRIN - TRINDADE","MÉDIA COMPLEXIDADE","URGÊNCIA E EMERGÊNCIA ","UTI ADULTO","CLÍNICA MÉDICA","INTERNAÇÃO PRÓPRIA (COTA DIRETA)","HETRIN: PACIENTES ATENDIDOS PELA URGÊNCIA/EMERGÊNCIA E EGRESSOS DE CIRURGIA ELETIVA OU AMBULATÓRIO.","","","","","","","","","","","","","","","","","","","","",""
"CENTRO OESTE","HETRIN - TRINDADE","MÉDIA COMPLEXIDADE","URGÊNCIA E EMERGÊNCIA ","ENFERMARIA ADULTO","CIRURGIA BUCOMAXILOFACIAL","INTERNAÇÃO PRÓPRIA (COTA DIRETA)","HETRIN: PACIENTES ATENDIDOS PELA URGÊNCIA/EMERGÊNCIA E EGRESSOS DE CIRURGIA ELETIVA OU AMBULATÓRIO.","","","","","","","","","","","","","","","","","","","","",""
"CENTRO OESTE","HETRIN - TRINDADE","MÉDIA COMPLEXIDADE","URGÊNCIA E EMERGÊNCIA ","ENFERMARIA ADULTO","CIRURGIA GERAL","INTERNAÇÃO PRÓPRIA (COTA DIRETA)","HETRIN: PACIENTES ATENDIDOS PELA URGÊNCIA/EMERGÊNCIA E EGRESSOS DE CIRURGIA ELETIVA OU AMBULATÓRIO.","","","","","","","","","","","","","","","","","","","","",""
"CENTRO OESTE","HETRIN - TRINDADE","MÉDIA COMPLEXIDADE","URGÊNCIA E EMERGÊNCIA ","ENFERMARIA ADULTO","ORTOPEDIA E TRAUMATOLOGIA","INTERNAÇÃO PRÓPRIA (COTA DIRETA)","HETRIN: PACIENTES ATENDIDOS PELA URGÊNCIA/EMERGÊNCIA E EGRESSOS DE CIRURGIA ELETIVA OU AMBULATÓRIO.","","","","","","","","","","","","","","","","","","","","",""
"CENTRO OESTE","HETRIN - TRINDADE","MÉDIA COMPLEXIDADE","URGÊNCIA E EMERGÊNCIA ","ENFERMARIA ADULTO","CLÍNICA MÉDICA","INTERNAÇÃO PRÓPRIA (COTA DIRETA)","HETRIN: PACIENTES ATENDIDOS PELA URGÊNCIA/EMERGÊNCIA E EGRESSOS DE CIRURGIA ELETIVA OU AMBULATÓRIO.","","","","","","","","","","","","","","","","","","","","",""
"CENTRO OESTE","HETRIN - TRINDADE","MÉDIA COMPLEXIDADE","URGÊNCIA E EMERGÊNCIA ","UTI ADULTO","CIRURGIA BUCOMAXILOFACIAL","REGULAÇÃO PARA O LEITO","HETRIN: NÃO É PERFIL: ABSCESSOS RETROFARÍNGEOS; ABCESSO PERITONSILAR","","","","","","","","","","","","","","","","","","","","",""
"CENTRO OESTE","HETRIN - TRINDADE","MÉDIA COMPLEXIDADE","URGÊNCIA E EMERGÊNCIA ","UTI ADULTO","CIRURGIA GERAL","REGULAÇÃO PARA O LEITO","HETRIN: CASOS CIRÚRGICOS DE BAIXA E MÉDIA COMPLEXIDADE, TAIS COMO: SUSPEITA DE ABDOME AGUDO PERFURATIVO, INFLAMATÓRIO OU OBSTRUTIVO; TRAUMAS ABDOMINAIS FECHADOS SEM MÚLTIPLAS FRATURAS E/OU POLITRAUMA GRAVE;

NÃO É PERFIL: HEMORRAGIA DIGESTIVA ALTA, UNIDADE NÃO TEM ENDOSCOPIA. NÃO REALIZA CPRE, FAB E FAF. UNIDADE NÃO DISPÕE DE BANCO DE SANGUE. ","","","","","","","","","","","","","","","","","","","","",""
"CENTRO OESTE","HETRIN - TRINDADE","MÉDIA COMPLEXIDADE","URGÊNCIA E EMERGÊNCIA ","UTI ADULTO","ORTOPEDIA E TRAUMATOLOGIA","REGULAÇÃO PARA O LEITO","HETRIN: TRAUMAS EM GERAL DE BAIXA E MÉDIA COMPLEXIDADE (FRATURAS FECHADAS); FRATURAS EXPOSTAS (EXCETO FEMUR, COLO DO FEMUR, QUADRIL, COTOVELO, UMERO, COLUNA)

NÃO É PERFIL: COLUNA; LESÃO RAQUIMEDULAR.","","","","","","","","","","","","","","","","","","","","",""
"CENTRO OESTE","HETRIN - TRINDADE","MÉDIA COMPLEXIDADE","URGÊNCIA E EMERGÊNCIA ","UTI ADULTO","CLÍNICA MÉDICA","REGULAÇÃO PARA O LEITO","HETRIN: CASOS CLÍNICOS, INVESTIGAÇÃO DIAGNÓSTICA E TRATAMENTO DE DOENÇAS NÃO CIRÚRGICAS;
NÃO É PERFIL:  PÉ DIABÉTICO COM COMPONENTE ARTERIAL E LESÃO VASCULAR; ARTERIOGRAFIA , CARDIOLOGIA INTERVENCIONISTA: IAM, ANGINA INSTÁVEL, BAVT (HEMODINÂMICA). HIPERTENSÃO PULMONAR","","","","","","","","","","","","","","","","","","","","",""
"CENTRO OESTE","HETRIN - TRINDADE","MÉDIA COMPLEXIDADE","URGÊNCIA E EMERGÊNCIA ","ENFERMARIA ADULTO","CIRURGIA BUCOMAXILOFACIAL","REGULAÇÃO PARA O LEITO","HETRIN: NÃO É PERFIL: ABSCESSOS RETROFARÍNGEOS; ABCESSO PERITONSILAR","","","","","","","","","","","","","","","","","","","","",""
"CENTRO OESTE","HETRIN - TRINDADE","MÉDIA COMPLEXIDADE","URGÊNCIA E EMERGÊNCIA ","ENFERMARIA ADULTO","CIRURGIA GERAL","REGULAÇÃO PARA O LEITO","HETRIN: CASOS CIRÚRGICOS DE BAIXA E MÉDIA COMPLEXIDADE, TAIS COMO: SUSPEITA DE ABDOME AGUDO PERFURATIVO, INFLAMATÓRIO OU OBSTRUTIVO; TRAUMAS ABDOMINAIS FECHADOS SEM MÚLTIPLAS FRATURAS E/OU POLITRAUMA GRAVE;

NÃO É PERFIL: HEMORRAGIA DIGESTIVA ALTA, UNIDADE NÃO TEM ENDOSCOPIA. NÃO REALIZA CPRE, FAB E FAF. UNIDADE NÃO DISPÕE DE BANCO DE SANGUE. ","","","","","","","","","","","","","","","","","","","","",""
"CENTRO OESTE","HETRIN - TRINDADE","MÉDIA COMPLEXIDADE","URGÊNCIA E EMERGÊNCIA ","ENFERMARIA ADULTO","ORTOPEDIA E TRAUMATOLOGIA","REGULAÇÃO PARA O LEITO","HETRIN: TRAUMAS EM GERAL DE BAIXA E MÉDIA COMPLEXIDADE (FRATURAS FECHADAS); FRATURAS EXPOSTAS (EXCETO FEMUR, COLO DO FEMUR, QUADRIL, COTOVELO, UMERO, COLUNA)

NÃO É PERFIL: COLUNA; LESÃO RAQUIMEDULAR.","","","","","","","","","","","","","","","","","","","","",""
"CENTRO OESTE","HETRIN - TRINDADE","MÉDIA COMPLEXIDADE","URGÊNCIA E EMERGÊNCIA ","ENFERMARIA ADULTO","CLÍNICA MÉDICA","REGULAÇÃO PARA O LEITO","HETRIN: CASOS CLÍNICOS, INVESTIGAÇÃO DIAGNÓSTICA E TRATAMENTO DE DOENÇAS NÃO CIRÚRGICAS;
NÃO É PERFIL:  PÉ DIABÉTICO COM COMPONENTE ARTERIAL E LESÃO VASCULAR; ARTERIOGRAFIA , CARDIOLOGIA INTERVENCIONISTA: IAM, ANGINA INSTÁVEL, BAVT (HEMODINÂMICA). HIPERTENSÃO PULMONAR","","","","","","","","","","","","","","","","","","","","",""
"CENTRO OESTE","HETRIN - TRINDADE","MÉDIA COMPLEXIDADE","URGÊNCIA E EMERGÊNCIA ","PRONTO SOCORRO","CIRURGIA BUCOMAXILOFACIAL","ENCAMINHAMENTO DE URGÊNCIA ","HETRIN: NÃO É PERFIL: ABSCESSOS RETROFARÍNGEOS; ABCESSO PERITONSILAR","","","","","","","","","","","","","","","","","","","","",""
"CENTRO OESTE","HETRIN - TRINDADE","MÉDIA COMPLEXIDADE","URGÊNCIA E EMERGÊNCIA ","PRONTO SOCORRO","CIRURGIA GERAL","ENCAMINHAMENTO DE URGÊNCIA ","HETRIN: CASOS CIRÚRGICOS DE BAIXA E MÉDIA COMPLEXIDADE, TAIS COMO: SUSPEITA DE ABDOME AGUDO PERFURATIVO, INFLAMATÓRIO OU OBSTRUTIVO; TRAUMAS ABDOMINAIS FECHADOS SEM MÚLTIPLAS FRATURAS E/OU POLITRAUMA GRAVE;

NÃO É PERFIL: HEMORRAGIA DIGESTIVA ALTA, UNIDADE NÃO TEM ENDOSCOPIA. NÃO REALIZA CPRE, FAB E FAF. UNIDADE NÃO DISPÕE DE BANCO DE SANGUE. ","","","","","","","","","","","","","","","","","","","","",""
"CENTRO OESTE","HETRIN - TRINDADE","MÉDIA COMPLEXIDADE","URGÊNCIA E EMERGÊNCIA ","PRONTO SOCORRO","ORTOPEDIA E TRAUMATOLOGIA","ENCAMINHAMENTO DE URGÊNCIA ","HETRIN: TRAUMAS EM GERAL DE BAIXA E MÉDIA COMPLEXIDADE (FRATURAS FECHADAS); FRATURAS EXPOSTAS (EXCETO FEMUR, COLO DO FEMUR, QUADRIL, COTOVELO, UMERO, COLUNA)

NÃO É PERFIL: COLUNA; LESÃO RAQUIMEDULAR.","","","","","","","","","","","","","","","","","","","","",""
"CENTRO OESTE","HETRIN - TRINDADE","MÉDIA COMPLEXIDADE","URGÊNCIA E EMERGÊNCIA ","PRONTO SOCORRO","CLÍNICA MÉDICA","ENCAMINHAMENTO DE URGÊNCIA ","HETRIN: CASOS CLÍNICOS, INVESTIGAÇÃO DIAGNÓSTICA E TRATAMENTO DE DOENÇAS NÃO CIRÚRGICAS;
NÃO É PERFIL:  PÉ DIABÉTICO COM COMPONENTE ARTERIAL E LESÃO VASCULAR; ARTERIOGRAFIA , CARDIOLOGIA INTERVENCIONISTA: IAM, ANGINA INSTÁVEL, BAVT (HEMODINÂMICA). HIPERTENSÃO PULMONAR","","","","","","","","","","","","","","","","","","","","",""
"CENTRO OESTE","HGG - GOIÂNIA","MÉDIA E ALTA COMPLEXIDADE","URGÊNCIA E EMERGÊNCIA ","UTI ADULTO","CIRURGIA GERAL","ACEITE DA UNIDADE EXECUTANTE","HGG - CPRE (CONFORME DISPONIBILIDADE DA UNIDADE)","","","","","","","","","","","","","","","","","","","","",""
"CENTRO OESTE","HGG - GOIÂNIA","MÉDIA E ALTA COMPLEXIDADE","URGÊNCIA E EMERGÊNCIA ","UTI ADULTO","CLÍNICA MÉDICA","ACEITE DA UNIDADE EXECUTANTE","-","","","","","","","","","","","","","","","","","","","","",""
"CENTRO OESTE","HGG - GOIÂNIA","MÉDIA E ALTA COMPLEXIDADE","URGÊNCIA E EMERGÊNCIA ","UTI ADULTO","NEUROLOGIA","ACEITE DA UNIDADE EXECUTANTE","-","","","","","","","","","","","","","","","","","","","","",""
"CENTRO OESTE","HGG - GOIÂNIA","MÉDIA E ALTA COMPLEXIDADE","URGÊNCIA E EMERGÊNCIA ","UTI ADULTO","CARDIOLOGIA CLÍNICA","ACEITE DA UNIDADE EXECUTANTE","HGG: EXCETO CARDIOLOGIA INTERVENCIONISTA","","","","","","","","","","","","","","","","","","","","",""
"CENTRO OESTE","HGG - GOIÂNIA","MÉDIA E ALTA COMPLEXIDADE","URGÊNCIA E EMERGÊNCIA ","UTI ADULTO","GASTROENTEROLOGIA","ACEITE DA UNIDADE EXECUTANTE","-","","","","","","","","","","","","","","","","","","","","",""
"CENTRO OESTE","HGG - GOIÂNIA","MÉDIA E ALTA COMPLEXIDADE","URGÊNCIA E EMERGÊNCIA ","UTI ADULTO","PROCTOLOGIA","ACEITE DA UNIDADE EXECUTANTE","-","","","","","","","","","","","","","","","","","","","","",""
"CENTRO OESTE","HGG - GOIÂNIA","MÉDIA E ALTA COMPLEXIDADE","URGÊNCIA E EMERGÊNCIA ","UTI ADULTO","PNEUMOLOGIA","ACEITE DA UNIDADE EXECUTANTE","-","","","","","","","","","","","","","","","","","","","","",""
"CENTRO OESTE","HGG - GOIÂNIA","MÉDIA E ALTA COMPLEXIDADE","URGÊNCIA E EMERGÊNCIA ","UTI ADULTO","REUMATOLOGIA","ACEITE DA UNIDADE EXECUTANTE","-","","","","","","","","","","","","","","","","","","","","",""
"CENTRO OESTE","HGG - GOIÂNIA","MÉDIA E ALTA COMPLEXIDADE","URGÊNCIA E EMERGÊNCIA ","UTI ADULTO","ENDOCRINOLOGIA","ACEITE DA UNIDADE EXECUTANTE","-","","","","","","","","","","","","","","","","","","","","",""
"CENTRO OESTE","HGG - GOIÂNIA","MÉDIA E ALTA COMPLEXIDADE","URGÊNCIA E EMERGÊNCIA ","UTI ADULTO","CIRURGIA VASCULAR/ANGIO","ACEITE DA UNIDADE EXECUTANTE","HGG: TEM O SERVIÇO DE HEMODINÂMICA VASCULAR","","","","","","","","","","","","","","","","","","","","",""
"CENTRO OESTE","HGG - GOIÂNIA","MÉDIA E ALTA COMPLEXIDADE","URGÊNCIA E EMERGÊNCIA ","UTI ADULTO","UROLOGIA","ACEITE DA UNIDADE EXECUTANTE","","","","","","","","","","","","","","","","","","","","","",""
"CENTRO OESTE","HGG - GOIÂNIA","MÉDIA E ALTA COMPLEXIDADE","URGÊNCIA E EMERGÊNCIA ","UTI ADULTO","NEFROLOGIA ","ACEITE DA UNIDADE EXECUTANTE","HGG: TEM O SERVIÇO DE HEMODINÂMICA VASCULAR","","","","","","","","","","","","","","","","","","","","",""
"CENTRO NORTE","HGG - GOIÂNIA","MÉDIA E ALTA COMPLEXIDADE","URGÊNCIA E EMERGÊNCIA ","UTI ADULTO","CIRURGIA GERAL","ACEITE DA UNIDADE EXECUTANTE","HGG - CPRE (CONFORME DISPONIBILIDADE DA UNIDADE)","","","","","","","","","","","","","","","","","","","","",""
"CENTRO NORTE","HGG - GOIÂNIA","MÉDIA E ALTA COMPLEXIDADE","URGÊNCIA E EMERGÊNCIA ","UTI ADULTO","CLÍNICA MÉDICA","ACEITE DA UNIDADE EXECUTANTE","-","","","","","","","","","","","","","","","","","","","","",""
"CENTRO NORTE","HGG - GOIÂNIA","MÉDIA E ALTA COMPLEXIDADE","URGÊNCIA E EMERGÊNCIA ","UTI ADULTO","NEUROLOGIA","ACEITE DA UNIDADE EXECUTANTE","-","","","","","","","","","","","","","","","","","","","","",""
"CENTRO NORTE","HGG - GOIÂNIA","MÉDIA E ALTA COMPLEXIDADE","URGÊNCIA E EMERGÊNCIA ","UTI ADULTO","CARDIOLOGIA CLÍNICA","ACEITE DA UNIDADE EXECUTANTE","HGG: EXCETO CARDIOLOGIA INTERVENCIONISTA","","","","","","","","","","","","","","","","","","","","",""
"CENTRO NORTE","HGG - GOIÂNIA","MÉDIA E ALTA COMPLEXIDADE","URGÊNCIA E EMERGÊNCIA ","UTI ADULTO","GASTROENTEROLOGIA","ACEITE DA UNIDADE EXECUTANTE","-","","","","","","","","","","","","","","","","","","","","",""
"CENTRO NORTE","HGG - GOIÂNIA","MÉDIA E ALTA COMPLEXIDADE","URGÊNCIA E EMERGÊNCIA ","UTI ADULTO","PROCTOLOGIA","ACEITE DA UNIDADE EXECUTANTE","-","","","","","","","","","","","","","","","","","","","","",""
"CENTRO NORTE","HGG - GOIÂNIA","MÉDIA E ALTA COMPLEXIDADE","URGÊNCIA E EMERGÊNCIA ","UTI ADULTO","PNEUMOLOGIA","ACEITE DA UNIDADE EXECUTANTE","-","","","","","","","","","","","","","","","","","","","","",""
"CENTRO NORTE","HGG - GOIÂNIA","MÉDIA E ALTA COMPLEXIDADE","URGÊNCIA E EMERGÊNCIA ","UTI ADULTO","REUMATOLOGIA","ACEITE DA UNIDADE EXECUTANTE","-","","","","","","","","","","","","","","","","","","","","",""
"CENTRO NORTE","HGG - GOIÂNIA","MÉDIA E ALTA COMPLEXIDADE","URGÊNCIA E EMERGÊNCIA ","UTI ADULTO","ENDOCRINOLOGIA","ACEITE DA UNIDADE EXECUTANTE","-","","","","","","","","","","","","","","","","","","","","",""
"CENTRO NORTE","HGG - GOIÂNIA","MÉDIA E ALTA COMPLEXIDADE","URGÊNCIA E EMERGÊNCIA ","UTI ADULTO","CIRURGIA VASCULAR/ANGIO","ACEITE DA UNIDADE EXECUTANTE","HGG: TEM O SERVIÇO DE HEMODINÂMICA VASCULAR","","","","","","","","","","","","","","","","","","","","",""
"CENTRO NORTE","HGG - GOIÂNIA","MÉDIA E ALTA COMPLEXIDADE","URGÊNCIA E EMERGÊNCIA ","UTI ADULTO","NEFROLOGIA ","ACEITE DA UNIDADE EXECUTANTE","HGG: TEM O SERVIÇO DE HEMODINÂMICA VASCULAR","","","","","","","","","","","","","","","","","","","","",""
"CENTRO NORTE","HGG - GOIÂNIA","MÉDIA E ALTA COMPLEXIDADE","URGÊNCIA E EMERGÊNCIA ","UTI ADULTO","UROLOGIA","ACEITE DA UNIDADE EXECUTANTE","","","","","","","","","","","","","","","","","","","","","",""
"CENTRO SUDESTE","HGG - GOIÂNIA","MÉDIA E ALTA COMPLEXIDADE","URGÊNCIA E EMERGÊNCIA ","UTI ADULTO","CIRURGIA GERAL","ACEITE DA UNIDADE EXECUTANTE","HGG - CPRE (CONFORME DISPONIBILIDADE DA UNIDADE)","","","","","","","","","","","","","","","","","","","","",""
"CENTRO SUDESTE","HGG - GOIÂNIA","MÉDIA E ALTA COMPLEXIDADE","URGÊNCIA E EMERGÊNCIA ","UTI ADULTO","CLÍNICA MÉDICA","ACEITE DA UNIDADE EXECUTANTE","-","","","","","","","","","","","","","","","","","","","","",""
"CENTRO SUDESTE","HGG - GOIÂNIA","MÉDIA E ALTA COMPLEXIDADE","URGÊNCIA E EMERGÊNCIA ","UTI ADULTO","NEUROLOGIA","ACEITE DA UNIDADE EXECUTANTE","-","","","","","","","","","","","","","","","","","","","","",""
"CENTRO SUDESTE","HGG - GOIÂNIA","MÉDIA E ALTA COMPLEXIDADE","URGÊNCIA E EMERGÊNCIA ","UTI ADULTO","CARDIOLOGIA CLÍNICA","ACEITE DA UNIDADE EXECUTANTE","HGG: EXCETO CARDIOLOGIA INTERVENCIONISTA","","","","","","","","","","","","","","","","","","","","",""
"CENTRO SUDESTE","HGG - GOIÂNIA","MÉDIA E ALTA COMPLEXIDADE","URGÊNCIA E EMERGÊNCIA ","UTI ADULTO","GASTROENTEROLOGIA","ACEITE DA UNIDADE EXECUTANTE","-","","","","","","","","","","","","","","","","","","","","",""
"CENTRO SUDESTE","HGG - GOIÂNIA","MÉDIA E ALTA COMPLEXIDADE","URGÊNCIA E EMERGÊNCIA ","UTI ADULTO","PROCTOLOGIA","ACEITE DA UNIDADE EXECUTANTE","-","","","","","","","","","","","","","","","","","","","","",""
"CENTRO SUDESTE","HGG - GOIÂNIA","MÉDIA E ALTA COMPLEXIDADE","URGÊNCIA E EMERGÊNCIA ","UTI ADULTO","PNEUMOLOGIA","ACEITE DA UNIDADE EXECUTANTE","-","","","","","","","","","","","","","","","","","","","","",""
"CENTRO SUDESTE","HGG - GOIÂNIA","MÉDIA E ALTA COMPLEXIDADE","URGÊNCIA E EMERGÊNCIA ","UTI ADULTO","REUMATOLOGIA","ACEITE DA UNIDADE EXECUTANTE","-","","","","","","","","","","","","","","","","","","","","",""
"CENTRO SUDESTE","HGG - GOIÂNIA","MÉDIA E ALTA COMPLEXIDADE","URGÊNCIA E EMERGÊNCIA ","UTI ADULTO","ENDOCRINOLOGIA","ACEITE DA UNIDADE EXECUTANTE","-","","","","","","","","","","","","","","","","","","","","",""
"CENTRO SUDESTE","HGG - GOIÂNIA","MÉDIA E ALTA COMPLEXIDADE","URGÊNCIA E EMERGÊNCIA ","UTI ADULTO","CIRURGIA VASCULAR/ANGIO","ACEITE DA UNIDADE EXECUTANTE","HGG: TEM O SERVIÇO DE HEMODINÂMICA VASCULAR","","","","","","","","","","","","","","","","","","","","",""
"CENTRO SUDESTE","HGG - GOIÂNIA","MÉDIA E ALTA COMPLEXIDADE","URGÊNCIA E EMERGÊNCIA ","UTI ADULTO","NEFROLOGIA ","ACEITE DA UNIDADE EXECUTANTE","HGG: TEM O SERVIÇO DE HEMODINÂMICA VASCULAR","","","","","","","","","","","","","","","","","","","","",""
"CENTRO SUDESTE","HGG - GOIÂNIA","MÉDIA E ALTA COMPLEXIDADE","URGÊNCIA E EMERGÊNCIA ","UTI ADULTO","UROLOGIA","ACEITE DA UNIDADE EXECUTANTE","","","","","","","","","","","","","","","","","","","","","",""
"CENTRO SUDOESTE","HGG - GOIÂNIA","MÉDIA E ALTA COMPLEXIDADE","URGÊNCIA E EMERGÊNCIA ","UTI ADULTO","CIRURGIA GERAL","ACEITE DA UNIDADE EXECUTANTE","HGG - CPRE (CONFORME DISPONIBILIDADE DA UNIDADE)","","","","","","","","","","","","","","","","","","","","",""
"CENTRO SUDOESTE","HGG - GOIÂNIA","MÉDIA E ALTA COMPLEXIDADE","URGÊNCIA E EMERGÊNCIA ","UTI ADULTO","CLÍNICA MÉDICA","ACEITE DA UNIDADE EXECUTANTE","-","","","","","","","","","","","","","","","","","","","","",""
"CENTRO SUDOESTE","HGG - GOIÂNIA","MÉDIA E ALTA COMPLEXIDADE","URGÊNCIA E EMERGÊNCIA ","UTI ADULTO","NEUROLOGIA","ACEITE DA UNIDADE EXECUTANTE","-","","","","","","","","","","","","","","","","","","","","",""
"CENTRO SUDOESTE","HGG - GOIÂNIA","MÉDIA E ALTA COMPLEXIDADE","URGÊNCIA E EMERGÊNCIA ","UTI ADULTO","CARDIOLOGIA CLÍNICA","ACEITE DA UNIDADE EXECUTANTE","HGG: EXCETO CARDIOLOGIA INTERVENCIONISTA","","","","","","","","","","","","","","","","","","","","",""
"CENTRO SUDOESTE","HGG - GOIÂNIA","MÉDIA E ALTA COMPLEXIDADE","URGÊNCIA E EMERGÊNCIA ","UTI ADULTO","GASTROENTEROLOGIA","ACEITE DA UNIDADE EXECUTANTE","-","","","","","","","","","","","","","","","","","","","","",""
"CENTRO SUDOESTE","HGG - GOIÂNIA","MÉDIA E ALTA COMPLEXIDADE","URGÊNCIA E EMERGÊNCIA ","UTI ADULTO","PROCTOLOGIA","ACEITE DA UNIDADE EXECUTANTE","-","","","","","","","","","","","","","","","","","","","","",""
"CENTRO SUDOESTE","HGG - GOIÂNIA","MÉDIA E ALTA COMPLEXIDADE","URGÊNCIA E EMERGÊNCIA ","UTI ADULTO","PNEUMOLOGIA","ACEITE DA UNIDADE EXECUTANTE","-","","","","","","","","","","","","","","","","","","","","",""
"CENTRO SUDOESTE","HGG - GOIÂNIA","MÉDIA E ALTA COMPLEXIDADE","URGÊNCIA E EMERGÊNCIA ","UTI ADULTO","REUMATOLOGIA","ACEITE DA UNIDADE EXECUTANTE","-","","","","","","","","","","","","","","","","","","","","",""
"CENTRO SUDOESTE","HGG - GOIÂNIA","MÉDIA E ALTA COMPLEXIDADE","URGÊNCIA E EMERGÊNCIA ","UTI ADULTO","ENDOCRINOLOGIA","ACEITE DA UNIDADE EXECUTANTE","-","","","","","","","","","","","","","","","","","","","","",""
"CENTRO SUDOESTE","HGG - GOIÂNIA","MÉDIA E ALTA COMPLEXIDADE","URGÊNCIA E EMERGÊNCIA ","UTI ADULTO","CIRURGIA VASCULAR/ANGIO","ACEITE DA UNIDADE EXECUTANTE","HGG: TEM O SERVIÇO DE HEMODINÂMICA VASCULAR","","","","","","","","","","","","","","","","","","","","",""
"CENTRO SUDOESTE","HGG - GOIÂNIA","MÉDIA E ALTA COMPLEXIDADE","URGÊNCIA E EMERGÊNCIA ","UTI ADULTO","NEFROLOGIA ","ACEITE DA UNIDADE EXECUTANTE","HGG: TEM O SERVIÇO DE HEMODINÂMICA VASCULAR","","","","","","","","","","","","","","","","","","","","",""
"CENTRO SUDOESTE","HGG - GOIÂNIA","MÉDIA E ALTA COMPLEXIDADE","URGÊNCIA E EMERGÊNCIA ","UTI ADULTO","UROLOGIA","ACEITE DA UNIDADE EXECUTANTE","","","","","","","","","","","","","","","","","","","","","",""
"NORDESTE","HGG - GOIÂNIA","MÉDIA E ALTA COMPLEXIDADE","URGÊNCIA E EMERGÊNCIA ","UTI ADULTO","CIRURGIA GERAL","ACEITE DA UNIDADE EXECUTANTE","HGG - CPRE (CONFORME DISPONIBILIDADE DA UNIDADE)","","","","","","","","","","","","","","","","","","","","",""
"NORDESTE","HGG - GOIÂNIA","MÉDIA E ALTA COMPLEXIDADE","URGÊNCIA E EMERGÊNCIA ","UTI ADULTO","CLÍNICA MÉDICA","ACEITE DA UNIDADE EXECUTANTE","","","","","","","","","","","","","","","","","","","","","",""
"NORDESTE","HGG - GOIÂNIA","MÉDIA E ALTA COMPLEXIDADE","URGÊNCIA E EMERGÊNCIA ","UTI ADULTO","NEUROLOGIA","ACEITE DA UNIDADE EXECUTANTE","","","","","","","","","","","","","","","","","","","","","",""
"NORDESTE","HGG - GOIÂNIA","MÉDIA E ALTA COMPLEXIDADE","URGÊNCIA E EMERGÊNCIA ","UTI ADULTO","CARDIOLOGIA CLÍNICA","ACEITE DA UNIDADE EXECUTANTE","","","","","","","","","","","","","","","","","","","","","",""
"NORDESTE","HGG - GOIÂNIA","MÉDIA E ALTA COMPLEXIDADE","URGÊNCIA E EMERGÊNCIA ","UTI ADULTO","GASTROENTEROLOGIA","ACEITE DA UNIDADE EXECUTANTE","","","","","","","","","","","","","","","","","","","","","",""
"NORDESTE","HGG - GOIÂNIA","MÉDIA E ALTA COMPLEXIDADE","URGÊNCIA E EMERGÊNCIA ","UTI ADULTO","PROCTOLOGIA","ACEITE DA UNIDADE EXECUTANTE","","","","","","","","","","","","","","","","","","","","","",""
"NORDESTE","HGG - GOIÂNIA","MÉDIA E ALTA COMPLEXIDADE","URGÊNCIA E EMERGÊNCIA ","UTI ADULTO","PNEUMOLOGIA","ACEITE DA UNIDADE EXECUTANTE","","","","","","","","","","","","","","","","","","","","","",""
"NORDESTE","HGG - GOIÂNIA","MÉDIA E ALTA COMPLEXIDADE","URGÊNCIA E EMERGÊNCIA ","UTI ADULTO","REUMATOLOGIA","ACEITE DA UNIDADE EXECUTANTE","","","","","","","","","","","","","","","","","","","","","",""
"NORDESTE","HGG - GOIÂNIA","MÉDIA E ALTA COMPLEXIDADE","URGÊNCIA E EMERGÊNCIA ","UTI ADULTO","ENDOCRINOLOGIA","ACEITE DA UNIDADE EXECUTANTE","","","","","","","","","","","","","","","","","","","","","",""
"NORDESTE","HGG - GOIÂNIA","MÉDIA E ALTA COMPLEXIDADE","URGÊNCIA E EMERGÊNCIA ","UTI ADULTO","CIRURGIA VASCULAR/ANGIO","ACEITE DA UNIDADE EXECUTANTE","HGG: TEM O SERVIÇO DE HEMODINÂMICA VASCULAR","","","","","","","","","","","","","","","","","","","","",""
"NORDESTE","HGG - GOIÂNIA","MÉDIA E ALTA COMPLEXIDADE","URGÊNCIA E EMERGÊNCIA ","UTI ADULTO","NEFROLOGIA ","ACEITE DA UNIDADE EXECUTANTE","HGG: TEM O SERVIÇO DE HEMODINÂMICA VASCULAR","","","","","","","","","","","","","","","","","","","","",""
"NORDESTE","HGG - GOIÂNIA","MÉDIA E ALTA COMPLEXIDADE","URGÊNCIA E EMERGÊNCIA ","UTI ADULTO","UROLOGIA","ACEITE DA UNIDADE EXECUTANTE","","","","","","","","","","","","","","","","","","","","","",""
"CENTRO OESTE","HGG - GOIÂNIA","MÉDIA E ALTA COMPLEXIDADE","URGÊNCIA E EMERGÊNCIA ","UTI ADULTO","CIRURGIA GERAL","ACEITE DA UNIDADE EXECUTANTE","HGG - CPRE (CONFORME DISPONIBILIDADE DA UNIDADE)","","","","","","","","","","","","","","","","","","","","",""
"CENTRO OESTE","HGG - GOIÂNIA","MÉDIA E ALTA COMPLEXIDADE","URGÊNCIA E EMERGÊNCIA ","UTI ADULTO","CLÍNICA MÉDICA","ACEITE DA UNIDADE EXECUTANTE","","","","","","","","","","","","","","","","","","","","","",""
"CENTRO OESTE","HGG - GOIÂNIA","MÉDIA E ALTA COMPLEXIDADE","URGÊNCIA E EMERGÊNCIA ","UTI ADULTO","NEUROLOGIA","ACEITE DA UNIDADE EXECUTANTE","","","","","","","","","","","","","","","","","","","","","",""
"CENTRO OESTE","HGG - GOIÂNIA","MÉDIA E ALTA COMPLEXIDADE","URGÊNCIA E EMERGÊNCIA ","UTI ADULTO","CARDIOLOGIA CLÍNICA","ACEITE DA UNIDADE EXECUTANTE","","","","","","","","","","","","","","","","","","","","","",""
"CENTRO OESTE","HGG - GOIÂNIA","MÉDIA E ALTA COMPLEXIDADE","URGÊNCIA E EMERGÊNCIA ","UTI ADULTO","GASTROENTEROLOGIA","ACEITE DA UNIDADE EXECUTANTE","","","","","","","","","","","","","","","","","","","","","",""
"CENTRO OESTE","HGG - GOIÂNIA","MÉDIA E ALTA COMPLEXIDADE","URGÊNCIA E EMERGÊNCIA ","UTI ADULTO","PROCTOLOGIA","ACEITE DA UNIDADE EXECUTANTE","","","","","","","","","","","","","","","","","","","","","",""
"CENTRO OESTE","HGG - GOIÂNIA","MÉDIA E ALTA COMPLEXIDADE","URGÊNCIA E EMERGÊNCIA ","UTI ADULTO","PNEUMOLOGIA","ACEITE DA UNIDADE EXECUTANTE","","","","","","","","","","","","","","","","","","","","","",""
"CENTRO OESTE","HGG - GOIÂNIA","MÉDIA E ALTA COMPLEXIDADE","URGÊNCIA E EMERGÊNCIA ","UTI ADULTO","REUMATOLOGIA","ACEITE DA UNIDADE EXECUTANTE","","","","","","","","","","","","","","","","","","","","","",""
"CENTRO OESTE","HGG - GOIÂNIA","MÉDIA E ALTA COMPLEXIDADE","URGÊNCIA E EMERGÊNCIA ","UTI ADULTO","ENDOCRINOLOGIA","ACEITE DA UNIDADE EXECUTANTE","","","","","","","","","","","","","","","","","","","","","",""
"CENTRO OESTE","HGG - GOIÂNIA","MÉDIA E ALTA COMPLEXIDADE","URGÊNCIA E EMERGÊNCIA ","UTI ADULTO","NEFROLOGIA ","ACEITE DA UNIDADE EXECUTANTE","","","","","","","","","","","","","","","","","","","","","",""
"CENTRO OESTE","HGG - GOIÂNIA","MÉDIA E ALTA COMPLEXIDADE","URGÊNCIA E EMERGÊNCIA ","UTI ADULTO","CIRURGIA VASCULAR/ANGIO","ACEITE DA UNIDADE EXECUTANTE","HGG: TEM O SERVIÇO DE HEMODINÂMICA VASCULAR","","","","","","","","","","","","","","","","","","","","",""
"CENTRO OESTE","HGG - GOIÂNIA","MÉDIA E ALTA COMPLEXIDADE","URGÊNCIA E EMERGÊNCIA ","UTI ADULTO","UROLOGIA","ACEITE DA UNIDADE EXECUTANTE","","","","","","","","","","","","","","","","","","","","","",""
"CENTRO NORTE","HGG - GOIÂNIA","MÉDIA E ALTA COMPLEXIDADE","URGÊNCIA E EMERGÊNCIA ","UTI ADULTO","CIRURGIA GERAL","ACEITE DA UNIDADE EXECUTANTE","HGG - CPRE (CONFORME DISPONIBILIDADE DA UNIDADE)","","","","","","","","","","","","","","","","","","","","",""
"CENTRO NORTE","HGG - GOIÂNIA","MÉDIA E ALTA COMPLEXIDADE","URGÊNCIA E EMERGÊNCIA ","UTI ADULTO","CLÍNICA MÉDICA","ACEITE DA UNIDADE EXECUTANTE","","","","","","","","","","","","","","","","","","","","","",""
"CENTRO NORTE","HGG - GOIÂNIA","MÉDIA E ALTA COMPLEXIDADE","URGÊNCIA E EMERGÊNCIA ","UTI ADULTO","NEUROLOGIA","ACEITE DA UNIDADE EXECUTANTE","","","","","","","","","","","","","","","","","","","","","",""
"CENTRO NORTE","HGG - GOIÂNIA","MÉDIA E ALTA COMPLEXIDADE","URGÊNCIA E EMERGÊNCIA ","UTI ADULTO","CARDIOLOGIA CLÍNICA","ACEITE DA UNIDADE EXECUTANTE","","","","","","","","","","","","","","","","","","","","","",""
"CENTRO NORTE","HGG - GOIÂNIA","MÉDIA E ALTA COMPLEXIDADE","URGÊNCIA E EMERGÊNCIA ","UTI ADULTO","GASTROENTEROLOGIA","ACEITE DA UNIDADE EXECUTANTE","","","","","","","","","","","","","","","","","","","","","",""
"CENTRO NORTE","HGG - GOIÂNIA","MÉDIA E ALTA COMPLEXIDADE","URGÊNCIA E EMERGÊNCIA ","UTI ADULTO","PROCTOLOGIA","ACEITE DA UNIDADE EXECUTANTE","","","","","","","","","","","","","","","","","","","","","",""
"CENTRO NORTE","HGG - GOIÂNIA","MÉDIA E ALTA COMPLEXIDADE","URGÊNCIA E EMERGÊNCIA ","UTI ADULTO","PNEUMOLOGIA","ACEITE DA UNIDADE EXECUTANTE","","","","","","","","","","","","","","","","","","","","","",""
"CENTRO NORTE","HGG - GOIÂNIA","MÉDIA E ALTA COMPLEXIDADE","URGÊNCIA E EMERGÊNCIA ","UTI ADULTO","REUMATOLOGIA","ACEITE DA UNIDADE EXECUTANTE","","","","","","","","","","","","","","","","","","","","","",""
"CENTRO NORTE","HGG - GOIÂNIA","MÉDIA E ALTA COMPLEXIDADE","URGÊNCIA E EMERGÊNCIA ","UTI ADULTO","ENDOCRINOLOGIA","ACEITE DA UNIDADE EXECUTANTE","","","","","","","","","","","","","","","","","","","","","",""
"CENTRO NORTE","HGG - GOIÂNIA","MÉDIA E ALTA COMPLEXIDADE","URGÊNCIA E EMERGÊNCIA ","UTI ADULTO","CIRURGIA VASCULAR/ANGIO","ACEITE DA UNIDADE EXECUTANTE","HGG: TEM O SERVIÇO DE HEMODINÂMICA VASCULAR","","","","","","","","","","","","","","","","","","","","",""
"CENTRO NORTE","HGG - GOIÂNIA","MÉDIA E ALTA COMPLEXIDADE","URGÊNCIA E EMERGÊNCIA ","UTI ADULTO","UROLOGIA","ACEITE DA UNIDADE EXECUTANTE","","","","","","","","","","","","","","","","","","","","","",""
"CENTRO SUDESTE","HGG - GOIÂNIA","MÉDIA E ALTA COMPLEXIDADE","URGÊNCIA E EMERGÊNCIA ","UTI ADULTO","CIRURGIA GERAL","ACEITE DA UNIDADE EXECUTANTE","HGG - CPRE (CONFORME DISPONIBILIDADE DA UNIDADE)","","","","","","","","","","","","","","","","","","","","",""
"CENTRO SUDESTE","HGG - GOIÂNIA","MÉDIA E ALTA COMPLEXIDADE","URGÊNCIA E EMERGÊNCIA ","UTI ADULTO","CLÍNICA MÉDICA","ACEITE DA UNIDADE EXECUTANTE","","","","","","","","","","","","","","","","","","","","","",""
"CENTRO SUDESTE","HGG - GOIÂNIA","MÉDIA E ALTA COMPLEXIDADE","URGÊNCIA E EMERGÊNCIA ","UTI ADULTO","NEUROLOGIA","ACEITE DA UNIDADE EXECUTANTE","","","","","","","","","","","","","","","","","","","","","",""
"CENTRO SUDESTE","HGG - GOIÂNIA","MÉDIA E ALTA COMPLEXIDADE","URGÊNCIA E EMERGÊNCIA ","UTI ADULTO","CARDIOLOGIA CLÍNICA","ACEITE DA UNIDADE EXECUTANTE","","","","","","","","","","","","","","","","","","","","","",""
"CENTRO SUDESTE","HGG - GOIÂNIA","MÉDIA E ALTA COMPLEXIDADE","URGÊNCIA E EMERGÊNCIA ","UTI ADULTO","GASTROENTEROLOGIA","ACEITE DA UNIDADE EXECUTANTE","","","","","","","","","","","","","","","","","","","","","",""
"CENTRO SUDESTE","HGG - GOIÂNIA","MÉDIA E ALTA COMPLEXIDADE","URGÊNCIA E EMERGÊNCIA ","UTI ADULTO","PROCTOLOGIA","ACEITE DA UNIDADE EXECUTANTE","","","","","","","","","","","","","","","","","","","","","",""
"CENTRO SUDESTE","HGG - GOIÂNIA","MÉDIA E ALTA COMPLEXIDADE","URGÊNCIA E EMERGÊNCIA ","UTI ADULTO","PNEUMOLOGIA","ACEITE DA UNIDADE EXECUTANTE","","","","","","","","","","","","","","","","","","","","","",""
"CENTRO SUDESTE","HGG - GOIÂNIA","MÉDIA E ALTA COMPLEXIDADE","URGÊNCIA E EMERGÊNCIA ","UTI ADULTO","REUMATOLOGIA","ACEITE DA UNIDADE EXECUTANTE","","","","","","","","","","","","","","","","","","","","","",""
"CENTRO SUDESTE","HGG - GOIÂNIA","MÉDIA E ALTA COMPLEXIDADE","URGÊNCIA E EMERGÊNCIA ","UTI ADULTO","ENDOCRINOLOGIA","ACEITE DA UNIDADE EXECUTANTE","","","","","","","","","","","","","","","","","","","","","",""
"CENTRO SUDESTE","HGG - GOIÂNIA","MÉDIA E ALTA COMPLEXIDADE","URGÊNCIA E EMERGÊNCIA ","UTI ADULTO","CIRURGIA VASCULAR/ANGIO","ACEITE DA UNIDADE EXECUTANTE","HGG: TEM O SERVIÇO DE HEMODINÂMICA VASCULAR","","","","","","","","","","","","","","","","","","","","",""
"CENTRO SUDESTE","HGG - GOIÂNIA","MÉDIA E ALTA COMPLEXIDADE","URGÊNCIA E EMERGÊNCIA ","UTI ADULTO","NEFROLOGIA ","ACEITE DA UNIDADE EXECUTANTE","","","","","","","","","","","","","","","","","","","","","",""
"CENTRO SUDESTE","HGG - GOIÂNIA","MÉDIA E ALTA COMPLEXIDADE","URGÊNCIA E EMERGÊNCIA ","UTI ADULTO","UROLOGIA","ACEITE DA UNIDADE EXECUTANTE","","","","","","","","","","","","","","","","","","","","","",""
"CENTRO SUDOESTE","HGG - GOIÂNIA","MÉDIA E ALTA COMPLEXIDADE","URGÊNCIA E EMERGÊNCIA ","UTI ADULTO","CIRURGIA GERAL","ACEITE DA UNIDADE EXECUTANTE","HGG - CPRE (CONFORME DISPONIBILIDADE DA UNIDADE)","","","","","","","","","","","","","","","","","","","","",""
"CENTRO SUDOESTE","HGG - GOIÂNIA","MÉDIA E ALTA COMPLEXIDADE","URGÊNCIA E EMERGÊNCIA ","UTI ADULTO","CLÍNICA MÉDICA","ACEITE DA UNIDADE EXECUTANTE","","","","","","","","","","","","","","","","","","","","","",""
"CENTRO SUDOESTE","HGG - GOIÂNIA","MÉDIA E ALTA COMPLEXIDADE","URGÊNCIA E EMERGÊNCIA ","UTI ADULTO","NEUROLOGIA","ACEITE DA UNIDADE EXECUTANTE","","","","","","","","","","","","","","","","","","","","","",""
"CENTRO SUDOESTE","HGG - GOIÂNIA","MÉDIA E ALTA COMPLEXIDADE","URGÊNCIA E EMERGÊNCIA ","UTI ADULTO","CARDIOLOGIA CLÍNICA","ACEITE DA UNIDADE EXECUTANTE","","","","","","","","","","","","","","","","","","","","","",""
"CENTRO SUDOESTE","HGG - GOIÂNIA","MÉDIA E ALTA COMPLEXIDADE","URGÊNCIA E EMERGÊNCIA ","UTI ADULTO","GASTROENTEROLOGIA","ACEITE DA UNIDADE EXECUTANTE","","","","","","","","","","","","","","","","","","","","","",""
"CENTRO SUDOESTE","HGG - GOIÂNIA","MÉDIA E ALTA COMPLEXIDADE","URGÊNCIA E EMERGÊNCIA ","UTI ADULTO","PROCTOLOGIA","ACEITE DA UNIDADE EXECUTANTE","","","","","","","","","","","","","","","","","","","","","",""
"CENTRO SUDOESTE","HGG - GOIÂNIA","MÉDIA E ALTA COMPLEXIDADE","URGÊNCIA E EMERGÊNCIA ","UTI ADULTO","PNEUMOLOGIA","ACEITE DA UNIDADE EXECUTANTE","","","","","","","","","","","","","","","","","","","","","",""
"CENTRO SUDOESTE","HGG - GOIÂNIA","MÉDIA E ALTA COMPLEXIDADE","URGÊNCIA E EMERGÊNCIA ","UTI ADULTO","REUMATOLOGIA","ACEITE DA UNIDADE EXECUTANTE","","","","","","","","","","","","","","","","","","","","","",""
"CENTRO SUDOESTE","HGG - GOIÂNIA","MÉDIA E ALTA COMPLEXIDADE","URGÊNCIA E EMERGÊNCIA ","UTI ADULTO","ENDOCRINOLOGIA","ACEITE DA UNIDADE EXECUTANTE","","","","","","","","","","","","","","","","","","","","","",""
"CENTRO SUDOESTE","HGG - GOIÂNIA","MÉDIA E ALTA COMPLEXIDADE","URGÊNCIA E EMERGÊNCIA ","UTI ADULTO","CIRURGIA VASCULAR/ANGIO","ACEITE DA UNIDADE EXECUTANTE","HGG: TEM O SERVIÇO DE HEMODINÂMICA VASCULAR","","","","","","","","","","","","","","","","","","","","",""
"CENTRO SUDOESTE","HGG - GOIÂNIA","MÉDIA E ALTA COMPLEXIDADE","URGÊNCIA E EMERGÊNCIA ","UTI ADULTO","NEFROLOGIA ","ACEITE DA UNIDADE EXECUTANTE","","","","","","","","","","","","","","","","","","","","","",""
"CENTRO SUDOESTE","HGG - GOIÂNIA","MÉDIA E ALTA COMPLEXIDADE","URGÊNCIA E EMERGÊNCIA ","UTI ADULTO","UROLOGIA","ACEITE DA UNIDADE EXECUTANTE","","","","","","","","","","","","","","","","","","","","","",""
"NORDESTE","HGG - GOIÂNIA","MÉDIA E ALTA COMPLEXIDADE","URGÊNCIA E EMERGÊNCIA ","UTI ADULTO","CIRURGIA GERAL","ACEITE DA UNIDADE EXECUTANTE","HGG - CPRE (CONFORME DISPONIBILIDADE DA UNIDADE)","","","","","","","","","","","","","","","","","","","","",""
"NORDESTE","HGG - GOIÂNIA","MÉDIA E ALTA COMPLEXIDADE","URGÊNCIA E EMERGÊNCIA ","UTI ADULTO","CLÍNICA MÉDICA","ACEITE DA UNIDADE EXECUTANTE","","","","","","","","","","","","","","","","","","","","","",""
"NORDESTE","HGG - GOIÂNIA","MÉDIA E ALTA COMPLEXIDADE","URGÊNCIA E EMERGÊNCIA ","UTI ADULTO","NEUROLOGIA","ACEITE DA UNIDADE EXECUTANTE","","","","","","","","","","","","","","","","","","","","","",""
"NORDESTE","HGG - GOIÂNIA","MÉDIA E ALTA COMPLEXIDADE","URGÊNCIA E EMERGÊNCIA ","UTI ADULTO","CARDIOLOGIA CLÍNICA","ACEITE DA UNIDADE EXECUTANTE","","","","","","","","","","","","","","","","","","","","","",""
"NORDESTE","HGG - GOIÂNIA","MÉDIA E ALTA COMPLEXIDADE","URGÊNCIA E EMERGÊNCIA ","UTI ADULTO","GASTROENTEROLOGIA","ACEITE DA UNIDADE EXECUTANTE","","","","","","","","","","","","","","","","","","","","","",""
"NORDESTE","HGG - GOIÂNIA","MÉDIA E ALTA COMPLEXIDADE","URGÊNCIA E EMERGÊNCIA ","UTI ADULTO","PROCTOLOGIA","ACEITE DA UNIDADE EXECUTANTE","","","","","","","","","","","","","","","","","","","","","",""
"NORDESTE","HGG - GOIÂNIA","MÉDIA E ALTA COMPLEXIDADE","URGÊNCIA E EMERGÊNCIA ","UTI ADULTO","PNEUMOLOGIA","ACEITE DA UNIDADE EXECUTANTE","","","","","","","","","","","","","","","","","","","","","",""
"NORDESTE","HGG - GOIÂNIA","MÉDIA E ALTA COMPLEXIDADE","URGÊNCIA E EMERGÊNCIA ","UTI ADULTO","REUMATOLOGIA","ACEITE DA UNIDADE EXECUTANTE","","","","","","","","","","","","","","","","","","","","","",""
"NORDESTE","HGG - GOIÂNIA","MÉDIA E ALTA COMPLEXIDADE","URGÊNCIA E EMERGÊNCIA ","UTI ADULTO","ENDOCRINOLOGIA","ACEITE DA UNIDADE EXECUTANTE","","","","","","","","","","","","","","","","","","","","","",""
"NORDESTE","HGG - GOIÂNIA","MÉDIA E ALTA COMPLEXIDADE","URGÊNCIA E EMERGÊNCIA ","UTI ADULTO","CIRURGIA VASCULAR/ANGIO","ACEITE DA UNIDADE EXECUTANTE","HGG: TEM O SERVIÇO DE HEMODINÂMICA VASCULAR","","","","","","","","","","","","","","","","","","","","",""
"NORDESTE","HGG - GOIÂNIA","MÉDIA E ALTA COMPLEXIDADE","URGÊNCIA E EMERGÊNCIA ","UTI ADULTO","UROLOGIA","ACEITE DA UNIDADE EXECUTANTE","","","","","","","","","","","","","","","","","","","","","",""
"CENTRO OESTE","HGG - GOIÂNIA","MÉDIA E ALTA COMPLEXIDADE","URGÊNCIA E EMERGÊNCIA ","ENFERMARIA ADULTO","CIRURGIA GERAL","ACEITE DA UNIDADE EXECUTANTE","HGG - CPRE (CONFORME DISPONIBILIDADE DA UNIDADE)","","","","","","","","","","","","","","","","","","","","",""
"CENTRO OESTE","HGG - GOIÂNIA","MÉDIA E ALTA COMPLEXIDADE","URGÊNCIA E EMERGÊNCIA ","ENFERMARIA ADULTO","CLÍNICA MÉDICA","ACEITE DA UNIDADE EXECUTANTE","","","","","","","","","","","","","","","","","","","","","",""
"CENTRO OESTE","HGG - GOIÂNIA","MÉDIA E ALTA COMPLEXIDADE","URGÊNCIA E EMERGÊNCIA ","ENFERMARIA ADULTO","NEUROLOGIA","ACEITE DA UNIDADE EXECUTANTE","","","","","","","","","","","","","","","","","","","","","",""
"CENTRO OESTE","HGG - GOIÂNIA","MÉDIA E ALTA COMPLEXIDADE","URGÊNCIA E EMERGÊNCIA ","ENFERMARIA ADULTO","CARDIOLOGIA CLÍNICA","ACEITE DA UNIDADE EXECUTANTE","","","","","","","","","","","","","","","","","","","","","",""
"CENTRO OESTE","HGG - GOIÂNIA","MÉDIA E ALTA COMPLEXIDADE","URGÊNCIA E EMERGÊNCIA ","ENFERMARIA ADULTO","GASTROENTEROLOGIA","ACEITE DA UNIDADE EXECUTANTE","","","","","","","","","","","","","","","","","","","","","",""
"CENTRO OESTE","HGG - GOIÂNIA","MÉDIA E ALTA COMPLEXIDADE","URGÊNCIA E EMERGÊNCIA ","ENFERMARIA ADULTO","PROCTOLOGIA","ACEITE DA UNIDADE EXECUTANTE","","","","","","","","","","","","","","","","","","","","","",""
"CENTRO OESTE","HGG - GOIÂNIA","MÉDIA E ALTA COMPLEXIDADE","URGÊNCIA E EMERGÊNCIA ","ENFERMARIA ADULTO","PNEUMOLOGIA","ACEITE DA UNIDADE EXECUTANTE","","","","","","","","","","","","","","","","","","","","","",""
"CENTRO OESTE","HGG - GOIÂNIA","MÉDIA E ALTA COMPLEXIDADE","URGÊNCIA E EMERGÊNCIA ","ENFERMARIA ADULTO","REUMATOLOGIA","ACEITE DA UNIDADE EXECUTANTE","","","","","","","","","","","","","","","","","","","","","",""
"CENTRO OESTE","HGG - GOIÂNIA","MÉDIA E ALTA COMPLEXIDADE","URGÊNCIA E EMERGÊNCIA ","ENFERMARIA ADULTO","ENDOCRINOLOGIA","ACEITE DA UNIDADE EXECUTANTE","","","","","","","","","","","","","","","","","","","","","",""
"CENTRO OESTE","HGG - GOIÂNIA","MÉDIA E ALTA COMPLEXIDADE","URGÊNCIA E EMERGÊNCIA ","ENFERMARIA ADULTO","CIRURGIA VASCULAR/ANGIO","ACEITE DA UNIDADE EXECUTANTE","HGG: TEM O SERVIÇO DE HEMODINÂMICA VASCULAR","","","","","","","","","","","","","","","","","","","","",""
"CENTRO OESTE","HGG - GOIÂNIA","MÉDIA E ALTA COMPLEXIDADE","URGÊNCIA E EMERGÊNCIA ","ENFERMARIA ADULTO","UROLOGIA","ACEITE DA UNIDADE EXECUTANTE","","","","","","","","","","","","","","","","","","","","","",""
"CENTRO NORTE","HGG - GOIÂNIA","MÉDIA E ALTA COMPLEXIDADE","URGÊNCIA E EMERGÊNCIA ","ENFERMARIA ADULTO","CIRURGIA GERAL","ACEITE DA UNIDADE EXECUTANTE","HGG - CPRE (CONFORME DISPONIBILIDADE DA UNIDADE)","","","","","","","","","","","","","","","","","","","","",""
"CENTRO NORTE","HGG - GOIÂNIA","MÉDIA E ALTA COMPLEXIDADE","URGÊNCIA E EMERGÊNCIA ","ENFERMARIA ADULTO","CLÍNICA MÉDICA","ACEITE DA UNIDADE EXECUTANTE","","","","","","","","","","","","","","","","","","","","","",""
"CENTRO NORTE","HGG - GOIÂNIA","MÉDIA E ALTA COMPLEXIDADE","URGÊNCIA E EMERGÊNCIA ","ENFERMARIA ADULTO","NEUROLOGIA","ACEITE DA UNIDADE EXECUTANTE","","","","","","","","","","","","","","","","","","","","","",""
"CENTRO NORTE","HGG - GOIÂNIA","MÉDIA E ALTA COMPLEXIDADE","URGÊNCIA E EMERGÊNCIA ","ENFERMARIA ADULTO","CARDIOLOGIA CLÍNICA","ACEITE DA UNIDADE EXECUTANTE","","","","","","","","","","","","","","","","","","","","","",""
"CENTRO NORTE","HGG - GOIÂNIA","MÉDIA E ALTA COMPLEXIDADE","URGÊNCIA E EMERGÊNCIA ","ENFERMARIA ADULTO","GASTROENTEROLOGIA","ACEITE DA UNIDADE EXECUTANTE","","","","","","","","","","","","","","","","","","","","","",""
"CENTRO NORTE","HGG - GOIÂNIA","MÉDIA E ALTA COMPLEXIDADE","URGÊNCIA E EMERGÊNCIA ","ENFERMARIA ADULTO","PROCTOLOGIA","ACEITE DA UNIDADE EXECUTANTE","","","","","","","","","","","","","","","","","","","","","",""
"CENTRO NORTE","HGG - GOIÂNIA","MÉDIA E ALTA COMPLEXIDADE","URGÊNCIA E EMERGÊNCIA ","ENFERMARIA ADULTO","PNEUMOLOGIA","ACEITE DA UNIDADE EXECUTANTE","","","","","","","","","","","","","","","","","","","","","",""
"CENTRO NORTE","HGG - GOIÂNIA","MÉDIA E ALTA COMPLEXIDADE","URGÊNCIA E EMERGÊNCIA ","ENFERMARIA ADULTO","REUMATOLOGIA","ACEITE DA UNIDADE EXECUTANTE","","","","","","","","","","","","","","","","","","","","","",""
"CENTRO NORTE","HGG - GOIÂNIA","MÉDIA E ALTA COMPLEXIDADE","URGÊNCIA E EMERGÊNCIA ","ENFERMARIA ADULTO","ENDOCRINOLOGIA","ACEITE DA UNIDADE EXECUTANTE","","","","","","","","","","","","","","","","","","","","","",""
"CENTRO NORTE","HGG - GOIÂNIA","MÉDIA E ALTA COMPLEXIDADE","URGÊNCIA E EMERGÊNCIA ","ENFERMARIA ADULTO","CIRURGIA VASCULAR/ANGIO","ACEITE DA UNIDADE EXECUTANTE","HGG: TEM O SERVIÇO DE HEMODINÂMICA VASCULAR","","","","","","","","","","","","","","","","","","","","",""
"CENTRO NORTE","HGG - GOIÂNIA","MÉDIA E ALTA COMPLEXIDADE","URGÊNCIA E EMERGÊNCIA ","ENFERMARIA ADULTO","NEFROLOGIA ","ACEITE DA UNIDADE EXECUTANTE","","","","","","","","","","","","","","","","","","","","","",""
"CENTRO NORTE","HGG - GOIÂNIA","MÉDIA E ALTA COMPLEXIDADE","URGÊNCIA E EMERGÊNCIA ","ENFERMARIA ADULTO","UROLOGIA","ACEITE DA UNIDADE EXECUTANTE","","","","","","","","","","","","","","","","","","","","","",""
"CENTRO SUDESTE","HGG - GOIÂNIA","MÉDIA E ALTA COMPLEXIDADE","URGÊNCIA E EMERGÊNCIA ","ENFERMARIA ADULTO","CIRURGIA GERAL","ACEITE DA UNIDADE EXECUTANTE","HGG - CPRE (CONFORME DISPONIBILIDADE DA UNIDADE)","","","","","","","","","","","","","","","","","","","","",""
"CENTRO SUDESTE","HGG - GOIÂNIA","MÉDIA E ALTA COMPLEXIDADE","URGÊNCIA E EMERGÊNCIA ","ENFERMARIA ADULTO","CLÍNICA MÉDICA","ACEITE DA UNIDADE EXECUTANTE","","","","","","","","","","","","","","","","","","","","","",""
"CENTRO SUDESTE","HGG - GOIÂNIA","MÉDIA E ALTA COMPLEXIDADE","URGÊNCIA E EMERGÊNCIA ","ENFERMARIA ADULTO","NEUROLOGIA","ACEITE DA UNIDADE EXECUTANTE","","","","","","","","","","","","","","","","","","","","","",""
"CENTRO SUDESTE","HGG - GOIÂNIA","MÉDIA E ALTA COMPLEXIDADE","URGÊNCIA E EMERGÊNCIA ","ENFERMARIA ADULTO","CARDIOLOGIA CLÍNICA","ACEITE DA UNIDADE EXECUTANTE","","","","","","","","","","","","","","","","","","","","","",""
"CENTRO SUDESTE","HGG - GOIÂNIA","MÉDIA E ALTA COMPLEXIDADE","URGÊNCIA E EMERGÊNCIA ","ENFERMARIA ADULTO","GASTROENTEROLOGIA","ACEITE DA UNIDADE EXECUTANTE","","","","","","","","","","","","","","","","","","","","","",""
"CENTRO SUDESTE","HGG - GOIÂNIA","MÉDIA E ALTA COMPLEXIDADE","URGÊNCIA E EMERGÊNCIA ","ENFERMARIA ADULTO","PROCTOLOGIA","ACEITE DA UNIDADE EXECUTANTE","","","","","","","","","","","","","","","","","","","","","",""
"CENTRO SUDESTE","HGG - GOIÂNIA","MÉDIA E ALTA COMPLEXIDADE","URGÊNCIA E EMERGÊNCIA ","ENFERMARIA ADULTO","PNEUMOLOGIA","ACEITE DA UNIDADE EXECUTANTE","","","","","","","","","","","","","","","","","","","","","",""
"CENTRO SUDESTE","HGG - GOIÂNIA","MÉDIA E ALTA COMPLEXIDADE","URGÊNCIA E EMERGÊNCIA ","ENFERMARIA ADULTO","REUMATOLOGIA","ACEITE DA UNIDADE EXECUTANTE","","","","","","","","","","","","","","","","","","","","","",""
"CENTRO SUDESTE","HGG - GOIÂNIA","MÉDIA E ALTA COMPLEXIDADE","URGÊNCIA E EMERGÊNCIA ","ENFERMARIA ADULTO","ENDOCRINOLOGIA","ACEITE DA UNIDADE EXECUTANTE","","","","","","","","","","","","","","","","","","","","","",""
"CENTRO SUDESTE","HGG - GOIÂNIA","MÉDIA E ALTA COMPLEXIDADE","URGÊNCIA E EMERGÊNCIA ","ENFERMARIA ADULTO","CIRURGIA VASCULAR/ANGIO","ACEITE DA UNIDADE EXECUTANTE","HGG: TEM O SERVIÇO DE HEMODINÂMICA VASCULAR","","","","","","","","","","","","","","","","","","","","",""
"CENTRO SUDESTE","HGG - GOIÂNIA","MÉDIA E ALTA COMPLEXIDADE","URGÊNCIA E EMERGÊNCIA ","ENFERMARIA ADULTO","UROLOGIA","ACEITE DA UNIDADE EXECUTANTE","","","","","","","","","","","","","","","","","","","","","",""
"CENTRO SUDOESTE","HGG - GOIÂNIA","MÉDIA E ALTA COMPLEXIDADE","URGÊNCIA E EMERGÊNCIA ","ENFERMARIA ADULTO","CIRURGIA GERAL","ACEITE DA UNIDADE EXECUTANTE","HGG - CPRE (CONFORME DISPONIBILIDADE DA UNIDADE)","","","","","","","","","","","","","","","","","","","","",""
"CENTRO SUDOESTE","HGG - GOIÂNIA","MÉDIA E ALTA COMPLEXIDADE","URGÊNCIA E EMERGÊNCIA ","ENFERMARIA ADULTO","CLÍNICA MÉDICA","ACEITE DA UNIDADE EXECUTANTE","","","","","","","","","","","","","","","","","","","","","",""
"CENTRO SUDOESTE","HGG - GOIÂNIA","MÉDIA E ALTA COMPLEXIDADE","URGÊNCIA E EMERGÊNCIA ","ENFERMARIA ADULTO","NEUROLOGIA","ACEITE DA UNIDADE EXECUTANTE","","","","","","","","","","","","","","","","","","","","","",""
"CENTRO SUDOESTE","HGG - GOIÂNIA","MÉDIA E ALTA COMPLEXIDADE","URGÊNCIA E EMERGÊNCIA ","ENFERMARIA ADULTO","CARDIOLOGIA CLÍNICA","ACEITE DA UNIDADE EXECUTANTE","","","","","","","","","","","","","","","","","","","","","",""
"CENTRO SUDOESTE","HGG - GOIÂNIA","MÉDIA E ALTA COMPLEXIDADE","URGÊNCIA E EMERGÊNCIA ","ENFERMARIA ADULTO","GASTROENTEROLOGIA","ACEITE DA UNIDADE EXECUTANTE","","","","","","","","","","","","","","","","","","","","","",""
"CENTRO SUDOESTE","HGG - GOIÂNIA","MÉDIA E ALTA COMPLEXIDADE","URGÊNCIA E EMERGÊNCIA ","ENFERMARIA ADULTO","PROCTOLOGIA","ACEITE DA UNIDADE EXECUTANTE","","","","","","","","","","","","","","","","","","","","","",""
"CENTRO SUDOESTE","HGG - GOIÂNIA","MÉDIA E ALTA COMPLEXIDADE","URGÊNCIA E EMERGÊNCIA ","ENFERMARIA ADULTO","PNEUMOLOGIA","ACEITE DA UNIDADE EXECUTANTE","","","","","","","","","","","","","","","","","","","","","",""
"CENTRO SUDOESTE","HGG - GOIÂNIA","MÉDIA E ALTA COMPLEXIDADE","URGÊNCIA E EMERGÊNCIA ","ENFERMARIA ADULTO","REUMATOLOGIA","ACEITE DA UNIDADE EXECUTANTE","","","","","","","","","","","","","","","","","","","","","",""
"CENTRO SUDOESTE","HGG - GOIÂNIA","MÉDIA E ALTA COMPLEXIDADE","URGÊNCIA E EMERGÊNCIA ","ENFERMARIA ADULTO","ENDOCRINOLOGIA","ACEITE DA UNIDADE EXECUTANTE","","","","","","","","","","","","","","","","","","","","","",""
"CENTRO SUDOESTE","HGG - GOIÂNIA","MÉDIA E ALTA COMPLEXIDADE","URGÊNCIA E EMERGÊNCIA ","ENFERMARIA ADULTO","CIRURGIA VASCULAR/ANGIO","ACEITE DA UNIDADE EXECUTANTE","HGG: TEM O SERVIÇO DE HEMODINÂMICA VASCULAR","","","","","","","","","","","","","","","","","","","","",""
"CENTRO SUDOESTE","HGG - GOIÂNIA","MÉDIA E ALTA COMPLEXIDADE","URGÊNCIA E EMERGÊNCIA ","ENFERMARIA ADULTO","UROLOGIA","ACEITE DA UNIDADE EXECUTANTE","","","","","","","","","","","","","","","","","","","","","",""
"NORDESTE","HGG - GOIÂNIA","MÉDIA E ALTA COMPLEXIDADE","URGÊNCIA E EMERGÊNCIA ","ENFERMARIA ADULTO","CIRURGIA GERAL","ACEITE DA UNIDADE EXECUTANTE","HGG - CPRE (CONFORME DISPONIBILIDADE DA UNIDADE)","","","","","","","","","","","","","","","","","","","","",""
"NORDESTE","HGG - GOIÂNIA","MÉDIA E ALTA COMPLEXIDADE","URGÊNCIA E EMERGÊNCIA ","ENFERMARIA ADULTO","CLÍNICA MÉDICA","ACEITE DA UNIDADE EXECUTANTE","","","","","","","","","","","","","","","","","","","","","",""
"NORDESTE","HGG - GOIÂNIA","MÉDIA E ALTA COMPLEXIDADE","URGÊNCIA E EMERGÊNCIA ","ENFERMARIA ADULTO","NEUROLOGIA","ACEITE DA UNIDADE EXECUTANTE","","","","","","","","","","","","","","","","","","","","","",""
"NORDESTE","HGG - GOIÂNIA","MÉDIA E ALTA COMPLEXIDADE","URGÊNCIA E EMERGÊNCIA ","ENFERMARIA ADULTO","CARDIOLOGIA CLÍNICA","ACEITE DA UNIDADE EXECUTANTE","","","","","","","","","","","","","","","","","","","","","",""
"NORDESTE","HGG - GOIÂNIA","MÉDIA E ALTA COMPLEXIDADE","URGÊNCIA E EMERGÊNCIA ","ENFERMARIA ADULTO","GASTROENTEROLOGIA","ACEITE DA UNIDADE EXECUTANTE","","","","","","","","","","","","","","","","","","","","","",""
"NORDESTE","HGG - GOIÂNIA","MÉDIA E ALTA COMPLEXIDADE","URGÊNCIA E EMERGÊNCIA ","ENFERMARIA ADULTO","PROCTOLOGIA","ACEITE DA UNIDADE EXECUTANTE","","","","","","","","","","","","","","","","","","","","","",""
"NORDESTE","HGG - GOIÂNIA","MÉDIA E ALTA COMPLEXIDADE","URGÊNCIA E EMERGÊNCIA ","ENFERMARIA ADULTO","PNEUMOLOGIA","ACEITE DA UNIDADE EXECUTANTE","","","","","","","","","","","","","","","","","","","","","",""
"NORDESTE","HGG - GOIÂNIA","MÉDIA E ALTA COMPLEXIDADE","URGÊNCIA E EMERGÊNCIA ","ENFERMARIA ADULTO","REUMATOLOGIA","ACEITE DA UNIDADE EXECUTANTE","","","","","","","","","","","","","","","","","","","","","",""
"NORDESTE","HGG - GOIÂNIA","MÉDIA E ALTA COMPLEXIDADE","URGÊNCIA E EMERGÊNCIA ","ENFERMARIA ADULTO","ENDOCRINOLOGIA","ACEITE DA UNIDADE EXECUTANTE","","","","","","","","","","","","","","","","","","","","","",""
"NORDESTE","HGG - GOIÂNIA","MÉDIA E ALTA COMPLEXIDADE","URGÊNCIA E EMERGÊNCIA ","ENFERMARIA ADULTO","CIRURGIA VASCULAR/ANGIO","ACEITE DA UNIDADE EXECUTANTE","HGG: TEM O SERVIÇO DE HEMODINÂMICA VASCULAR","","","","","","","","","","","","","","","","","","","","",""
"NORDESTE","HGG - GOIÂNIA","MÉDIA E ALTA COMPLEXIDADE","URGÊNCIA E EMERGÊNCIA ","ENFERMARIA ADULTO","UROLOGIA","ACEITE DA UNIDADE EXECUTANTE","","","","","","","","","","","","","","","","","","","","","",""
"CENTRO OESTE","HGG - GOIÂNIA","MÉDIA E ALTA COMPLEXIDADE","URGÊNCIA E EMERGÊNCIA ","ENFERMARIA ADULTO","CIRURGIA GERAL","ACEITE DA UNIDADE EXECUTANTE","HGG - CPRE (CONFORME DISPONIBILIDADE DA UNIDADE)","","","","","","","","","","","","","","","","","","","","",""
"CENTRO OESTE","HGG - GOIÂNIA","MÉDIA E ALTA COMPLEXIDADE","URGÊNCIA E EMERGÊNCIA ","ENFERMARIA ADULTO","CLÍNICA MÉDICA","ACEITE DA UNIDADE EXECUTANTE","","","","","","","","","","","","","","","","","","","","","",""
"CENTRO OESTE","HGG - GOIÂNIA","MÉDIA E ALTA COMPLEXIDADE","URGÊNCIA E EMERGÊNCIA ","ENFERMARIA ADULTO","NEUROLOGIA","ACEITE DA UNIDADE EXECUTANTE","","","","","","","","","","","","","","","","","","","","","",""
"CENTRO OESTE","HGG - GOIÂNIA","MÉDIA E ALTA COMPLEXIDADE","URGÊNCIA E EMERGÊNCIA ","ENFERMARIA ADULTO","CARDIOLOGIA CLÍNICA","ACEITE DA UNIDADE EXECUTANTE","","","","","","","","","","","","","","","","","","","","","",""
"CENTRO OESTE","HGG - GOIÂNIA","MÉDIA E ALTA COMPLEXIDADE","URGÊNCIA E EMERGÊNCIA ","ENFERMARIA ADULTO","GASTROENTEROLOGIA","ACEITE DA UNIDADE EXECUTANTE","","","","","","","","","","","","","","","","","","","","","",""
"CENTRO OESTE","HGG - GOIÂNIA","MÉDIA E ALTA COMPLEXIDADE","URGÊNCIA E EMERGÊNCIA ","ENFERMARIA ADULTO","PROCTOLOGIA","ACEITE DA UNIDADE EXECUTANTE","","","","","","","","","","","","","","","","","","","","","",""
"CENTRO OESTE","HGG - GOIÂNIA","MÉDIA E ALTA COMPLEXIDADE","URGÊNCIA E EMERGÊNCIA ","ENFERMARIA ADULTO","PNEUMOLOGIA","ACEITE DA UNIDADE EXECUTANTE","","","","","","","","","","","","","","","","","","","","","",""
"CENTRO OESTE","HGG - GOIÂNIA","MÉDIA E ALTA COMPLEXIDADE","URGÊNCIA E EMERGÊNCIA ","ENFERMARIA ADULTO","REUMATOLOGIA","ACEITE DA UNIDADE EXECUTANTE","","","","","","","","","","","","","","","","","","","","","",""
"CENTRO OESTE","HGG - GOIÂNIA","MÉDIA E ALTA COMPLEXIDADE","URGÊNCIA E EMERGÊNCIA ","ENFERMARIA ADULTO","ENDOCRINOLOGIA","ACEITE DA UNIDADE EXECUTANTE","","","","","","","","","","","","","","","","","","","","","",""
"CENTRO OESTE","HGG - GOIÂNIA","MÉDIA E ALTA COMPLEXIDADE","URGÊNCIA E EMERGÊNCIA ","ENFERMARIA ADULTO","CIRURGIA VASCULAR/ANGIO","ACEITE DA UNIDADE EXECUTANTE","HGG: TEM O SERVIÇO DE HEMODINÂMICA VASCULAR","","","","","","","","","","","","","","","","","","","","",""
"CENTRO OESTE","HGG - GOIÂNIA","MÉDIA E ALTA COMPLEXIDADE","URGÊNCIA E EMERGÊNCIA ","ENFERMARIA ADULTO","UROLOGIA","ACEITE DA UNIDADE EXECUTANTE","","","","","","","","","","","","","","","","","","","","","",""
"CENTRO NORTE","HGG - GOIÂNIA","MÉDIA E ALTA COMPLEXIDADE","URGÊNCIA E EMERGÊNCIA ","ENFERMARIA ADULTO","CIRURGIA GERAL","ACEITE DA UNIDADE EXECUTANTE","HGG - CPRE (CONFORME DISPONIBILIDADE DA UNIDADE)","","","","","","","","","","","","","","","","","","","","",""
"CENTRO NORTE","HGG - GOIÂNIA","MÉDIA E ALTA COMPLEXIDADE","URGÊNCIA E EMERGÊNCIA ","ENFERMARIA ADULTO","CLÍNICA MÉDICA","ACEITE DA UNIDADE EXECUTANTE","","","","","","","","","","","","","","","","","","","","","",""
"CENTRO NORTE","HGG - GOIÂNIA","MÉDIA E ALTA COMPLEXIDADE","URGÊNCIA E EMERGÊNCIA ","ENFERMARIA ADULTO","NEUROLOGIA","ACEITE DA UNIDADE EXECUTANTE","","","","","","","","","","","","","","","","","","","","","",""
"CENTRO NORTE","HGG - GOIÂNIA","MÉDIA E ALTA COMPLEXIDADE","URGÊNCIA E EMERGÊNCIA ","ENFERMARIA ADULTO","CARDIOLOGIA CLÍNICA","ACEITE DA UNIDADE EXECUTANTE","","","","","","","","","","","","","","","","","","","","","",""
"CENTRO NORTE","HGG - GOIÂNIA","MÉDIA E ALTA COMPLEXIDADE","URGÊNCIA E EMERGÊNCIA ","ENFERMARIA ADULTO","GASTROENTEROLOGIA","ACEITE DA UNIDADE EXECUTANTE","","","","","","","","","","","","","","","","","","","","","",""
"CENTRO NORTE","HGG - GOIÂNIA","MÉDIA E ALTA COMPLEXIDADE","URGÊNCIA E EMERGÊNCIA ","ENFERMARIA ADULTO","PROCTOLOGIA","ACEITE DA UNIDADE EXECUTANTE","","","","","","","","","","","","","","","","","","","","","",""
"CENTRO NORTE","HGG - GOIÂNIA","MÉDIA E ALTA COMPLEXIDADE","URGÊNCIA E EMERGÊNCIA ","ENFERMARIA ADULTO","PNEUMOLOGIA","ACEITE DA UNIDADE EXECUTANTE","","","","","","","","","","","","","","","","","","","","","",""
"CENTRO NORTE","HGG - GOIÂNIA","MÉDIA E ALTA COMPLEXIDADE","URGÊNCIA E EMERGÊNCIA ","ENFERMARIA ADULTO","REUMATOLOGIA","ACEITE DA UNIDADE EXECUTANTE","","","","","","","","","","","","","","","","","","","","","",""
"CENTRO NORTE","HGG - GOIÂNIA","MÉDIA E ALTA COMPLEXIDADE","URGÊNCIA E EMERGÊNCIA ","ENFERMARIA ADULTO","ENDOCRINOLOGIA","ACEITE DA UNIDADE EXECUTANTE","","","","","","","","","","","","","","","","","","","","","",""
"CENTRO NORTE","HGG - GOIÂNIA","MÉDIA E ALTA COMPLEXIDADE","URGÊNCIA E EMERGÊNCIA ","ENFERMARIA ADULTO","CIRURGIA VASCULAR/ANGIO","ACEITE DA UNIDADE EXECUTANTE","HGG: TEM O SERVIÇO DE HEMODINÂMICA VASCULAR","","","","","","","","","","","","","","","","","","","","",""
"CENTRO NORTE","HGG - GOIÂNIA","MÉDIA E ALTA COMPLEXIDADE","URGÊNCIA E EMERGÊNCIA ","ENFERMARIA ADULTO","UROLOGIA","ACEITE DA UNIDADE EXECUTANTE","","","","","","","","","","","","","","","","","","","","","",""
"CENTRO SUDESTE","HGG - GOIÂNIA","MÉDIA E ALTA COMPLEXIDADE","URGÊNCIA E EMERGÊNCIA ","ENFERMARIA ADULTO","CIRURGIA GERAL","ACEITE DA UNIDADE EXECUTANTE","HGG - CPRE (CONFORME DISPONIBILIDADE DA UNIDADE)","","","","","","","","","","","","","","","","","","","","",""
"CENTRO SUDESTE","HGG - GOIÂNIA","MÉDIA E ALTA COMPLEXIDADE","URGÊNCIA E EMERGÊNCIA ","ENFERMARIA ADULTO","CLÍNICA MÉDICA","ACEITE DA UNIDADE EXECUTANTE","","","","","","","","","","","","","","","","","","","","","",""
"CENTRO SUDESTE","HGG - GOIÂNIA","MÉDIA E ALTA COMPLEXIDADE","URGÊNCIA E EMERGÊNCIA ","ENFERMARIA ADULTO","NEUROLOGIA","ACEITE DA UNIDADE EXECUTANTE","","","","","","","","","","","","","","","","","","","","","",""
"CENTRO SUDESTE","HGG - GOIÂNIA","MÉDIA E ALTA COMPLEXIDADE","URGÊNCIA E EMERGÊNCIA ","ENFERMARIA ADULTO","CARDIOLOGIA CLÍNICA","ACEITE DA UNIDADE EXECUTANTE","","","","","","","","","","","","","","","","","","","","","",""
"CENTRO SUDESTE","HGG - GOIÂNIA","MÉDIA E ALTA COMPLEXIDADE","URGÊNCIA E EMERGÊNCIA ","ENFERMARIA ADULTO","GASTROENTEROLOGIA","ACEITE DA UNIDADE EXECUTANTE","","","","","","","","","","","","","","","","","","","","","",""
"CENTRO SUDESTE","HGG - GOIÂNIA","MÉDIA E ALTA COMPLEXIDADE","URGÊNCIA E EMERGÊNCIA ","ENFERMARIA ADULTO","PROCTOLOGIA","ACEITE DA UNIDADE EXECUTANTE","","","","","","","","","","","","","","","","","","","","","",""
"CENTRO SUDESTE","HGG - GOIÂNIA","MÉDIA E ALTA COMPLEXIDADE","URGÊNCIA E EMERGÊNCIA ","ENFERMARIA ADULTO","PNEUMOLOGIA","ACEITE DA UNIDADE EXECUTANTE","","","","","","","","","","","","","","","","","","","","","",""
"CENTRO SUDESTE","HGG - GOIÂNIA","MÉDIA E ALTA COMPLEXIDADE","URGÊNCIA E EMERGÊNCIA ","ENFERMARIA ADULTO","REUMATOLOGIA","ACEITE DA UNIDADE EXECUTANTE","","","","","","","","","","","","","","","","","","","","","",""
"CENTRO SUDESTE","HGG - GOIÂNIA","MÉDIA E ALTA COMPLEXIDADE","URGÊNCIA E EMERGÊNCIA ","ENFERMARIA ADULTO","ENDOCRINOLOGIA","ACEITE DA UNIDADE EXECUTANTE","","","","","","","","","","","","","","","","","","","","","",""
"CENTRO SUDESTE","HGG - GOIÂNIA","MÉDIA E ALTA COMPLEXIDADE","URGÊNCIA E EMERGÊNCIA ","ENFERMARIA ADULTO","CIRURGIA VASCULAR/ANGIO","ACEITE DA UNIDADE EXECUTANTE","HGG: TEM O SERVIÇO DE HEMODINÂMICA VASCULAR","","","","","","","","","","","","","","","","","","","","",""
"CENTRO SUDESTE","HGG - GOIÂNIA","MÉDIA E ALTA COMPLEXIDADE","URGÊNCIA E EMERGÊNCIA ","ENFERMARIA ADULTO","UROLOGIA","ACEITE DA UNIDADE EXECUTANTE","","","","","","","","","","","","","","","","","","","","","",""
"CENTRO SUDOESTE","HGG - GOIÂNIA","MÉDIA E ALTA COMPLEXIDADE","URGÊNCIA E EMERGÊNCIA ","ENFERMARIA ADULTO","CIRURGIA GERAL","ACEITE DA UNIDADE EXECUTANTE","HGG - CPRE (CONFORME DISPONIBILIDADE DA UNIDADE)","","","","","","","","","","","","","","","","","","","","",""
"CENTRO SUDOESTE","HGG - GOIÂNIA","MÉDIA E ALTA COMPLEXIDADE","URGÊNCIA E EMERGÊNCIA ","ENFERMARIA ADULTO","CLÍNICA MÉDICA","ACEITE DA UNIDADE EXECUTANTE","","","","","","","","","","","","","","","","","","","","","",""
"CENTRO SUDOESTE","HGG - GOIÂNIA","MÉDIA E ALTA COMPLEXIDADE","URGÊNCIA E EMERGÊNCIA ","ENFERMARIA ADULTO","NEUROLOGIA","ACEITE DA UNIDADE EXECUTANTE","","","","","","","","","","","","","","","","","","","","","",""
"CENTRO SUDOESTE","HGG - GOIÂNIA","MÉDIA E ALTA COMPLEXIDADE","URGÊNCIA E EMERGÊNCIA ","ENFERMARIA ADULTO","CARDIOLOGIA CLÍNICA","ACEITE DA UNIDADE EXECUTANTE","","","","","","","","","","","","","","","","","","","","","",""
"CENTRO SUDOESTE","HGG - GOIÂNIA","MÉDIA E ALTA COMPLEXIDADE","URGÊNCIA E EMERGÊNCIA ","ENFERMARIA ADULTO","GASTROENTEROLOGIA","ACEITE DA UNIDADE EXECUTANTE","","","","","","","","","","","","","","","","","","","","","",""
"CENTRO SUDOESTE","HGG - GOIÂNIA","MÉDIA E ALTA COMPLEXIDADE","URGÊNCIA E EMERGÊNCIA ","ENFERMARIA ADULTO","PROCTOLOGIA","ACEITE DA UNIDADE EXECUTANTE","","","","","","","","","","","","","","","","","","","","","",""
"CENTRO SUDOESTE","HGG - GOIÂNIA","MÉDIA E ALTA COMPLEXIDADE","URGÊNCIA E EMERGÊNCIA ","ENFERMARIA ADULTO","PNEUMOLOGIA","ACEITE DA UNIDADE EXECUTANTE","","","","","","","","","","","","","","","","","","","","","",""
"CENTRO SUDOESTE","HGG - GOIÂNIA","MÉDIA E ALTA COMPLEXIDADE","URGÊNCIA E EMERGÊNCIA ","ENFERMARIA ADULTO","REUMATOLOGIA","ACEITE DA UNIDADE EXECUTANTE","","","","","","","","","","","","","","","","","","","","","",""
"CENTRO SUDOESTE","HGG - GOIÂNIA","MÉDIA E ALTA COMPLEXIDADE","URGÊNCIA E EMERGÊNCIA ","ENFERMARIA ADULTO","ENDOCRINOLOGIA","ACEITE DA UNIDADE EXECUTANTE","","","","","","","","","","","","","","","","","","","","","",""
"CENTRO SUDOESTE","HGG - GOIÂNIA","MÉDIA E ALTA COMPLEXIDADE","URGÊNCIA E EMERGÊNCIA ","ENFERMARIA ADULTO","CIRURGIA VASCULAR/ANGIO","ACEITE DA UNIDADE EXECUTANTE","HGG: TEM O SERVIÇO DE HEMODINÂMICA VASCULAR","","","","","","","","","","","","","","","","","","","","",""
"CENTRO SUDOESTE","HGG - GOIÂNIA","MÉDIA E ALTA COMPLEXIDADE","URGÊNCIA E EMERGÊNCIA ","ENFERMARIA ADULTO","UROLOGIA","ACEITE DA UNIDADE EXECUTANTE","","","","","","","","","","","","","","","","","","","","","",""
"NORDESTE","HGG - GOIÂNIA","MÉDIA E ALTA COMPLEXIDADE","URGÊNCIA E EMERGÊNCIA ","ENFERMARIA ADULTO","CIRURGIA GERAL","ACEITE DA UNIDADE EXECUTANTE","HGG - CPRE (CONFORME DISPONIBILIDADE DA UNIDADE)","","","","","","","","","","","","","","","","","","","","",""
"NORDESTE","HGG - GOIÂNIA","MÉDIA E ALTA COMPLEXIDADE","URGÊNCIA E EMERGÊNCIA ","ENFERMARIA ADULTO","CLÍNICA MÉDICA","ACEITE DA UNIDADE EXECUTANTE","","","","","","","","","","","","","","","","","","","","","",""
"NORDESTE","HGG - GOIÂNIA","MÉDIA E ALTA COMPLEXIDADE","URGÊNCIA E EMERGÊNCIA ","ENFERMARIA ADULTO","NEUROLOGIA","ACEITE DA UNIDADE EXECUTANTE","","","","","","","","","","","","","","","","","","","","","",""
"NORDESTE","HGG - GOIÂNIA","MÉDIA E ALTA COMPLEXIDADE","URGÊNCIA E EMERGÊNCIA ","ENFERMARIA ADULTO","CARDIOLOGIA CLÍNICA","ACEITE DA UNIDADE EXECUTANTE","","","","","","","","","","","","","","","","","","","","","",""
"NORDESTE","HGG - GOIÂNIA","MÉDIA E ALTA COMPLEXIDADE","URGÊNCIA E EMERGÊNCIA ","ENFERMARIA ADULTO","GASTROENTEROLOGIA","ACEITE DA UNIDADE EXECUTANTE","","","","","","","","","","","","","","","","","","","","","",""
"NORDESTE","HGG - GOIÂNIA","MÉDIA E ALTA COMPLEXIDADE","URGÊNCIA E EMERGÊNCIA ","ENFERMARIA ADULTO","PROCTOLOGIA","ACEITE DA UNIDADE EXECUTANTE","","","","","","","","","","","","","","","","","","","","","",""
"NORDESTE","HGG - GOIÂNIA","MÉDIA E ALTA COMPLEXIDADE","URGÊNCIA E EMERGÊNCIA ","ENFERMARIA ADULTO","PNEUMOLOGIA","ACEITE DA UNIDADE EXECUTANTE","","","","","","","","","","","","","","","","","","","","","",""
"NORDESTE","HGG - GOIÂNIA","MÉDIA E ALTA COMPLEXIDADE","URGÊNCIA E EMERGÊNCIA ","ENFERMARIA ADULTO","REUMATOLOGIA","ACEITE DA UNIDADE EXECUTANTE","","","","","","","","","","","","","","","","","","","","","",""
"NORDESTE","HGG - GOIÂNIA","MÉDIA E ALTA COMPLEXIDADE","URGÊNCIA E EMERGÊNCIA ","ENFERMARIA ADULTO","ENDOCRINOLOGIA","ACEITE DA UNIDADE EXECUTANTE","","","","","","","","","","","","","","","","","","","","","",""
"NORDESTE","HGG - GOIÂNIA","MÉDIA E ALTA COMPLEXIDADE","URGÊNCIA E EMERGÊNCIA ","ENFERMARIA ADULTO","CIRURGIA VASCULAR/ANGIO","ACEITE DA UNIDADE EXECUTANTE","HGG: TEM O SERVIÇO DE HEMODINÂMICA VASCULAR","","","","","","","","","","","","","","","","","","","","",""
"NORDESTE","HGG - GOIÂNIA","MÉDIA E ALTA COMPLEXIDADE","URGÊNCIA E EMERGÊNCIA ","UTI ADULTO","NEFROLOGIA ","ACEITE DA UNIDADE EXECUTANTE","","","","","","","","","","","","","","","","","","","","","",""
"NORDESTE","HGG - GOIÂNIA","MÉDIA E ALTA COMPLEXIDADE","URGÊNCIA E EMERGÊNCIA ","ENFERMARIA ADULTO","UROLOGIA","ACEITE DA UNIDADE EXECUTANTE","","","","","","","","","","","","","","","","","","","","","",""
"CENTRO OESTE","HGG - GOIÂNIA","MÉDIA E ALTA COMPLEXIDADE","URGÊNCIA E EMERGÊNCIA ","ENFERMARIA ADULTO","ENDOVASCULAR","ACEITE DA UNIDADE EXECUTANTE","HGG: TEM O SERVIÇO DE HEMODINÂMICA VASCULAR","","","","","","","","","","","","","","","","","","","","",""
"CENTRO NORTE","HGG - GOIÂNIA","MÉDIA E ALTA COMPLEXIDADE","URGÊNCIA E EMERGÊNCIA ","ENFERMARIA ADULTO","ENDOVASCULAR","ACEITE DA UNIDADE EXECUTANTE","HGG: TEM O SERVIÇO DE HEMODINÂMICA VASCULAR","","","","","","","","","","","","","","","","","","","","",""
"CENTRO SUDESTE","HGG - GOIÂNIA","MÉDIA E ALTA COMPLEXIDADE","URGÊNCIA E EMERGÊNCIA ","ENFERMARIA ADULTO","ENDOVASCULAR","ACEITE DA UNIDADE EXECUTANTE","HGG: TEM O SERVIÇO DE HEMODINÂMICA VASCULAR","","","","","","","","","","","","","","","","","","","","",""
"CENTRO SUDOESTE","HGG - GOIÂNIA","MÉDIA E ALTA COMPLEXIDADE","URGÊNCIA E EMERGÊNCIA ","ENFERMARIA ADULTO","ENDOVASCULAR","ACEITE DA UNIDADE EXECUTANTE","HGG: TEM O SERVIÇO DE HEMODINÂMICA VASCULAR","","","","","","","","","","","","","","","","","","","","",""
"NORDESTE","HGG - GOIÂNIA","MÉDIA E ALTA COMPLEXIDADE","URGÊNCIA E EMERGÊNCIA ","ENFERMARIA ADULTO","ENDOVASCULAR","ACEITE DA UNIDADE EXECUTANTE","HGG: TEM O SERVIÇO DE HEMODINÂMICA VASCULAR","","","","","","","","","","","","","","","","","","","","",""
"CENTRO OESTE","HGG - GOIÂNIA","MÉDIA E ALTA COMPLEXIDADE","URGÊNCIA E EMERGÊNCIA ","UTI ADULTO","ENDOVASCULAR","ACEITE DA UNIDADE EXECUTANTE","HGG: TEM O SERVIÇO DE HEMODINÂMICA VASCULAR","","","","","","","","","","","","","","","","","","","","",""
"CENTRO NORTE","HGG - GOIÂNIA","MÉDIA E ALTA COMPLEXIDADE","URGÊNCIA E EMERGÊNCIA ","UTI ADULTO","ENDOVASCULAR","ACEITE DA UNIDADE EXECUTANTE","HGG: TEM O SERVIÇO DE HEMODINÂMICA VASCULAR","","","","","","","","","","","","","","","","","","","","",""
"CENTRO SUDESTE","HGG - GOIÂNIA","MÉDIA E ALTA COMPLEXIDADE","URGÊNCIA E EMERGÊNCIA ","UTI ADULTO","ENDOVASCULAR","ACEITE DA UNIDADE EXECUTANTE","HGG: TEM O SERVIÇO DE HEMODINÂMICA VASCULAR","","","","","","","","","","","","","","","","","","","","",""
"CENTRO SUDOESTE","HGG - GOIÂNIA","MÉDIA E ALTA COMPLEXIDADE","URGÊNCIA E EMERGÊNCIA ","UTI ADULTO","ENDOVASCULAR","ACEITE DA UNIDADE EXECUTANTE","HGG: TEM O SERVIÇO DE HEMODINÂMICA VASCULAR","","","","","","","","","","","","","","","","","","","","",""
"NORDESTE","HGG - GOIÂNIA","MÉDIA E ALTA COMPLEXIDADE","URGÊNCIA E EMERGÊNCIA ","UTI ADULTO","ENDOVASCULAR","ACEITE DA UNIDADE EXECUTANTE","HGG: TEM O SERVIÇO DE HEMODINÂMICA VASCULAR","","","","","","","","","","","","","","","","","","","","",""
"CENTRO SUDESTE","HGSC - SENADOR CANEDO","MÉDIA E ALTA COMPLEXIDADE","URGÊNCIA E EMERGÊNCIA ","UTI ADULTO","CLÍNICA MÉDICA","INTERNAÇÃO PRÓPRIA (COTA DIRETA)","HGSC: INTERNAÇÃO PRÓPRIA (COTA DIRETA), SOMENTE PARA PACIENTES EGRESSOS DA CIRURGIA ELETIVA OU DO AMBULAUTORIO, MEDIANTE ANEXO DA FILIPETA DO REGNET/GERCON. ","","","","","","","","","","","","","","","","","","","","",""
"CENTRO SUDESTE","HGSC - SENADOR CANEDO","MÉDIA E ALTA COMPLEXIDADE","URGÊNCIA E EMERGÊNCIA ","ENFERMARIA ADULTO","CLÍNICA MÉDICA","INTERNAÇÃO PRÓPRIA (COTA DIRETA)","HGSC: INTERNAÇÃO PRÓPRIA (COTA DIRETA), SOMENTE PARA PACIENTES EGRESSOS DA CIRURGIA ELETIVA OU DO AMBULAUTORIO, MEDIANTE ANEXO DA FILIPETA DO REGNET/GERCON. ","","","","","","","","","","","","","","","","","","","","",""
"CENTRO SUDESTE","HGSC - SENADOR CANEDO","MÉDIA E ALTA COMPLEXIDADE","URGÊNCIA E EMERGÊNCIA ","UTI ADULTO","CLÍNICA MÉDICA","REGULAÇÃO PARA O LEITO","HGSC: CONDIÇÕES CLÍNICAS AGUDAS OU DESCOMPENSAÇÃO DE DOENÇAS CRÔNICAS, DISTÚRBIOS HIDROELETROLÍTICOS E OUTRAS INTERCORRÊNCIAS CLÍNICAS QUE NÃO TENHAM INDICAÇÃO PRIMÁRIA CIRÚRGICA OU TRAUMÁTICA.

NÃO É PERFIL: DOENÇAS QUE NECESSITEM DE INTERVENÇÃO CIRÚRGICA GERAL, ORTOPÉDICA, NEUROCIRURGIA, TORÁCICA, UROLÓGICA, ONCOLÓGICA, HEMATOLÓGICA, INFECTOLOGIA, CARDIOLOGIA INTERVENCIONISTA, ENTRE OUTRAS ESPECIALIDADES NÃO CLÍNICAS.","","","","","","","","","","","","","","","","","","","","",""
"CENTRO SUDESTE","HGSC - SENADOR CANEDO","MÉDIA E ALTA COMPLEXIDADE","URGÊNCIA E EMERGÊNCIA ","ENFERMARIA ADULTO","CLÍNICA MÉDICA","REGULAÇÃO PARA O LEITO","HGSC: PACIENTES COM DOENÇAS CRÔNICAS OU QUE DEMANDEM CUIDADOS CLÍNICOS DE BAIXA A MÉDIA COMPLEXIDADE, SEM NECESSIDADE DE LONGA PERMANÊNCIA, ISOLAMENTO OU SUPORTE DE SUBESPECIALIDADES.

NÃO É PERFIL: INTERVENÇÃO HEMODINÂMICA.","","","","","","","","","","","","","","","","","","","","",""
"CENTRO SUDOESTE","HMEVM - MINEIROS","MÉDIA E ALTA COMPLEXIDADE","URGÊNCIA E EMERGÊNCIA ","UTI ADULTO","CLÍNICA MÉDICA","REGULAÇÃO PARA O LEITO","HMEVM - MINEIROS: CONDIÇÕES CLÍNICAS AGUDAS OU DESCOMPENSAÇÃO DE DOENÇAS CRÔNICAS, DISTÚRBIOS HIDROELETROLÍTICOS E OUTRAS INTERCORRÊNCIAS CLÍNICAS QUE NÃO TENHAM INDICAÇÃO PRIMÁRIA CIRÚRGICA OU TRAUMÁTICA.

NÃO É PERFIL: DOENÇAS QUE NECESSITEM DE INTERVENÇÃO CIRÚRGICA GERAL, ORTOPÉDICA, NEUROCIRURGIA, TORÁCICA, UROLÓGICA, ONCOLÓGICA, HEMATOLÓGICA, INFECTOLOGIA, CARDIOLOGIA INTERVENCIONISTA, ENTRE OUTRAS ESPECIALIDADES NÃO CLÍNICAS, SOMADAS À INTERNAÇÃO EM LEITO DE UTI","","","","","","","","","","","","","","","","","","","","",""
"CENTRO SUDOESTE","HMEVM - MINEIROS","MÉDIA E ALTA COMPLEXIDADE","URGÊNCIA E EMERGÊNCIA ","UTI ADULTO","CLÍNICA MÉDICA","INTERNAÇÃO PRÓPRIA (COTA DIRETA)","HMEVM - MINEIROS: INTERNAÇÃO PRÓPRIA (COTA DIRETA), SOMENTE PARA PACIENTES EGRESSOS DA CIRURGIA ELETIVA OU DO AMBULAUTORIO, MEDIANTE ANEXO DA FILIPETA DO REGNET/GERCON. ","","","","","","","","","","","","","","","","","","","","",""
"CENTRO SUDOESTE","HMIAB - RIO VERDE","MÉDIA E ALTA COMPLEXIDADE","URGÊNCIA E EMERGÊNCIA ","UTI PEDIATRICA","PEDIATRIA","INTERNAÇÃO PRÓPRIA (COTA DIRETA)","HMIAB: INTERNAÇÃO PRÓPRIA (COTA DIRETA), SOMENTE PARA PACIENTES EGRESSOS DA CIRURGIA ELETIVA OU DO AMBULAUTORIO, MEDIANTE ANEXO DA FILIPETA DO REGNET/GERCON. ","","","","","","","","","","","","","","","","","","","","",""
"CENTRO SUDOESTE","HMIAB - RIO VERDE","MÉDIA E ALTA COMPLEXIDADE","URGÊNCIA E EMERGÊNCIA ","UTI NEONATAL","NEONATOLOGIA","INTERNAÇÃO PRÓPRIA (COTA DIRETA)","HMIAB: INTERNAÇÃO PRÓPRIA (COTA DIRETA), SOMENTE PARA PACIENTES EGRESSOS DA CIRURGIA ELETIVA OU DO AMBULAUTORIO, MEDIANTE ANEXO DA FILIPETA DO REGNET/GERCON. ","","","","","","","","","","","","","","","","","","","","",""
"CENTRO SUDOESTE","HMIAB - RIO VERDE","MÉDIA E ALTA COMPLEXIDADE","URGÊNCIA E EMERGÊNCIA ","UTI PEDIATRICA","PEDIATRIA","REGULAÇÃO PARA O LEITO","HMIAB:  PACIENTES DE  0 DIAS ATÉ 11 ANOS, 11 MESES E 29 DIAS, NAS CONDIÇÕES CLÍNICAS DE INSUFICIÊNCIA RESPIRATÓRIA AGUDA, SRAG, CRISES CONVULSIVAS, CETOACIDOSE DIABÉTICA, SEPSE, CHOQUE, DIARREIA, DESIDRATAÇÃO, INFECÇÕES BACTERIANAS, ICC EM CARDIOPATIA NÃO CIRÚRGICA, IRA.

NÃO É PERFIL: IDADE ACIMA DE 11 ANOS, 11 MESES  E 29 DIAS. 

NÃO DISPÕE DE CIPE.","","","","","","","","","","","","","","","","","","","","",""
"CENTRO SUDOESTE","HMIAB - RIO VERDE","MÉDIA E ALTA COMPLEXIDADE","URGÊNCIA E EMERGÊNCIA ","UTI NEONATAL","NEONATOLOGIA","REGULAÇÃO PARA O LEITO","HMIAB:  RN DE 0 A 28 DIAS DE IG CORRIGIDA DE 40 SEM, NAS CONDIÇÕES CLÍNICAS DE DOENÇA BACTERIANA, INFECCIOSA, GASTROENTEROLOGIA, RENAIS, NEUROLOGIA CLÍNICA, ENDOCRINAS, CARDIOLÓGICAS NÃO CIRÚRGICAS, INSUFICIÊNCIA HEPÁTICA, ICTÉRICIA NEONATAL.

NÃO É PERFIL: IDADE ACIMA DE 29 DIAS ATÉ 11 ANOS, 11 MESES  E 29 DIAS. RN COM SINTOMAS RESPIRATORIOS INTERNA NA UTI PED/ISOLAMENTO (0 DIAS ATÉ 29 DIAS); 

NÃO DISPÕE DE CIPE.","","","","","","","","","","","","","","","","","","","","",""
"CENTRO SUDESTE","HMMC - ITUMBIARA","MÉDIA E ALTA COMPLEXIDADE","URGÊNCIA E EMERGÊNCIA ","UTI ADULTO","CLÍNICA MÉDICA","REGULAÇÃO PARA O LEITO","HMMC: CONDIÇÕES CLÍNICAS AGUDAS OU DESCOMPENSAÇÃO DE DOENÇAS CRÔNICAS, DISTÚRBIOS HIDROELETROLÍTICOS E OUTRAS INTERCORRÊNCIAS CLÍNICAS QUE NÃO TENHAM INDICAÇÃO PRIMÁRIA CIRÚRGICA OU TRAUMÁTICA.
NÃO É PERFIL: DOENÇAS QUE NECESSITEM DE INTERVENÇÃO CIRÚRGICA GERAL, ORTOPÉDICA, NEUROCIRURGIA, TORÁCICA, UROLÓGICA, ONCOLÓGICA, HEMATOLÓGICA, INFECTOLOGIA, CARDIOLOGIA INTERVENCIONISTA, ENTRE OUTRAS ESPECIALIDADES NÃO CLÍNICAS, SOMADAS À INTERNAÇÃO EM LEITO DE UTI","","","","","","","","","","","","","","","","","","","","",""
"CENTRO SUDESTE","HMMC - ITUMBIARA","MÉDIA E ALTA COMPLEXIDADE","URGÊNCIA E EMERGÊNCIA ","UTI ADULTO","CLÍNICA MÉDICA","INTERNAÇÃO PRÓPRIA (COTA DIRETA)","HMMC: INTERNAÇÃO PRÓPRIA (COTA DIRETA), SOMENTE PARA PACIENTES EGRESSOS DA CIRURGIA ELETIVA OU DO AMBULAUTORIO, MEDIANTE ANEXO DA FILIPETA DO REGNET/GERCON. ","","","","","","","","","","","","","","","","","","","","",""
"CENTRO SUDESTE","HMNSA - CALDAS NOVAS","MÉDIA E ALTA COMPLEXIDADE","URGÊNCIA E EMERGÊNCIA ","UTI ADULTO","CLÍNICA MÉDICA","REGULAÇÃO PARA O LEITO","HMNSA: CONDIÇÕES CLÍNICAS AGUDAS OU DESCOMPENSAÇÃO DE DOENÇAS CRÔNICAS, DISTÚRBIOS HIDROELETROLÍTICOS E OUTRAS INTERCORRÊNCIAS CLÍNICAS QUE NÃO TENHAM INDICAÇÃO PRIMÁRIA CIRÚRGICA OU TRAUMÁTICA.
NÃO É PERFIL: DOENÇAS QUE NECESSITEM DE INTERVENÇÃO CIRÚRGICA GERAL, ORTOPÉDICA, NEUROCIRURGIA, TORÁCICA, UROLÓGICA, ONCOLÓGICA, HEMATOLÓGICA, INFECTOLOGIA, CARDIOLOGIA INTERVENCIONISTA, ENTRE OUTRAS ESPECIALIDADES NÃO CLÍNICAS, SOMADAS À INTERNAÇÃO EM LEITO DE UTI","","","","","","","","","","","","","","","","","","","","",""
"CENTRO SUDESTE","HMNSA - CALDAS NOVAS","MÉDIA E ALTA COMPLEXIDADE","URGÊNCIA E EMERGÊNCIA ","UTI ADULTO","CLÍNICA MÉDICA","INTERNAÇÃO PRÓPRIA (COTA DIRETA)","HMNSA: INTERNAÇÃO PRÓPRIA (COTA DIRETA), SOMENTE PARA PACIENTES EGRESSOS DA CIRURGIA ELETIVA OU DO AMBULAUTORIO, MEDIANTE ANEXO DA FILIPETA DO REGNET/GERCON. ","","","","","","","","","","","","","","","","","","","","",""
"CENTRO NORTE","HMP - PORANGATU","MÉDIA COMPLEXIDADE","URGÊNCIA E EMERGÊNCIA ","ENFERMARIA ADULTO","CLÍNICA MÉDICA","INTERNAÇÃO PRÓPRIA (COTA DIRETA)","HMP: INTERNAÇÃO PRÓPRIA (COTA DIRETA), SOMENTE PARA PACIENTES EGRESSOS DA CIRURGIA ELETIVA OU DO AMBULAUTORIO, MEDIANTE ANEXO DA FILIPETA DO REGNET/GERCON. ","","","","","","","","","","","","","","","","","","","","",""
"CENTRO NORTE","HMP - PORANGATU","MÉDIA COMPLEXIDADE","URGÊNCIA E EMERGÊNCIA ","ENFERMARIA ADULTO","CLÍNICA MÉDICA","REGULAÇÃO PARA O LEITO","HMP: PACIENTES COM DOENÇAS CRÔNICAS OU QUE DEMANDEM CUIDADOS CLÍNICOS DE BAIXA A MÉDIA COMPLEXIDADE, TAIS COMO: ITU; PNM BACTERIANA; DENGUE CLÁSSICA; SEPSE EM GERAL; DENTRE OUTRAS QUE NÃO NECESSITEM DE LONGA PERMANÊNCIA, ISOLAMENTO OU SUPORTE DE SUBESPECIALIDADES.

NÃO É PERFIL: IAM; ONCOLOGIA; AVC HEMORRÁGICO; URGÊNCIA DIALÍTICA; DENTRE OUTROS QUE APRESENTEM SINAIS DE GRAVIDADE QUE EXIJAM INTERNAÇÃO EM UTI.","","","","","","","","","","","","","","","","","","","","",""
"CENTRO SUDESTE","HMSN - CATALÃO","MÉDIA E ALTA COMPLEXIDADE","URGÊNCIA E EMERGÊNCIA ","UTI ADULTO","CLÍNICA MÉDICA","INTERNAÇÃO PRÓPRIA (COTA DIRETA)","HMSN: INTERNAÇÃO PRÓPRIA (COTA DIRETA), SOMENTE PARA PACIENTES EGRESSOS DA CIRURGIA ELETIVA OU DO AMBULAUTORIO, MEDIANTE ANEXO DA FILIPETA DO REGNET/GERCON. ","","","","","","","","","","","","","","","","","","","","",""
"CENTRO SUDESTE","HMSN - CATALÃO","MÉDIA E ALTA COMPLEXIDADE","URGÊNCIA E EMERGÊNCIA ","ENFERMARIA ADULTO","CIRURGIA GERAL ","INTERNAÇÃO PRÓPRIA (COTA DIRETA)","HMSN: INTERNAÇÃO PRÓPRIA (COTA DIRETA), SOMENTE PARA PACIENTES EGRESSOS DA CIRURGIA ELETIVA OU DO AMBULAUTORIO, MEDIANTE ANEXO DA FILIPETA DO REGNET/GERCON. ","","","","","","","","","","","","","","","","","","","","",""
"CENTRO SUDESTE","HMSN - CATALÃO","MÉDIA E ALTA COMPLEXIDADE","URGÊNCIA E EMERGÊNCIA ","ENFERMARIA ADULTO","NEUROCIRURGIA","INTERNAÇÃO PRÓPRIA (COTA DIRETA)","HMSN: INTERNAÇÃO PRÓPRIA (COTA DIRETA), SOMENTE PARA PACIENTES EGRESSOS DA CIRURGIA ELETIVA OU DO AMBULAUTORIO, MEDIANTE ANEXO DA FILIPETA DO REGNET/GERCON. ","","","","","","","","","","","","","","","","","","","","",""
"CENTRO SUDESTE","HMSN - CATALÃO","MÉDIA E ALTA COMPLEXIDADE","URGÊNCIA E EMERGÊNCIA ","UTI NEONATAL","NEONATOLOGIA","INTERNAÇÃO PRÓPRIA (COTA DIRETA)","HMSN: INTERNAÇÃO PRÓPRIA (COTA DIRETA), SOMENTE PARA PACIENTES EGRESSOS DA CIRURGIA ELETIVA OU DO AMBULAUTORIO, MEDIANTE ANEXO DA FILIPETA DO REGNET/GERCON. ","","","","","","","","","","","","","","","","","","","","",""
"CENTRO SUDESTE","HMSN - CATALÃO","MÉDIA E ALTA COMPLEXIDADE","URGÊNCIA E EMERGÊNCIA ","UTI ADULTO","CLÍNICA MÉDICA","REGULAÇÃO PARA O LEITO","HMSN: UTI GERAL E NEUROLOGICA. CONDIÇÕES CLÍNICAS AGUDAS OU DESCOMPENSAÇÃO DE DOENÇAS CRÔNICAS, DISTÚRBIOS HIDROELETROLÍTICOS E OUTRAS INTERCORRÊNCIAS CLÍNICAS QUE NÃO TENHAM INDICAÇÃO PRIMÁRIA CIRÚRGICA OU TRAUMÁTICA.
NÃO É PERFIL: DOENÇAS QUE NECESSITEM DE INTERVENÇÃO CIRÚRGICA GERAL, ORTOPÉDICA, TORÁCICA, UROLÓGICA, ONCOLÓGICA, HEMATOLÓGICA, INFECTOLOGIA, CARDIOLOGIA INTERVENCIONISTA, ENTRE OUTRAS ESPECIALIDADES NÃO CLÍNICAS, SOMADAS À INTERNAÇÃO EM LEITO DE UTI.

OS LEITOS DE ENFERMARIA CLÍNICA SÃO PARA RETAGUARDA DE UTI.","","","","","","","","","","","","","","","","","","","","",""
"CENTRO SUDESTE","HMSN - CATALÃO","MÉDIA E ALTA COMPLEXIDADE","URGÊNCIA E EMERGÊNCIA ","ENFERMARIA ADULTO","CIRURGIA GERAL ","REGULAÇÃO PARA O LEITO","HMSN: HERNIORRAFIA SEM RESSECÇÃO INTESTINAL (ESTRANGULADA/ENCARCERADA)","","","","","","","","","","","","","","","","","","","","",""
"CENTRO SUDESTE","HMSN - CATALÃO","MÉDIA E ALTA COMPLEXIDADE","URGÊNCIA E EMERGÊNCIA ","ENFERMARIA ADULTO","NEUROCIRURGIA","REGULAÇÃO PARA O LEITO","HMSN: DERIVAÇÃO VENTRICULAR EXTERNA/SUBGALEAL EXTERNA; CRANIOTOMIA DESCOMPRESSIVA.","","","","","","","","","","","","","","","","","","","","",""
"CENTRO SUDESTE","HMSN - CATALÃO","MÉDIA E ALTA COMPLEXIDADE","URGÊNCIA E EMERGÊNCIA ","UTI NEONATAL","NEONATOLOGIA","REGULAÇÃO PARA O LEITO","HMSN: RN GRAVE TERMO ATÉ 28 DIAS DE VIDA OU PRÉ-TERMO COM IDADE GESTACIONAL CORRIGIDA MENOR DO QUE 37 SEMANAS. TODAS AS DOENÇAS DO PERIODO NEONATAL GRAVE CLÍNICO INCLUINDO SRAG. 

NÃO É PERFIL: SUSPEITA DE CARDIOPATIA CONGÊNITA E DOENÇAS NEUROLÓGICAS SEM DIAGNÓSTICOS DEFINIDOS E NÃO DISPÕE DE CIPE.","","","","","","","","","","","","","","","","","","","","",""
"CENTRO SUDESTE","HNF - CATALÃO","MÉDIA E ALTA COMPLEXIDADE","URGÊNCIA E EMERGÊNCIA ","ENFERMARIA ADULTO","CARDIOVASCULAR ","INTERNAÇÃO PRÓPRIA (COTA DIRETA)","HNF (CATALÃO): INTERNAÇÃO PRÓPRIA (COTA DIRETA), SOMENTE PARA PACIENTES EGRESSOS DA CIRURGIA ELETIVA OU DO AMBULAUTORIO, MEDIANTE ANEXO DA FILIPETA DO REGNET/GERCON. ","","","","","","","","","","","","","","","","","","","","",""
"CENTRO SUDESTE","HNF - CATALÃO","MÉDIA E ALTA COMPLEXIDADE","URGÊNCIA E EMERGÊNCIA ","UTI ADULTO","CARDIOVASCULAR ","INTERNAÇÃO PRÓPRIA (COTA DIRETA)","HNF (CATALÃO): INTERNAÇÃO PRÓPRIA (COTA DIRETA), SOMENTE PARA PACIENTES EGRESSOS DA CIRURGIA ELETIVA OU DO AMBULAUTORIO, MEDIANTE ANEXO DA FILIPETA DO REGNET/GERCON. ","","","","","","","","","","","","","","","","","","","","",""
"CENTRO SUDESTE","HNF - CATALÃO","MÉDIA E ALTA COMPLEXIDADE","URGÊNCIA E EMERGÊNCIA ","UTI ADULTO","CARDIOVASCULAR","REGULAÇÃO PARA O LEITO","HNF (CATALÃO): PROCEDIMENTOS: CATETERISMO, ANGIOPLASTIA, MARCAPASSO. CASOS CLÍNICOS GERAIS (DESDE QUE NÃO HAJA NECESSIDADE DE UTI COM PERFIL CARDIOLÓGICO).

NÃO É PERFIL DA UNIDADE: CDI/ ABLAÇÃO/ ESTUDO ELETROFISIOLÓGICO","","","","","","","","","","","","","","","","","","","","",""
"CENTRO NORTE","HOC - CERES","MÉDIA E ALTA COMPLEXIDADE","URGÊNCIA E EMERGÊNCIA ","UTI ADULTO","CLÍNICA MÉDICA","INTERNAÇÃO PRÓPRIA (COTA DIRETA)","HOC: INTERNAÇÃO PRÓPRIA (COTA DIRETA), SOMENTE PARA PACIENTES EGRESSOS DA CIRURGIA ELETIVA OU DO AMBULAUTORIO, MEDIANTE ANEXO DA FILIPETA DO REGNET/GERCON. ","","","","","","","","","","","","","","","","","","","","",""
"CENTRO NORTE","HOC - CERES","MÉDIA E ALTA COMPLEXIDADE","URGÊNCIA E EMERGÊNCIA ","UTI ADULTO","CLÍNICA MÉDICA","REGULAÇÃO PARA O LEITO","HOC: CONDIÇÕES CLÍNICAS AGUDAS OU DESCOMPENSAÇÃO DE DOENÇAS CRÔNICAS, DISTÚRBIOS HIDROELETROLÍTICOS E OUTRAS INTERCORRÊNCIAS CLÍNICAS QUE NÃO TENHAM INDICAÇÃO PRIMÁRIA CIRÚRGICA OU TRAUMÁTICA.

NÃO É PERFIL: DOENÇAS QUE NECESSITEM DE INTERVENÇÃO CIRÚRGICA GERAL, NEUROCIRURGIA, TORÁCICA, ONCOLÓGICA, HEMATOLÓGICA, INFECTOLOGIA, CARDIOLOGIA INTERVENCIONISTA, ENTRE OUTRAS ESPECIALIDADES NÃO CLÍNICAS, SOMADAS À INTERNAÇÃO EM LEITO DE UTI.","","","","","","","","","","","","","","","","","","","","",""
"CENTRO NORTE","HOC - CERES","MÉDIA E ALTA COMPLEXIDADE","URGÊNCIA E EMERGÊNCIA ","ENFERMARIA ADULTO","ORTOPEDIA E TRAUMATOLOGIA","INTERNAÇÃO PRÓPRIA (COTA DIRETA)","HOC: INTERNAÇÃO PRÓPRIA (COTA DIRETA), SOMENTE PARA PACIENTES EGRESSOS DA CIRURGIA ELETIVA OU DO AMBULAUTORIO, MEDIANTE ANEXO DA FILIPETA DO REGNET/GERCON. ","","","","","","","","","","","","","","","","","","","","",""
"CENTRO NORTE","HOC - CERES","MÉDIA E ALTA COMPLEXIDADE","URGÊNCIA E EMERGÊNCIA ","ENFERMARIA ADULTO","ORTOPEDIA E TRAUMATOLOGIA","REGULAÇÃO PARA O LEITO","HOC: FRATURAS EM GERAL: RECONSTRUÇÃO LIGAMENTAR EXTRA-ARTICULAR DO JOELHO; TRATAMENTO CIRÚRGICO DE FRATURA INTERCONDILEANA / DOS CÔNDILOS DO FÊMUR; TRATAMENTO CIRÚRGICO DE FRATURA DO PILÃO TIBIAL; TRATAMENTO CIRÚRGICO DE FRATURA DA DIÁFISE DA TÍBIA; TRATAMENTO CIRÚRGICO DE FRATURA DA CLAVÍCULA, DENTRE OUTRAS CONFORME CARTA DE SERVIÇO.

NÃO É PERFIL: COLUNA, TRAUMA TORÁCICO, FACE e BUCOMAXILO.","","","","","","","","","","","","","","","","","","","","",""
"CENTRO NORTE","HOC - CERES","MÉDIA E ALTA COMPLEXIDADE","URGÊNCIA E EMERGÊNCIA ","ENFERMARIA ADULTO","UROLOGIA","INTERNAÇÃO PRÓPRIA (COTA DIRETA)","HOC: INTERNAÇÃO PRÓPRIA (COTA DIRETA), SOMENTE PARA PACIENTES EGRESSOS DA CIRURGIA ELETIVA OU DO AMBULAUTORIO, MEDIANTE ANEXO DA FILIPETA DO REGNET/GERCON. ","","","","","","","","","","","","","","","","","","","","",""
"CENTRO NORTE","HOC - CERES","MÉDIA E ALTA COMPLEXIDADE","URGÊNCIA E EMERGÊNCIA ","ENFERMARIA ADULTO","UROLOGIA","REGULAÇÃO PARA O LEITO","HOC: INSTALAÇÃO ENDOSCÓPICA DE CATETER DJ; CISTOLITOTOMIA E/OU RETIRADA DE CORPO ESTRANHO DA BEXIGA; URETEROLITOTRÍPSIA TRANSURETEROSCÓPICA SEMIRRÍGIDA E FLEXÍVEL.

NÃO É PERFIL: CÁLCULOS CORALIFORME; NEFROLITOTOMIA PERCUTÂNEA; URETROTOMIA INTERNA; EXPLORAÇÃO ESCROTAL.","","","","","","","","","","","","","","","","","","","","",""
"CENTRO NORTE","HOSP. EDMUNDO FERNANDES - URUAÇU","MÉDIA E ALTA COMPLEXIDADE","URGÊNCIA E EMERGÊNCIA ","ENFERMARIA ADULTO","CLÍNICA MÉDICA","INTERNAÇÃO PRÓPRIA (COTA DIRETA)","HEF (URUAÇU): INTERNAÇÃO PRÓPRIA (COTA DIRETA), SOMENTE PARA PACIENTES EGRESSOS DA CIRURGIA ELETIVA OU DO AMBULAUTORIO, MEDIANTE ANEXO DA FILIPETA DO REGNET/GERCON. ","","","","","","","","","","","","","","","","","","","","",""
"CENTRO NORTE","HOSP. EDMUNDO FERNANDES - URUAÇU","MÉDIA E ALTA COMPLEXIDADE","URGÊNCIA E EMERGÊNCIA ","ENFERMARIA ADULTO","UROLOGIA","INTERNAÇÃO PRÓPRIA (COTA DIRETA)","HEF (URUAÇU): INTERNAÇÃO PRÓPRIA (COTA DIRETA), SOMENTE PARA PACIENTES EGRESSOS DA CIRURGIA ELETIVA OU DO AMBULAUTORIO, MEDIANTE ANEXO DA FILIPETA DO REGNET/GERCON. ","","","","","","","","","","","","","","","","","","","","",""
"CENTRO NORTE","HOSP. EDMUNDO FERNANDES - URUAÇU","MÉDIA E ALTA COMPLEXIDADE","URGÊNCIA E EMERGÊNCIA ","ENFERMARIA ADULTO","ORTOPEDIA E TRAUMATOLOGIA ","INTERNAÇÃO PRÓPRIA (COTA DIRETA)","HEF (URUAÇU): INTERNAÇÃO PRÓPRIA (COTA DIRETA), SOMENTE PARA PACIENTES EGRESSOS DA CIRURGIA ELETIVA OU DO AMBULAUTORIO, MEDIANTE ANEXO DA FILIPETA DO REGNET/GERCON. ","","","","","","","","","","","","","","","","","","","","",""
"CENTRO NORTE","HOSP. EDMUNDO FERNANDES - URUAÇU","MÉDIA E ALTA COMPLEXIDADE","URGÊNCIA E EMERGÊNCIA ","UTI ADULTO","CARDIOVASCULAR","INTERNAÇÃO PRÓPRIA (COTA DIRETA)","HEF (URUAÇU): INTERNAÇÃO PRÓPRIA (COTA DIRETA), SOMENTE PARA PACIENTES EGRESSOS DA CIRURGIA ELETIVA OU DO AMBULAUTORIO, MEDIANTE ANEXO DA FILIPETA DO REGNET/GERCON. ","","","","","","","","","","","","","","","","","","","","",""
"CENTRO NORTE","HOSP. EDMUNDO FERNANDES - URUAÇU","MÉDIA E ALTA COMPLEXIDADE","URGÊNCIA E EMERGÊNCIA ","ENFERMARIA ADULTO","ORTOPEDIA E TRAUMATOLOGIA ","REGULAÇÃO PARA O LEITO","HEF (URUAÇU): ATENDIMENTO A PACIENTES COM NECESSIDADE DE ORTOPÉDICA DE BAIXA E MÉDIA COMPLEXIDADE, RELACIONADAS A TRAUMAS MUSCULOESQUELÉTICOS, LESÕES TENDÍNEAS, AFECÇÕES ARTICULARES E PROCEDIMENTOS ORTOPÉDICOS ELETIVOS OU DE URGÊNCIA. INCLUI FRATURAS FECHADAS, LESÕES DE EXTREMIDADES E CONDIÇÕES QUE NECESSITEM DE CORREÇÃO CIRÚRGICA ESPECIALIZADA, SEM NECESSIDADE DE SUPORTE DE ALTA COMPLEXIDADE OU SUBESPECIALIDADES. EXEMPLOS: FRATURAS EM GERAL, FRATURA DE TORNOZELO, FRATURA DE RÁDIO DISTAL, FRATURA DIAFISÁRIA DA TÍBIA E ANTEBRAÇO, LESÕES FISÁRIAS E LUXAÇÕES AO NÍVEL DO JOELHO, SÍNDROME DO TÚNEL DO CARPO, CISTOS, DEDO EM MARTELO/EM GARRA, TENOMIORRAFIA, TENÓLISE, OSTEOTOMIAS DE OSSOS DA MÃO E PÉ E EXPLORAÇÃO ARTICULAR COM OU SEM SINOVECTOMIA.

NÃO É PERFIL: CIRURGIAS EM CRIANÇAS (COTOVELO, QUADRIL, FÊMUR E JOELHO); CIRURGIAS COM OPME DE ALTO CUSTO E PRÓTESES.","","","","","","","","","","","","","","","","","","","","",""
"CENTRO NORTE","HOSP. EDMUNDO FERNANDES - URUAÇU","MÉDIA E ALTA COMPLEXIDADE","URGÊNCIA E EMERGÊNCIA ","UTI ADULTO","CARDIOVASCULAR","REGULAÇÃO PARA O LEITO","HEF (URUAÇU): UTI CORONARIANA, PACIENTES INFARTADOS. PERFIL DE ATENDIMENTO: CATETERISMO CARDIÁCO CATETERISMO CARDÍACO; ANGIOPLASTIA CORONÁRIA COM IMPLANTE DE STENT; ANGIOPLASTIA CORONÁRIA COM IMPLANTE DE 2 STENTS; ANGIOPLASTIA CORONÁRIA COM BALÃO; ANGIOPLASTIA PRIMÁRIA NO INFARTO AGUDO DO MIOCÁRDIO.

CASO AINDA HAJA COTA DISPONÍVEL PARA DIÁRIAS DE UTI, ESTA PODERÁ SER UTILIZADA PARA PERFIL DE UTI CLÍNICA, DESDE QUE NÃO HAJA NECESSIDADE DE PROCEDIMENTO CIRÚRGICO.

NÃO É PERFIL: CIRUGIA CARDÍACA E IMPLANTE DE MARCAPASSO DEFINITIVO.","","","","","","","","","","","","","","","","","","","","",""
"CENTRO NORTE","HOSP. EDMUNDO FERNANDES - URUAÇU","MÉDIA E ALTA COMPLEXIDADE","URGÊNCIA E EMERGÊNCIA ","ENFERMARIA ADULTO","UROLOGIA","REGULAÇÃO PARA O LEITO","HEF (URUAÇU): IMPLANTE E RETIRADA DE CATETER DUPLO J; URETERORRENOLITOTRIPSIA SEMIRRÍGIDA (CÁLCULO URETERAL); VASECTOMIA E PROSTATECTOMIA.

NÃO É PERFIL: URL FLEXÍVEL; CISTOLITOTRIPSIA (CÁLCULO DE BEXIGA); RESSECÇÃO TRANSURETRAL (RTU) DE BEXIGA (TUMOR DE BEXIGA); CISTOLITOTOMIA.","","","","","","","","","","","","","","","","","","","","",""
"CENTRO NORTE","HOSP. EDMUNDO FERNANDES - URUAÇU","MÉDIA E ALTA COMPLEXIDADE","URGÊNCIA E EMERGÊNCIA ","ENFERMARIA ADULTO","CLÍNICA MÉDICA","REGULAÇÃO PARA O LEITO","HEF (URUAÇU): CASOS CLÍNICOS DE URGÊNCIA/EMERGÊNCIA DE BAIXA E MÉDIA COMPLEXIDADE QUE NÃO NECESSITE DE UTI, ISOLAMENTO, SUBESPECIALIDADE E LONGA PERMANÊNCIA. 

NÃO É PERFIL: SEPSE; AVC AGUDO; IAM EM ENFERMARIA; INSUFICIÊNCIA RESPIRATÓRIA GRAVE; INSUFICIÊNCIA RENAL GRAVE; PACIENTES ONCOLÓGICOS DESCOMPENSADOS; NECESSIDADE PREVISÍVEL DE UTI; ATENDIMENTOS DE PSIQUIATRIA, PEDIATRIA E OBSTETRÍCIA; NECESSIDADE DE TRANSFUSÃO DE HEMODERIVADOS.","","","","","","","","","","","","","","","","","","","","",""
"CENTRO SUDOESTE","HPET - JATAÍ","MÉDIA E ALTA COMPLEXIDADE","URGÊNCIA E EMERGÊNCIA ","UTI ADULTO","CLÍNICA MÉDICA","INTERNAÇÃO PRÓPRIA (COTA DIRETA)","HPET: INTERNAÇÃO PRÓPRIA (COTA DIRETA), SOMENTE PARA PACIENTES EGRESSOS DA CIRURGIA ELETIVA OU DO AMBULAUTORIO, MEDIANTE ANEXO DA FILIPETA DO REGNET/GERCON. ","","","","","","","","","","","","","","","","","","","","",""
"CENTRO SUDOESTE","HPET - JATAÍ","MÉDIA E ALTA COMPLEXIDADE","URGÊNCIA E EMERGÊNCIA ","UTI ADULTO","CLÍNICA MÉDICA","REGULAÇÃO PARA O LEITO","HPET: SEPSE GRAVE NÃO CIRÚRGICA; AVC ISQUÊMICO SEM INDICAÇÃO DE TROMBÓLISE; IAM SEM INDICAÇÃO DE PROCEDIMENTO HEMODINÂMICO; INSUFICIÊNCIA RESPIRATÓRIA AGUDA OU CRÔNICA AGUDIZADA; CIRROSE HEPÁTICA; CETOACIDOSE DIABÉTICA E COMA HIPEROSMOLAR; INTOXICAÇÕES EXÓGENAS; ISOLAMENTOS RESPIRATÓRIOS; INSUFICIÊNCIA RENAL AGUDA E/OU CRÔNICA AGUDIZADA; ONCOLÓGICO CLÍNICO; OUTRAS PATOLOGIAS CLÍNICAS A CRITÉRIO DO INTENSIVISTA.

NÃO É PERFIL: AVC ISQUÊMICO COM INDICAÇÃO DE TROMBÓLISE; AVC HEMORRÁGICO; IAM COM INDICAÇÃO DE PROCEDIMENTO HEMODINÂMICO; ONCOLÓGICO CLÍNICO (PULMÃO, CABEÇA E PESCOÇO E HEMATOLOGIA); HEMATOLOGIA; NEUROLOGIA; TRAUMATOLOGIA.","","","","","","","","","","","","","","","","","","","","",""
"CENTRO OESTE","HUGO - GOIÂNIA","MÉDIA E ALTA COMPLEXIDADE","URGÊNCIA E EMERGÊNCIA ","UTI ADULTO","CIRURGIA BUCOMAXILOFACIAL","INTERNAÇÃO PRÓPRIA (COTA DIRETA)","","","","","","","","","","","","","","","","","","","","","",""
"CENTRO OESTE","HUGO - GOIÂNIA","MÉDIA E ALTA COMPLEXIDADE","URGÊNCIA E EMERGÊNCIA ","UTI ADULTO","CIRURGIA GERAL","INTERNAÇÃO PRÓPRIA (COTA DIRETA)","HUGO: FAB E FAF, ABDOME AGUDO, HDA COM E SEM REPERCUSSÃO HEMODINÂMICA.","","","","","","","","","","","","","","","","","","","","",""
"CENTRO OESTE","HUGO - GOIÂNIA","MÉDIA E ALTA COMPLEXIDADE","URGÊNCIA E EMERGÊNCIA ","UTI ADULTO","CIRURGIA TORÁCICA","INTERNAÇÃO PRÓPRIA (COTA DIRETA)","","","","","","","","","","","","","","","","","","","","","",""
"CENTRO OESTE","HUGO - GOIÂNIA","MÉDIA E ALTA COMPLEXIDADE","URGÊNCIA E EMERGÊNCIA ","UTI ADULTO","ORTOPEDIA E TRAUMATOLOGIA","INTERNAÇÃO PRÓPRIA (COTA DIRETA)","HUGO:  TODAS AS FRATURAS E LESÕES, POLITRAUMA, INCLUINDO EXPOSTA. REFERÊNCIA EM COLUNA","","","","","","","","","","","","","","","","","","","","",""
"CENTRO OESTE","HUGO - GOIÂNIA","MÉDIA E ALTA COMPLEXIDADE","URGÊNCIA E EMERGÊNCIA ","UTI ADULTO","NEUROCIRURGIA","INTERNAÇÃO PRÓPRIA (COTA DIRETA)","HUGO: TCE, AVCH, HEMATOMA SUBARACNOIDE, HEMATOMA SUBDURAL, NEUROCIRURGIA DESCOMPRESSIVA. NÃO TEM SERVIÇO DE HEMODINÂMICA","","","","","","","","","","","","","","","","","","","","",""
"CENTRO OESTE","HUGO - GOIÂNIA","MÉDIA E ALTA COMPLEXIDADE","URGÊNCIA E EMERGÊNCIA ","UTI ADULTO","CIRURGIA VASCULAR/ANGIO","INTERNAÇÃO PRÓPRIA (COTA DIRETA)","HUGO: AVALIAÇÃO DA VASCULAR PARA DEFINIÇÃO DE CONDUTA, UNIDADE NÃO DISPÕE DE HEMODINÂMICA","","","","","","","","","","","","","","","","","","","","",""
"CENTRO OESTE","HUGO - GOIÂNIA","MÉDIA E ALTA COMPLEXIDADE","URGÊNCIA E EMERGÊNCIA ","ENFERMARIA ADULTO","OTORRINO","INTERNAÇÃO PRÓPRIA (COTA DIRETA)","ABSCESSO AURICULAR/COLOBOMA INFECTADO, ABSCESSO NASAL, ABSCESSO PERIAMIGDALIANO, CELULITE FACIAL, CORPO ESTRANHO (NARIZ E OUVIDO) EPISTAXE NAO CONTROLADA COM TRATAMENTO CONVENCIONAL, FARINGOAMIGDALITES COMPLICADAS(COM ABSCESSO), MASTOIDITE E ABSCESSOS DE COMPLICAÇÕES DE OTITE MEDIA AGUDA, RINOSSINUSITE COMPLICADA (COM PRESENÇA DE CELULITE OU ABSCESSO) ,TRAUMAS NASAL E OTOLOGIA... OBS:SEG A SEXTA 07 AS 19HRS ENCAMINHAMENTO DE URGÊNCIA P/ AVALIAÇÃO DE URG, CHEGAR NA UNIDADE ATÉ AS17HRS IDADE MINIMA 15 ANOS","","","","","","","","","","","","","","","","","","","","",""
"CENTRO OESTE","HUGO - GOIÂNIA","MÉDIA E ALTA COMPLEXIDADE","URGÊNCIA E EMERGÊNCIA ","UTI ADULTO","CLÍNICA MÉDICA","INTERNAÇÃO PRÓPRIA (COTA DIRETA)","HUGO: SERVIÇO DE NEFROLOGIA E CARDIOLOGIA DISPONÍVEL","","","","","","","","","","","","","","","","","","","","",""
"CENTRO OESTE","HUGO - GOIÂNIA","MÉDIA E ALTA COMPLEXIDADE","URGÊNCIA E EMERGÊNCIA ","UTI ADULTO","NEUROLOGIA","INTERNAÇÃO PRÓPRIA (COTA DIRETA)","","","","","","","","","","","","","","","","","","","","","",""
"CENTRO NORTE","HUGO - GOIÂNIA","MÉDIA E ALTA COMPLEXIDADE","URGÊNCIA E EMERGÊNCIA ","UTI ADULTO","CIRURGIA BUCOMAXILOFACIAL","INTERNAÇÃO PRÓPRIA (COTA DIRETA)","","","","","","","","","","","","","","","","","","","","","",""
"CENTRO NORTE","HUGO - GOIÂNIA","MÉDIA E ALTA COMPLEXIDADE","URGÊNCIA E EMERGÊNCIA ","UTI ADULTO","CIRURGIA GERAL","INTERNAÇÃO PRÓPRIA (COTA DIRETA)","HUGO: FAB E FAF, ABDOME AGUDO, HDA COM E SEM REPERCUSSÃO HEMODINÂMICA.","","","","","","","","","","","","","","","","","","","","",""
"CENTRO NORTE","HUGO - GOIÂNIA","MÉDIA E ALTA COMPLEXIDADE","URGÊNCIA E EMERGÊNCIA ","UTI ADULTO","CIRURGIA TORÁCICA","INTERNAÇÃO PRÓPRIA (COTA DIRETA)","","","","","","","","","","","","","","","","","","","","","",""
"CENTRO NORTE","HUGO - GOIÂNIA","MÉDIA E ALTA COMPLEXIDADE","URGÊNCIA E EMERGÊNCIA ","UTI ADULTO","ORTOPEDIA E TRAUMATOLOGIA","INTERNAÇÃO PRÓPRIA (COTA DIRETA)","HUGO:  TODAS AS FRATURAS E LESÕES, POLITRAUMA, INCLUINDO EXPOSTA. REFERÊNCIA EM COLUNA","","","","","","","","","","","","","","","","","","","","",""
"CENTRO OESTE","HUGO - GOIÂNIA","MÉDIA E ALTA COMPLEXIDADE","URGÊNCIA E EMERGÊNCIA ","ENFERMARIA ADULTO","OTORRINO","ENCAMINHAMENTO DE URGÊNCIA ","ABSCESSO AURICULAR/COLOBOMA INFECTADO, ABSCESSO NASAL, ABSCESSO PERIAMIGDALIANO, CELULITE FACIAL, CORPO ESTRANHO (NARIZ E OUVIDO) EPISTAXE NAO CONTROLADA COM TRATAMENTO CONVENCIONAL, FARINGOAMIGDALITES COMPLICADAS(COM ABSCESSO), MASTOIDITE E ABSCESSOS DE COMPLICAÇÕES DE OTITE MEDIA AGUDA, RINOSSINUSITE COMPLICADA (COM PRESENÇA DE CELULITE OU ABSCESSO) ,TRAUMAS NASAL E OTOLOGIA... OBS:SEG A SEXTA 07 AS 19HRS ENCAMINHAMENTO DE URGÊNCIA P/ AVALIAÇÃO DE URG, CHEGAR NA UNIDADE ATÉ AS17HRS, IDADE MINIMA 15 ANOS","","","","","","","","","","","","","","","","","","","","",""
"CENTRO NORTE","HUGO - GOIÂNIA","MÉDIA E ALTA COMPLEXIDADE","URGÊNCIA E EMERGÊNCIA ","UTI ADULTO","NEUROCIRURGIA","INTERNAÇÃO PRÓPRIA (COTA DIRETA)","HUGO: TCE, AVCH, HEMATOMA SUBARACNOIDE, HEMATOMA SUBDURAL, NEUROCIRURGIA DESCOMPRESSIVA. NÃO TEM SERVIÇO DE HEMODINÂMICA","","","","","","","","","","","","","","","","","","","","",""
"CENTRO NORTE","HUGO - GOIÂNIA","MÉDIA E ALTA COMPLEXIDADE","URGÊNCIA E EMERGÊNCIA ","UTI ADULTO","CIRURGIA VASCULAR/ANGIO","INTERNAÇÃO PRÓPRIA (COTA DIRETA)","HUGO: AVALIAÇÃO DA VASCULAR PARA DEFINIÇÃO DE CONDUTA, UNIDADE NÃO DISPÕE DE HEMODINÂMICA","","","","","","","","","","","","","","","","","","","","",""
"CENTRO NORTE","HUGO - GOIÂNIA","MÉDIA E ALTA COMPLEXIDADE","URGÊNCIA E EMERGÊNCIA ","UTI ADULTO","CLÍNICA MÉDICA","INTERNAÇÃO PRÓPRIA (COTA DIRETA)","HUGO: SERVIÇO DE NEFROLOGIA E CARDIOLOGIA DISPONÍVEL","","","","","","","","","","","","","","","","","","","","",""
"CENTRO NORTE","HUGO - GOIÂNIA","MÉDIA E ALTA COMPLEXIDADE","URGÊNCIA E EMERGÊNCIA ","UTI ADULTO","NEUROLOGIA","INTERNAÇÃO PRÓPRIA (COTA DIRETA)","","","","","","","","","","","","","","","","","","","","","",""
"CENTRO SUDESTE","HUGO - GOIÂNIA","MÉDIA E ALTA COMPLEXIDADE","URGÊNCIA E EMERGÊNCIA ","UTI ADULTO","CIRURGIA BUCOMAXILOFACIAL","INTERNAÇÃO PRÓPRIA (COTA DIRETA)","","","","","","","","","","","","","","","","","","","","","",""
"CENTRO SUDESTE","HUGO - GOIÂNIA","MÉDIA E ALTA COMPLEXIDADE","URGÊNCIA E EMERGÊNCIA ","UTI ADULTO","CIRURGIA GERAL","INTERNAÇÃO PRÓPRIA (COTA DIRETA)","HUGO: FAB E FAF, ABDOME AGUDO, HDA COM E SEM REPERCUSSÃO HEMODINÂMICA.","","","","","","","","","","","","","","","","","","","","",""
"CENTRO SUDESTE","HUGO - GOIÂNIA","MÉDIA E ALTA COMPLEXIDADE","URGÊNCIA E EMERGÊNCIA ","UTI ADULTO","CIRURGIA TORÁCICA","INTERNAÇÃO PRÓPRIA (COTA DIRETA)","","","","","","","","","","","","","","","","","","","","","",""
"CENTRO SUDESTE","HUGO - GOIÂNIA","MÉDIA E ALTA COMPLEXIDADE","URGÊNCIA E EMERGÊNCIA ","ENFERMARIA ADULTO","OTORRINO","ENCAMINHAMENTO DE URGÊNCIA ","ABSCESSO AURICULAR/COLOBOMA INFECTADO, ABSCESSO NASAL, ABSCESSO PERIAMIGDALIANO, CELULITE FACIAL, CORPO ESTRANHO (NARIZ E OUVIDO) EPISTAXE NAO CONTROLADA COM TRATAMENTO CONVENCIONAL, FARINGOAMIGDALITES COMPLICADAS(COM ABSCESSO), MASTOIDITE E ABSCESSOS DE COMPLICAÇÕES DE OTITE MEDIA AGUDA, RINOSSINUSITE COMPLICADA (COM PRESENÇA DE CELULITE OU ABSCESSO) ,TRAUMAS NASAL E OTOLOGIA... OBS:SEG A SEXTA 07 AS 19HRS ENCAMINHAMENTO DE URGÊNCIA P/ AVALIAÇÃO DE URG, CHEGAR NA UNIDADE ATÉ AS17HRS, IDADE MINIMA 15 ANOS","","","","","","","","","","","","","","","","","","","","",""
"CENTRO SUDESTE","HUGO - GOIÂNIA","MÉDIA E ALTA COMPLEXIDADE","URGÊNCIA E EMERGÊNCIA ","UTI ADULTO","ORTOPEDIA E TRAUMATOLOGIA","INTERNAÇÃO PRÓPRIA (COTA DIRETA)","HUGO:  TODAS AS FRATURAS E LESÕES, POLITRAUMA, INCLUINDO EXPOSTA. REFERÊNCIA EM COLUNA","","","","","","","","","","","","","","","","","","","","",""
"CENTRO SUDESTE","HUGO - GOIÂNIA","MÉDIA E ALTA COMPLEXIDADE","URGÊNCIA E EMERGÊNCIA ","UTI ADULTO","NEUROCIRURGIA","INTERNAÇÃO PRÓPRIA (COTA DIRETA)","HUGO: TCE, AVCH, HEMATOMA SUBARACNOIDE, HEMATOMA SUBDURAL, NEUROCIRURGIA DESCOMPRESSIVA. NÃO TEM SERVIÇO DE HEMODINÂMICA","","","","","","","","","","","","","","","","","","","","",""
"CENTRO SUDESTE","HUGO - GOIÂNIA","MÉDIA E ALTA COMPLEXIDADE","URGÊNCIA E EMERGÊNCIA ","UTI ADULTO","CIRURGIA VASCULAR/ANGIO","INTERNAÇÃO PRÓPRIA (COTA DIRETA)","HUGO: AVALIAÇÃO DA VASCULAR PARA DEFINIÇÃO DE CONDUTA, UNIDADE NÃO DISPÕE DE HEMODINÂMICA","","","","","","","","","","","","","","","","","","","","",""
"CENTRO SUDESTE","HUGO - GOIÂNIA","MÉDIA E ALTA COMPLEXIDADE","URGÊNCIA E EMERGÊNCIA ","UTI ADULTO","CLÍNICA MÉDICA","INTERNAÇÃO PRÓPRIA (COTA DIRETA)","HUGO: SERVIÇO DE NEFROLOGIA E CARDIOLOGIA DISPONÍVEL","","","","","","","","","","","","","","","","","","","","",""
"CENTRO SUDESTE","HUGO - GOIÂNIA","MÉDIA E ALTA COMPLEXIDADE","URGÊNCIA E EMERGÊNCIA ","UTI ADULTO","NEUROLOGIA","INTERNAÇÃO PRÓPRIA (COTA DIRETA)","Crises Epilépticas Estado de mal epiléptico (convulsivo ou não-con-vulsivo) Crises de difícil controle ou com rebaixamento do nível de consciência Primeira crise Necessidade de ajuste de anticonvulsivantes sob monitoramento Acidente Vascular Cerebral (AVC) AVC isquêmico AVC hemorrágico Infecções do Sistema Nervoso Central Meningite bacteriana. Encefalite","","","","","","","","","","","","","","","","","","","","",""
"CENTRO SUDOESTE","HUGO - GOIÂNIA","MÉDIA E ALTA COMPLEXIDADE","URGÊNCIA E EMERGÊNCIA ","UTI ADULTO","CIRURGIA BUCOMAXILOFACIAL","INTERNAÇÃO PRÓPRIA (COTA DIRETA)","","","","","","","","","","","","","","","","","","","","","",""
"CENTRO SUDOESTE","HUGO - GOIÂNIA","MÉDIA E ALTA COMPLEXIDADE","URGÊNCIA E EMERGÊNCIA ","UTI ADULTO","CIRURGIA GERAL","INTERNAÇÃO PRÓPRIA (COTA DIRETA)","HUGO: FAB E FAF, ABDOME AGUDO, HDA COM E SEM REPERCUSSÃO HEMODINÂMICA.","","","","","","","","","","","","","","","","","","","","",""
"CENTRO SUDOESTE","HUGO - GOIÂNIA","MÉDIA E ALTA COMPLEXIDADE","URGÊNCIA E EMERGÊNCIA ","ENFERMARIA ADULTO","OTORRINO","ENCAMINHAMENTO DE URGÊNCIA ","ABSCESSO AURICULAR/COLOBOMA INFECTADO, ABSCESSO NASAL, ABSCESSO PERIAMIGDALIANO, CELULITE FACIAL, CORPO ESTRANHO (NARIZ E OUVIDO) EPISTAXE NAO CONTROLADA COM TRATAMENTO CONVENCIONAL, FARINGOAMIGDALITES COMPLICADAS(COM ABSCESSO), MASTOIDITE E ABSCESSOS DE COMPLICAÇÕES DE OTITE MEDIA AGUDA, RINOSSINUSITE COMPLICADA (COM PRESENÇA DE CELULITE OU ABSCESSO) ,TRAUMAS NASAL E OTOLOGIA... OBS:SEG A SEXTA 07 AS 19HRS ENCAMINHAMENTO DE URGÊNCIA P/ AVALIAÇÃO DE URG, CHEGAR NA UNIDADE ATÉ AS17HRS, IDADE MINIMA 15 ANOS","","","","","","","","","","","","","","","","","","","","",""
"CENTRO SUDOESTE","HUGO - GOIÂNIA","MÉDIA E ALTA COMPLEXIDADE","URGÊNCIA E EMERGÊNCIA ","UTI ADULTO","CIRURGIA TORÁCICA","INTERNAÇÃO PRÓPRIA (COTA DIRETA)","","","","","","","","","","","","","","","","","","","","","",""
"CENTRO SUDOESTE","HUGO - GOIÂNIA","MÉDIA E ALTA COMPLEXIDADE","URGÊNCIA E EMERGÊNCIA ","UTI ADULTO","ORTOPEDIA E TRAUMATOLOGIA","INTERNAÇÃO PRÓPRIA (COTA DIRETA)","HUGO:  TODAS AS FRATURAS E LESÕES, POLITRAUMA, INCLUINDO EXPOSTA. REFERÊNCIA EM COLUNA","","","","","","","","","","","","","","","","","","","","",""
"CENTRO SUDOESTE","HUGO - GOIÂNIA","MÉDIA E ALTA COMPLEXIDADE","URGÊNCIA E EMERGÊNCIA ","UTI ADULTO","NEUROCIRURGIA","INTERNAÇÃO PRÓPRIA (COTA DIRETA)","HUGO: TCE, AVCH, HEMATOMA SUBARACNOIDE, HEMATOMA SUBDURAL, NEUROCIRURGIA DESCOMPRESSIVA. NÃO TEM SERVIÇO DE HEMODINÂMICA","","","","","","","","","","","","","","","","","","","","",""
"CENTRO SUDOESTE","HUGO - GOIÂNIA","MÉDIA E ALTA COMPLEXIDADE","URGÊNCIA E EMERGÊNCIA ","UTI ADULTO","CIRURGIA VASCULAR/ANGIO","INTERNAÇÃO PRÓPRIA (COTA DIRETA)","HUGO: AVALIAÇÃO DA VASCULAR PARA DEFINIÇÃO DE CONDUTA, UNIDADE NÃO DISPÕE DE HEMODINÂMICA","","","","","","","","","","","","","","","","","","","","",""
"CENTRO SUDOESTE","HUGO - GOIÂNIA","MÉDIA E ALTA COMPLEXIDADE","URGÊNCIA E EMERGÊNCIA ","UTI ADULTO","CLÍNICA MÉDICA","INTERNAÇÃO PRÓPRIA (COTA DIRETA)","HUGO: SERVIÇO DE NEFROLOGIA E CARDIOLOGIA DISPONÍVEL","","","","","","","","","","","","","","","","","","","","",""
"CENTRO SUDOESTE","HUGO - GOIÂNIA","MÉDIA E ALTA COMPLEXIDADE","URGÊNCIA E EMERGÊNCIA ","UTI ADULTO","NEUROLOGIA","INTERNAÇÃO PRÓPRIA (COTA DIRETA)","","","","","","","","","","","","","","","","","","","","","",""
"NORDESTE","HUGO - GOIÂNIA","MÉDIA E ALTA COMPLEXIDADE","URGÊNCIA E EMERGÊNCIA ","UTI ADULTO","CIRURGIA BUCOMAXILOFACIAL","INTERNAÇÃO PRÓPRIA (COTA DIRETA)","","","","","","","","","","","","","","","","","","","","","",""
"NORDESTE","HUGO - GOIÂNIA","MÉDIA E ALTA COMPLEXIDADE","URGÊNCIA E EMERGÊNCIA ","ENFERMARIA ADULTO","OTORRINO","ENCAMINHAMENTO DE URGÊNCIA ","ABSCESSO AURICULAR/COLOBOMA INFECTADO, ABSCESSO NASAL, ABSCESSO PERIAMIGDALIANO, CELULITE FACIAL, CORPO ESTRANHO (NARIZ E OUVIDO) EPISTAXE NAO CONTROLADA COM TRATAMENTO CONVENCIONAL, FARINGOAMIGDALITES COMPLICADAS(COM ABSCESSO), MASTOIDITE E ABSCESSOS DE COMPLICAÇÕES DE OTITE MEDIA AGUDA, RINOSSINUSITE COMPLICADA (COM PRESENÇA DE CELULITE OU ABSCESSO) ,TRAUMAS NASAL E OTOLOGIA... OBS:SEG A SEXTA 07 AS 19HRS ENCAMINHAMENTO DE URGÊNCIA P/ AVALIAÇÃO DE URG, CHEGAR NA UNIDADE ATÉ AS17HRS, IDADE MINIMA 15 ANOS","","","","","","","","","","","","","","","","","","","","",""
"NORDESTE","HUGO - GOIÂNIA","MÉDIA E ALTA COMPLEXIDADE","URGÊNCIA E EMERGÊNCIA ","UTI ADULTO","CIRURGIA GERAL","INTERNAÇÃO PRÓPRIA (COTA DIRETA)","HUGO: FAB E FAF, ABDOME AGUDO, HDA COM E SEM REPERCUSSÃO HEMODINÂMICA.","","","","","","","","","","","","","","","","","","","","",""
"NORDESTE","HUGO - GOIÂNIA","MÉDIA E ALTA COMPLEXIDADE","URGÊNCIA E EMERGÊNCIA ","UTI ADULTO","CIRURGIA TORÁCICA","INTERNAÇÃO PRÓPRIA (COTA DIRETA)","","","","","","","","","","","","","","","","","","","","","",""
"NORDESTE","HUGO - GOIÂNIA","MÉDIA E ALTA COMPLEXIDADE","URGÊNCIA E EMERGÊNCIA ","UTI ADULTO","ORTOPEDIA E TRAUMATOLOGIA","INTERNAÇÃO PRÓPRIA (COTA DIRETA)","HUGO:  TODAS AS FRATURAS E LESÕES, POLITRAUMA, INCLUINDO EXPOSTA. REFERÊNCIA EM COLUNA","","","","","","","","","","","","","","","","","","","","",""
"NORDESTE","HUGO - GOIÂNIA","MÉDIA E ALTA COMPLEXIDADE","URGÊNCIA E EMERGÊNCIA ","UTI ADULTO","NEUROCIRURGIA","INTERNAÇÃO PRÓPRIA (COTA DIRETA)","HUGO: TCE, AVCH, HEMATOMA SUBARACNOIDE, HEMATOMA SUBDURAL, NEUROCIRURGIA DESCOMPRESSIVA. NÃO TEM SERVIÇO DE HEMODINÂMICA","","","","","","","","","","","","","","","","","","","","",""
"NORDESTE","HUGO - GOIÂNIA","MÉDIA E ALTA COMPLEXIDADE","URGÊNCIA E EMERGÊNCIA ","UTI ADULTO","CIRURGIA VASCULAR/ANGIO","INTERNAÇÃO PRÓPRIA (COTA DIRETA)","HUGO: AVALIAÇÃO DA VASCULAR PARA DEFINIÇÃO DE CONDUTA, UNIDADE NÃO DISPÕE DE HEMODINÂMICA","","","","","","","","","","","","","","","","","","","","",""
"NORDESTE","HUGO - GOIÂNIA","MÉDIA E ALTA COMPLEXIDADE","URGÊNCIA E EMERGÊNCIA ","UTI ADULTO","CLÍNICA MÉDICA","INTERNAÇÃO PRÓPRIA (COTA DIRETA)","","","","","","","","","","","","","","","","","","","","","",""
"NORDESTE","HUGO - GOIÂNIA","MÉDIA E ALTA COMPLEXIDADE","URGÊNCIA E EMERGÊNCIA ","UTI ADULTO","NEUROLOGIA","INTERNAÇÃO PRÓPRIA (COTA DIRETA)","","","","","","","","","","","","","","","","","","","","","",""
"NORDESTE","HUGO - GOIÂNIA","MÉDIA E ALTA COMPLEXIDADE","URGÊNCIA E EMERGÊNCIA ","UTI ADULTO","NEUROCIRURGIA","INTERNAÇÃO PRÓPRIA (COTA DIRETA)","HUGO: TCE, AVCH, HEMATOMA SUBARACNOIDE, HEMATOMA SUBDURAL, NEUROCIRURGIA DESCOMPRESSIVA. NÃO TEM SERVIÇO DE HEMODINÂMICA","","","","","","","","","","","","","","","","","","","","",""
"NORDESTE","HUGO - GOIÂNIA","MÉDIA E ALTA COMPLEXIDADE","URGÊNCIA E EMERGÊNCIA ","UTI ADULTO","CIRURGIA VASCULAR/ANGIO","INTERNAÇÃO PRÓPRIA (COTA DIRETA)","HUGO: AVALIAÇÃO DA VASCULAR PARA DEFINIÇÃO DE CONDUTA, UNIDADE NÃO DISPÕE DE HEMODINÂMICA","","","","","","","","","","","","","","","","","","","","",""
"NORDESTE","HUGO - GOIÂNIA","MÉDIA E ALTA COMPLEXIDADE","URGÊNCIA E EMERGÊNCIA ","UTI ADULTO","CLÍNICA MÉDICA","INTERNAÇÃO PRÓPRIA (COTA DIRETA)","","","","","","","","","","","","","","","","","","","","","",""
"NORDESTE","HUGO - GOIÂNIA","MÉDIA E ALTA COMPLEXIDADE","URGÊNCIA E EMERGÊNCIA ","UTI ADULTO","NEUROLOGIA","INTERNAÇÃO PRÓPRIA (COTA DIRETA)","","","","","","","","","","","","","","","","","","","","","",""
"CENTRO OESTE","HUGO - GOIÂNIA","MÉDIA E ALTA COMPLEXIDADE","URGÊNCIA E EMERGÊNCIA ","UTI ADULTO","CIRURGIA BUCOMAXILOFACIAL","INTERNAÇÃO PRÓPRIA (COTA DIRETA)","","","","","","","","","","","","","","","","","","","","","",""
"CENTRO OESTE","HUGO - GOIÂNIA","MÉDIA E ALTA COMPLEXIDADE","URGÊNCIA E EMERGÊNCIA ","UTI ADULTO","CIRURGIA GERAL","INTERNAÇÃO PRÓPRIA (COTA DIRETA)","HUGO: FAB E FAF, ABDOME AGUDO, HDA COM E SEM REPERCUSSÃO HEMODINÂMICA.","","","","","","","","","","","","","","","","","","","","",""
"CENTRO OESTE","HUGO - GOIÂNIA","MÉDIA E ALTA COMPLEXIDADE","URGÊNCIA E EMERGÊNCIA ","UTI ADULTO","CIRURGIA TORÁCICA","INTERNAÇÃO PRÓPRIA (COTA DIRETA)","","","","","","","","","","","","","","","","","","","","","",""
"CENTRO OESTE","HUGO - GOIÂNIA","MÉDIA E ALTA COMPLEXIDADE","URGÊNCIA E EMERGÊNCIA ","UTI ADULTO","ORTOPEDIA E TRAUMATOLOGIA","INTERNAÇÃO PRÓPRIA (COTA DIRETA)","HUGO:  TODAS AS FRATURAS E LESÕES, POLITRAUMA, INCLUINDO EXPOSTA. REFERÊNCIA EM COLUNA","","","","","","","","","","","","","","","","","","","","",""
"CENTRO OESTE","HUGO - GOIÂNIA","MÉDIA E ALTA COMPLEXIDADE","URGÊNCIA E EMERGÊNCIA ","UTI ADULTO","NEUROCIRURGIA","INTERNAÇÃO PRÓPRIA (COTA DIRETA)","HUGO: TCE, AVCH, HEMATOMA SUBARACNOIDE, HEMATOMA SUBDURAL, NEUROCIRURGIA DESCOMPRESSIVA. NÃO TEM SERVIÇO DE HEMODINÂMICA","","","","","","","","","","","","","","","","","","","","",""
"CENTRO OESTE","HUGO - GOIÂNIA","MÉDIA E ALTA COMPLEXIDADE","URGÊNCIA E EMERGÊNCIA ","UTI ADULTO","CIRURGIA VASCULAR/ANGIO","INTERNAÇÃO PRÓPRIA (COTA DIRETA)","HUGO: AVALIAÇÃO DA VASCULAR PARA DEFINIÇÃO DE CONDUTA, UNIDADE NÃO DISPÕE DE HEMODINÂMICA","","","","","","","","","","","","","","","","","","","","",""
"CENTRO OESTE","HUGO - GOIÂNIA","MÉDIA E ALTA COMPLEXIDADE","URGÊNCIA E EMERGÊNCIA ","UTI ADULTO","CLÍNICA MÉDICA","INTERNAÇÃO PRÓPRIA (COTA DIRETA)","","","","","","","","","","","","","","","","","","","","","",""
"CENTRO OESTE","HUGO - GOIÂNIA","MÉDIA E ALTA COMPLEXIDADE","URGÊNCIA E EMERGÊNCIA ","UTI ADULTO","NEUROLOGIA","INTERNAÇÃO PRÓPRIA (COTA DIRETA)","","","","","","","","","","","","","","","","","","","","","",""
"CENTRO NORTE","HUGO - GOIÂNIA","MÉDIA E ALTA COMPLEXIDADE","URGÊNCIA E EMERGÊNCIA ","UTI ADULTO","CIRURGIA BUCOMAXILOFACIAL","INTERNAÇÃO PRÓPRIA (COTA DIRETA)","","","","","","","","","","","","","","","","","","","","","",""
"CENTRO NORTE","HUGO - GOIÂNIA","MÉDIA E ALTA COMPLEXIDADE","URGÊNCIA E EMERGÊNCIA ","ENFERMARIA ADULTO","OTORRINO","ENCAMINHAMENTO DE URGÊNCIA ","ABSCESSO AURICULAR/COLOBOMA INFECTADO, ABSCESSO NASAL, ABSCESSO PERIAMIGDALIANO, CELULITE FACIAL, CORPO ESTRANHO (NARIZ E OUVIDO) EPISTAXE NAO CONTROLADA COM TRATAMENTO CONVENCIONAL, FARINGOAMIGDALITES COMPLICADAS(COM ABSCESSO), MASTOIDITE E ABSCESSOS DE COMPLICAÇÕES DE OTITE MEDIA AGUDA, RINOSSINUSITE COMPLICADA (COM PRESENÇA DE CELULITE OU ABSCESSO) ,TRAUMAS NASAL E OTOLOGIA... OBS:SEG A SEXTA 07 AS 19HRS ENCAMINHAMENTO DE URGÊNCIA P/ AVALIAÇÃO DE URG, CHEGAR NA UNIDADE ATÉ AS17HRS, IDADE MINIMA 15 ANOS","","","","","","","","","","","","","","","","","","","","",""
"CENTRO NORTE","HUGO - GOIÂNIA","MÉDIA E ALTA COMPLEXIDADE","URGÊNCIA E EMERGÊNCIA ","UTI ADULTO","CIRURGIA GERAL","INTERNAÇÃO PRÓPRIA (COTA DIRETA)","HUGO: FAB E FAF, ABDOME AGUDO, HDA COM E SEM REPERCUSSÃO HEMODINÂMICA.","","","","","","","","","","","","","","","","","","","","",""
"CENTRO NORTE","HUGO - GOIÂNIA","MÉDIA E ALTA COMPLEXIDADE","URGÊNCIA E EMERGÊNCIA ","UTI ADULTO","CIRURGIA TORÁCICA","INTERNAÇÃO PRÓPRIA (COTA DIRETA)","","","","","","","","","","","","","","","","","","","","","",""
"CENTRO NORTE","HUGO - GOIÂNIA","MÉDIA E ALTA COMPLEXIDADE","URGÊNCIA E EMERGÊNCIA ","UTI ADULTO","ORTOPEDIA E TRAUMATOLOGIA","INTERNAÇÃO PRÓPRIA (COTA DIRETA)","HUGO:  TODAS AS FRATURAS E LESÕES, POLITRAUMA, INCLUINDO EXPOSTA. REFERÊNCIA EM COLUNA","","","","","","","","","","","","","","","","","","","","",""
"CENTRO NORTE","HUGO - GOIÂNIA","MÉDIA E ALTA COMPLEXIDADE","URGÊNCIA E EMERGÊNCIA ","UTI ADULTO","NEUROCIRURGIA","INTERNAÇÃO PRÓPRIA (COTA DIRETA)","HUGO: TCE, AVCH, HEMATOMA SUBARACNOIDE, HEMATOMA SUBDURAL, NEUROCIRURGIA DESCOMPRESSIVA. NÃO TEM SERVIÇO DE HEMODINÂMICA","","","","","","","","","","","","","","","","","","","","",""
"CENTRO NORTE","HUGO - GOIÂNIA","MÉDIA E ALTA COMPLEXIDADE","URGÊNCIA E EMERGÊNCIA ","UTI ADULTO","CIRURGIA VASCULAR/ANGIO","INTERNAÇÃO PRÓPRIA (COTA DIRETA)","HUGO: AVALIAÇÃO DA VASCULAR PARA DEFINIÇÃO DE CONDUTA, UNIDADE NÃO DISPÕE DE HEMODINÂMICA","","","","","","","","","","","","","","","","","","","","",""
"CENTRO NORTE","HUGO - GOIÂNIA","MÉDIA E ALTA COMPLEXIDADE","URGÊNCIA E EMERGÊNCIA ","UTI ADULTO","CLÍNICA MÉDICA","INTERNAÇÃO PRÓPRIA (COTA DIRETA)","","","","","","","","","","","","","","","","","","","","","",""
"CENTRO NORTE","HUGO - GOIÂNIA","MÉDIA E ALTA COMPLEXIDADE","URGÊNCIA E EMERGÊNCIA ","UTI ADULTO","NEUROLOGIA","INTERNAÇÃO PRÓPRIA (COTA DIRETA)","","","","","","","","","","","","","","","","","","","","","",""
"CENTRO SUDESTE","HUGO - GOIÂNIA","MÉDIA E ALTA COMPLEXIDADE","URGÊNCIA E EMERGÊNCIA ","UTI ADULTO","CIRURGIA BUCOMAXILOFACIAL","INTERNAÇÃO PRÓPRIA (COTA DIRETA)","","","","","","","","","","","","","","","","","","","","","",""
"CENTRO SUDESTE","HUGO - GOIÂNIA","MÉDIA E ALTA COMPLEXIDADE","URGÊNCIA E EMERGÊNCIA ","UTI ADULTO","CIRURGIA GERAL","INTERNAÇÃO PRÓPRIA (COTA DIRETA)","HUGO: FAB E FAF, ABDOME AGUDO, HDA COM E SEM REPERCUSSÃO HEMODINÂMICA.","","","","","","","","","","","","","","","","","","","","",""
"CENTRO SUDESTE","HUGO - GOIÂNIA","MÉDIA E ALTA COMPLEXIDADE","URGÊNCIA E EMERGÊNCIA ","UTI ADULTO","CIRURGIA TORÁCICA","INTERNAÇÃO PRÓPRIA (COTA DIRETA)","","","","","","","","","","","","","","","","","","","","","",""
"CENTRO SUDESTE","HUGO - GOIÂNIA","MÉDIA E ALTA COMPLEXIDADE","URGÊNCIA E EMERGÊNCIA ","UTI ADULTO","ORTOPEDIA E TRAUMATOLOGIA","INTERNAÇÃO PRÓPRIA (COTA DIRETA)","HUGO:  TODAS AS FRATURAS E LESÕES, POLITRAUMA, INCLUINDO EXPOSTA. REFERÊNCIA EM COLUNA","","","","","","","","","","","","","","","","","","","","",""
"CENTRO SUDESTE","HUGO - GOIÂNIA","MÉDIA E ALTA COMPLEXIDADE","URGÊNCIA E EMERGÊNCIA ","UTI ADULTO","NEUROCIRURGIA","INTERNAÇÃO PRÓPRIA (COTA DIRETA)","HUGO: TCE, AVCH, HEMATOMA SUBARACNOIDE, HEMATOMA SUBDURAL, NEUROCIRURGIA DESCOMPRESSIVA. NÃO TEM SERVIÇO DE HEMODINÂMICA","","","","","","","","","","","","","","","","","","","","",""
"CENTRO SUDESTE","HUGO - GOIÂNIA","MÉDIA E ALTA COMPLEXIDADE","URGÊNCIA E EMERGÊNCIA ","UTI ADULTO","CIRURGIA VASCULAR/ANGIO","INTERNAÇÃO PRÓPRIA (COTA DIRETA)","HUGO: AVALIAÇÃO DA VASCULAR PARA DEFINIÇÃO DE CONDUTA, UNIDADE NÃO DISPÕE DE HEMODINÂMICA","","","","","","","","","","","","","","","","","","","","",""
"CENTRO SUDESTE","HUGO - GOIÂNIA","MÉDIA E ALTA COMPLEXIDADE","URGÊNCIA E EMERGÊNCIA ","UTI ADULTO","CLÍNICA MÉDICA","INTERNAÇÃO PRÓPRIA (COTA DIRETA)","","","","","","","","","","","","","","","","","","","","","",""
"CENTRO SUDESTE","HUGO - GOIÂNIA","MÉDIA E ALTA COMPLEXIDADE","URGÊNCIA E EMERGÊNCIA ","UTI ADULTO","NEUROLOGIA","INTERNAÇÃO PRÓPRIA (COTA DIRETA)","","","","","","","","","","","","","","","","","","","","","",""
"CENTRO SUDOESTE","HUGO - GOIÂNIA","MÉDIA E ALTA COMPLEXIDADE","URGÊNCIA E EMERGÊNCIA ","UTI ADULTO","CIRURGIA BUCOMAXILOFACIAL","INTERNAÇÃO PRÓPRIA (COTA DIRETA)","","","","","","","","","","","","","","","","","","","","","",""
"CENTRO SUDOESTE","HUGO - GOIÂNIA","MÉDIA E ALTA COMPLEXIDADE","URGÊNCIA E EMERGÊNCIA ","UTI ADULTO","CIRURGIA GERAL","INTERNAÇÃO PRÓPRIA (COTA DIRETA)","HUGO: FAB E FAF, ABDOME AGUDO, HDA COM E SEM REPERCUSSÃO HEMODINÂMICA.","","","","","","","","","","","","","","","","","","","","",""
"CENTRO SUDOESTE","HUGO - GOIÂNIA","MÉDIA E ALTA COMPLEXIDADE","URGÊNCIA E EMERGÊNCIA ","UTI ADULTO","CIRURGIA TORÁCICA","INTERNAÇÃO PRÓPRIA (COTA DIRETA)","","","","","","","","","","","","","","","","","","","","","",""
"CENTRO SUDOESTE","HUGO - GOIÂNIA","MÉDIA E ALTA COMPLEXIDADE","URGÊNCIA E EMERGÊNCIA ","UTI ADULTO","ORTOPEDIA E TRAUMATOLOGIA","INTERNAÇÃO PRÓPRIA (COTA DIRETA)","HUGO:  TODAS AS FRATURAS E LESÕES, POLITRAUMA, INCLUINDO EXPOSTA. REFERÊNCIA EM COLUNA","","","","","","","","","","","","","","","","","","","","",""
"CENTRO SUDOESTE","HUGO - GOIÂNIA","MÉDIA E ALTA COMPLEXIDADE","URGÊNCIA E EMERGÊNCIA ","UTI ADULTO","NEUROCIRURGIA","INTERNAÇÃO PRÓPRIA (COTA DIRETA)","HUGO: TCE, AVCH, HEMATOMA SUBARACNOIDE, HEMATOMA SUBDURAL, NEUROCIRURGIA DESCOMPRESSIVA. NÃO TEM SERVIÇO DE HEMODINÂMICA","","","","","","","","","","","","","","","","","","","","",""
"CENTRO SUDOESTE","HUGO - GOIÂNIA","MÉDIA E ALTA COMPLEXIDADE","URGÊNCIA E EMERGÊNCIA ","UTI ADULTO","CIRURGIA VASCULAR/ANGIO","INTERNAÇÃO PRÓPRIA (COTA DIRETA)","HUGO: AVALIAÇÃO DA VASCULAR PARA DEFINIÇÃO DE CONDUTA, UNIDADE NÃO DISPÕE DE HEMODINÂMICA","","","","","","","","","","","","","","","","","","","","",""
"CENTRO SUDOESTE","HUGO - GOIÂNIA","MÉDIA E ALTA COMPLEXIDADE","URGÊNCIA E EMERGÊNCIA ","UTI ADULTO","CLÍNICA MÉDICA","INTERNAÇÃO PRÓPRIA (COTA DIRETA)","","","","","","","","","","","","","","","","","","","","","",""
"CENTRO SUDOESTE","HUGO - GOIÂNIA","MÉDIA E ALTA COMPLEXIDADE","URGÊNCIA E EMERGÊNCIA ","UTI ADULTO","NEUROLOGIA","INTERNAÇÃO PRÓPRIA (COTA DIRETA)","","","","","","","","","","","","","","","","","","","","","",""
"NORDESTE","HUGO - GOIÂNIA","MÉDIA E ALTA COMPLEXIDADE","URGÊNCIA E EMERGÊNCIA ","UTI ADULTO","CIRURGIA BUCOMAXILOFACIAL","INTERNAÇÃO PRÓPRIA (COTA DIRETA)","","","","","","","","","","","","","","","","","","","","","",""
"NORDESTE","HUGO - GOIÂNIA","MÉDIA E ALTA COMPLEXIDADE","URGÊNCIA E EMERGÊNCIA ","UTI ADULTO","CIRURGIA GERAL","INTERNAÇÃO PRÓPRIA (COTA DIRETA)","HUGO: FAB E FAF, ABDOME AGUDO, HDA COM E SEM REPERCUSSÃO HEMODINÂMICA.","","","","","","","","","","","","","","","","","","","","",""
"NORDESTE","HUGO - GOIÂNIA","MÉDIA E ALTA COMPLEXIDADE","URGÊNCIA E EMERGÊNCIA ","UTI ADULTO","CIRURGIA TORÁCICA","INTERNAÇÃO PRÓPRIA (COTA DIRETA)","","","","","","","","","","","","","","","","","","","","","",""
"NORDESTE","HUGO - GOIÂNIA","MÉDIA E ALTA COMPLEXIDADE","URGÊNCIA E EMERGÊNCIA ","UTI ADULTO","ORTOPEDIA E TRAUMATOLOGIA","INTERNAÇÃO PRÓPRIA (COTA DIRETA)","HUGO:  TODAS AS FRATURAS E LESÕES, POLITRAUMA, INCLUINDO EXPOSTA. REFERÊNCIA EM COLUNA","","","","","","","","","","","","","","","","","","","","",""
"NORDESTE","HUGO - GOIÂNIA","MÉDIA E ALTA COMPLEXIDADE","URGÊNCIA E EMERGÊNCIA ","UTI ADULTO","NEUROCIRURGIA","INTERNAÇÃO PRÓPRIA (COTA DIRETA)","HUGO: TCE, AVCH, HEMATOMA SUBARACNOIDE, HEMATOMA SUBDURAL, NEUROCIRURGIA DESCOMPRESSIVA. NÃO TEM SERVIÇO DE HEMODINÂMICA","","","","","","","","","","","","","","","","","","","","",""
"NORDESTE","HUGO - GOIÂNIA","MÉDIA E ALTA COMPLEXIDADE","URGÊNCIA E EMERGÊNCIA ","UTI ADULTO","CIRURGIA VASCULAR/ANGIO","INTERNAÇÃO PRÓPRIA (COTA DIRETA)","HUGO: AVALIAÇÃO DA VASCULAR PARA DEFINIÇÃO DE CONDUTA, UNIDADE NÃO DISPÕE DE HEMODINÂMICA","","","","","","","","","","","","","","","","","","","","",""
"NORDESTE","HUGO - GOIÂNIA","MÉDIA E ALTA COMPLEXIDADE","URGÊNCIA E EMERGÊNCIA ","UTI ADULTO","CLÍNICA MÉDICA","INTERNAÇÃO PRÓPRIA (COTA DIRETA)","","","","","","","","","","","","","","","","","","","","","",""
"NORDESTE","HUGO - GOIÂNIA","MÉDIA E ALTA COMPLEXIDADE","URGÊNCIA E EMERGÊNCIA ","UTI ADULTO","NEUROLOGIA","INTERNAÇÃO PRÓPRIA (COTA DIRETA)","","","","","","","","","","","","","","","","","","","","","",""
"NORDESTE","HUGO - GOIÂNIA","MÉDIA E ALTA COMPLEXIDADE","URGÊNCIA E EMERGÊNCIA ","UTI ADULTO","NEUROCIRURGIA","INTERNAÇÃO PRÓPRIA (COTA DIRETA)","HUGO: TCE, AVCH, HEMATOMA SUBARACNOIDE, HEMATOMA SUBDURAL, NEUROCIRURGIA DESCOMPRESSIVA. NÃO TEM SERVIÇO DE HEMODINÂMICA","","","","","","","","","","","","","","","","","","","","",""
"NORDESTE","HUGO - GOIÂNIA","MÉDIA E ALTA COMPLEXIDADE","URGÊNCIA E EMERGÊNCIA ","UTI ADULTO","CIRURGIA VASCULAR/ANGIO","INTERNAÇÃO PRÓPRIA (COTA DIRETA)","HUGO: AVALIAÇÃO DA VASCULAR PARA DEFINIÇÃO DE CONDUTA, UNIDADE NÃO DISPÕE DE HEMODINÂMICA","","","","","","","","","","","","","","","","","","","","",""
"NORDESTE","HUGO - GOIÂNIA","MÉDIA E ALTA COMPLEXIDADE","URGÊNCIA E EMERGÊNCIA ","UTI ADULTO","CLÍNICA MÉDICA","INTERNAÇÃO PRÓPRIA (COTA DIRETA)","","","","","","","","","","","","","","","","","","","","","",""
"NORDESTE","HUGO - GOIÂNIA","MÉDIA E ALTA COMPLEXIDADE","URGÊNCIA E EMERGÊNCIA ","UTI ADULTO","NEUROLOGIA","INTERNAÇÃO PRÓPRIA (COTA DIRETA)","","","","","","","","","","","","","","","","","","","","","",""
"CENTRO OESTE","HUGO - GOIÂNIA","MÉDIA E ALTA COMPLEXIDADE","URGÊNCIA E EMERGÊNCIA ","ENFERMARIA ADULTO","CIRURGIA BUCOMAXILOFACIAL","INTERNAÇÃO PRÓPRIA (COTA DIRETA)","","","","","","","","","","","","","","","","","","","","","",""
"CENTRO OESTE","HUGO - GOIÂNIA","MÉDIA E ALTA COMPLEXIDADE","URGÊNCIA E EMERGÊNCIA ","ENFERMARIA ADULTO","CIRURGIA GERAL","INTERNAÇÃO PRÓPRIA (COTA DIRETA)","HUGO: FAB E FAF, ABDOME AGUDO, HDA COM E SEM REPERCUSSÃO HEMODINÂMICA.","","","","","","","","","","","","","","","","","","","","",""
"CENTRO OESTE","HUGO - GOIÂNIA","MÉDIA E ALTA COMPLEXIDADE","URGÊNCIA E EMERGÊNCIA ","ENFERMARIA ADULTO","CIRURGIA TORÁCICA","INTERNAÇÃO PRÓPRIA (COTA DIRETA)","","","","","","","","","","","","","","","","","","","","","",""
"CENTRO OESTE","HUGO - GOIÂNIA","MÉDIA E ALTA COMPLEXIDADE","URGÊNCIA E EMERGÊNCIA ","ENFERMARIA ADULTO","ORTOPEDIA E TRAUMATOLOGIA","INTERNAÇÃO PRÓPRIA (COTA DIRETA)","HUGO:  TODAS AS FRATURAS E LESÕES, POLITRAUMA, INCLUINDO EXPOSTA. REFERÊNCIA EM COLUNA","","","","","","","","","","","","","","","","","","","","",""
"CENTRO OESTE","HUGO - GOIÂNIA","MÉDIA E ALTA COMPLEXIDADE","URGÊNCIA E EMERGÊNCIA ","ENFERMARIA ADULTO","NEUROCIRURGIA","INTERNAÇÃO PRÓPRIA (COTA DIRETA)","HUGO: TCE, AVCH, HEMATOMA SUBARACNOIDE, HEMATOMA SUBDURAL, NEUROCIRURGIA DESCOMPRESSIVA. NÃO TEM SERVIÇO DE HEMODINÂMICA","","","","","","","","","","","","","","","","","","","","",""
"CENTRO OESTE","HUGO - GOIÂNIA","MÉDIA E ALTA COMPLEXIDADE","URGÊNCIA E EMERGÊNCIA ","ENFERMARIA ADULTO","CIRURGIA VASCULAR/ANGIO","INTERNAÇÃO PRÓPRIA (COTA DIRETA)","HUGO: AVALIAÇÃO DA VASCULAR PARA DEFINIÇÃO DE CONDUTA, UNIDADE NÃO DISPÕE DE HEMODINÂMICA","","","","","","","","","","","","","","","","","","","","",""
"CENTRO OESTE","HUGO - GOIÂNIA","MÉDIA E ALTA COMPLEXIDADE","URGÊNCIA E EMERGÊNCIA ","ENFERMARIA ADULTO","CLÍNICA MÉDICA","INTERNAÇÃO PRÓPRIA (COTA DIRETA)","","","","","","","","","","","","","","","","","","","","","",""
"CENTRO OESTE","HUGO - GOIÂNIA","MÉDIA E ALTA COMPLEXIDADE","URGÊNCIA E EMERGÊNCIA ","ENFERMARIA ADULTO","NEUROLOGIA","INTERNAÇÃO PRÓPRIA (COTA DIRETA)","","","","","","","","","","","","","","","","","","","","","",""
"CENTRO NORTE","HUGO - GOIÂNIA","MÉDIA E ALTA COMPLEXIDADE","URGÊNCIA E EMERGÊNCIA ","ENFERMARIA ADULTO","CIRURGIA BUCOMAXILOFACIAL","INTERNAÇÃO PRÓPRIA (COTA DIRETA)","","","","","","","","","","","","","","","","","","","","","",""
"CENTRO NORTE","HUGO - GOIÂNIA","MÉDIA E ALTA COMPLEXIDADE","URGÊNCIA E EMERGÊNCIA ","ENFERMARIA ADULTO","CIRURGIA GERAL","INTERNAÇÃO PRÓPRIA (COTA DIRETA)","HUGO: FAB E FAF, ABDOME AGUDO, HDA COM E SEM REPERCUSSÃO HEMODINÂMICA.","","","","","","","","","","","","","","","","","","","","",""
"CENTRO NORTE","HUGO - GOIÂNIA","MÉDIA E ALTA COMPLEXIDADE","URGÊNCIA E EMERGÊNCIA ","ENFERMARIA ADULTO","CIRURGIA TORÁCICA","INTERNAÇÃO PRÓPRIA (COTA DIRETA)","","","","","","","","","","","","","","","","","","","","","",""
"CENTRO NORTE","HUGO - GOIÂNIA","MÉDIA E ALTA COMPLEXIDADE","URGÊNCIA E EMERGÊNCIA ","ENFERMARIA ADULTO","ORTOPEDIA E TRAUMATOLOGIA","INTERNAÇÃO PRÓPRIA (COTA DIRETA)","HUGO:  TODAS AS FRATURAS E LESÕES, POLITRAUMA, INCLUINDO EXPOSTA. REFERÊNCIA EM COLUNA","","","","","","","","","","","","","","","","","","","","",""
"CENTRO NORTE","HUGO - GOIÂNIA","MÉDIA E ALTA COMPLEXIDADE","URGÊNCIA E EMERGÊNCIA ","ENFERMARIA ADULTO","NEUROCIRURGIA","INTERNAÇÃO PRÓPRIA (COTA DIRETA)","HUGO: TCE, AVCH, HEMATOMA SUBARACNOIDE, HEMATOMA SUBDURAL, NEUROCIRURGIA DESCOMPRESSIVA. NÃO TEM SERVIÇO DE HEMODINÂMICA","","","","","","","","","","","","","","","","","","","","",""
"CENTRO NORTE","HUGO - GOIÂNIA","MÉDIA E ALTA COMPLEXIDADE","URGÊNCIA E EMERGÊNCIA ","ENFERMARIA ADULTO","CIRURGIA VASCULAR/ANGIO","INTERNAÇÃO PRÓPRIA (COTA DIRETA)","HUGO: AVALIAÇÃO DA VASCULAR PARA DEFINIÇÃO DE CONDUTA, UNIDADE NÃO DISPÕE DE HEMODINÂMICA","","","","","","","","","","","","","","","","","","","","",""
"CENTRO NORTE","HUGO - GOIÂNIA","MÉDIA E ALTA COMPLEXIDADE","URGÊNCIA E EMERGÊNCIA ","ENFERMARIA ADULTO","CLÍNICA MÉDICA","INTERNAÇÃO PRÓPRIA (COTA DIRETA)","","","","","","","","","","","","","","","","","","","","","",""
"CENTRO NORTE","HUGO - GOIÂNIA","MÉDIA E ALTA COMPLEXIDADE","URGÊNCIA E EMERGÊNCIA ","ENFERMARIA ADULTO","NEUROLOGIA","INTERNAÇÃO PRÓPRIA (COTA DIRETA)","","","","","","","","","","","","","","","","","","","","","",""
"CENTRO SUDESTE","HUGO - GOIÂNIA","MÉDIA E ALTA COMPLEXIDADE","URGÊNCIA E EMERGÊNCIA ","ENFERMARIA ADULTO","CIRURGIA BUCOMAXILOFACIAL","INTERNAÇÃO PRÓPRIA (COTA DIRETA)","","","","","","","","","","","","","","","","","","","","","",""
"CENTRO SUDESTE","HUGO - GOIÂNIA","MÉDIA E ALTA COMPLEXIDADE","URGÊNCIA E EMERGÊNCIA ","ENFERMARIA ADULTO","CIRURGIA GERAL","INTERNAÇÃO PRÓPRIA (COTA DIRETA)","HUGO: FAB E FAF, ABDOME AGUDO, HDA COM E SEM REPERCUSSÃO HEMODINÂMICA.","","","","","","","","","","","","","","","","","","","","",""
"CENTRO SUDESTE","HUGO - GOIÂNIA","MÉDIA E ALTA COMPLEXIDADE","URGÊNCIA E EMERGÊNCIA ","ENFERMARIA ADULTO","CIRURGIA TORÁCICA","INTERNAÇÃO PRÓPRIA (COTA DIRETA)","","","","","","","","","","","","","","","","","","","","","",""
"CENTRO SUDESTE","HUGO - GOIÂNIA","MÉDIA E ALTA COMPLEXIDADE","URGÊNCIA E EMERGÊNCIA ","ENFERMARIA ADULTO","ORTOPEDIA E TRAUMATOLOGIA","INTERNAÇÃO PRÓPRIA (COTA DIRETA)","HUGO:  TODAS AS FRATURAS E LESÕES, POLITRAUMA, INCLUINDO EXPOSTA. REFERÊNCIA EM COLUNA","","","","","","","","","","","","","","","","","","","","",""
"CENTRO SUDESTE","HUGO - GOIÂNIA","MÉDIA E ALTA COMPLEXIDADE","URGÊNCIA E EMERGÊNCIA ","ENFERMARIA ADULTO","NEUROCIRURGIA","INTERNAÇÃO PRÓPRIA (COTA DIRETA)","HUGO: TCE, AVCH, HEMATOMA SUBARACNOIDE, HEMATOMA SUBDURAL, NEUROCIRURGIA DESCOMPRESSIVA. NÃO TEM SERVIÇO DE HEMODINÂMICA","","","","","","","","","","","","","","","","","","","","",""
"CENTRO SUDESTE","HUGO - GOIÂNIA","MÉDIA E ALTA COMPLEXIDADE","URGÊNCIA E EMERGÊNCIA ","ENFERMARIA ADULTO","CIRURGIA VASCULAR/ANGIO","INTERNAÇÃO PRÓPRIA (COTA DIRETA)","HUGO: AVALIAÇÃO DA VASCULAR PARA DEFINIÇÃO DE CONDUTA, UNIDADE NÃO DISPÕE DE HEMODINÂMICA","","","","","","","","","","","","","","","","","","","","",""
"CENTRO SUDESTE","HUGO - GOIÂNIA","MÉDIA E ALTA COMPLEXIDADE","URGÊNCIA E EMERGÊNCIA ","ENFERMARIA ADULTO","CLÍNICA MÉDICA","INTERNAÇÃO PRÓPRIA (COTA DIRETA)","","","","","","","","","","","","","","","","","","","","","",""
"CENTRO SUDESTE","HUGO - GOIÂNIA","MÉDIA E ALTA COMPLEXIDADE","URGÊNCIA E EMERGÊNCIA ","ENFERMARIA ADULTO","NEUROLOGIA","INTERNAÇÃO PRÓPRIA (COTA DIRETA)","","","","","","","","","","","","","","","","","","","","","",""
"CENTRO SUDOESTE","HUGO - GOIÂNIA","MÉDIA E ALTA COMPLEXIDADE","URGÊNCIA E EMERGÊNCIA ","ENFERMARIA ADULTO","CIRURGIA BUCOMAXILOFACIAL","INTERNAÇÃO PRÓPRIA (COTA DIRETA)","","","","","","","","","","","","","","","","","","","","","",""
"CENTRO SUDOESTE","HUGO - GOIÂNIA","MÉDIA E ALTA COMPLEXIDADE","URGÊNCIA E EMERGÊNCIA ","ENFERMARIA ADULTO","CIRURGIA GERAL","INTERNAÇÃO PRÓPRIA (COTA DIRETA)","HUGO: FAB E FAF, ABDOME AGUDO, HDA COM E SEM REPERCUSSÃO HEMODINÂMICA.","","","","","","","","","","","","","","","","","","","","",""
"CENTRO SUDOESTE","HUGO - GOIÂNIA","MÉDIA E ALTA COMPLEXIDADE","URGÊNCIA E EMERGÊNCIA ","ENFERMARIA ADULTO","CIRURGIA TORÁCICA","INTERNAÇÃO PRÓPRIA (COTA DIRETA)","","","","","","","","","","","","","","","","","","","","","",""
"CENTRO SUDOESTE","HUGO - GOIÂNIA","MÉDIA E ALTA COMPLEXIDADE","URGÊNCIA E EMERGÊNCIA ","ENFERMARIA ADULTO","ORTOPEDIA E TRAUMATOLOGIA","INTERNAÇÃO PRÓPRIA (COTA DIRETA)","HUGO:  TODAS AS FRATURAS E LESÕES, POLITRAUMA, INCLUINDO EXPOSTA. REFERÊNCIA EM COLUNA","","","","","","","","","","","","","","","","","","","","",""
"CENTRO SUDOESTE","HUGO - GOIÂNIA","MÉDIA E ALTA COMPLEXIDADE","URGÊNCIA E EMERGÊNCIA ","ENFERMARIA ADULTO","NEUROCIRURGIA","INTERNAÇÃO PRÓPRIA (COTA DIRETA)","HUGO: TCE, AVCH, HEMATOMA SUBARACNOIDE, HEMATOMA SUBDURAL, NEUROCIRURGIA DESCOMPRESSIVA. NÃO TEM SERVIÇO DE HEMODINÂMICA","","","","","","","","","","","","","","","","","","","","",""
"CENTRO SUDOESTE","HUGO - GOIÂNIA","MÉDIA E ALTA COMPLEXIDADE","URGÊNCIA E EMERGÊNCIA ","ENFERMARIA ADULTO","CIRURGIA VASCULAR/ANGIO","INTERNAÇÃO PRÓPRIA (COTA DIRETA)","HUGO: AVALIAÇÃO DA VASCULAR PARA DEFINIÇÃO DE CONDUTA, UNIDADE NÃO DISPÕE DE HEMODINÂMICA","","","","","","","","","","","","","","","","","","","","",""
"CENTRO SUDOESTE","HUGO - GOIÂNIA","MÉDIA E ALTA COMPLEXIDADE","URGÊNCIA E EMERGÊNCIA ","ENFERMARIA ADULTO","CLÍNICA MÉDICA","INTERNAÇÃO PRÓPRIA (COTA DIRETA)","","","","","","","","","","","","","","","","","","","","","",""
"CENTRO SUDOESTE","HUGO - GOIÂNIA","MÉDIA E ALTA COMPLEXIDADE","URGÊNCIA E EMERGÊNCIA ","ENFERMARIA ADULTO","NEUROLOGIA","INTERNAÇÃO PRÓPRIA (COTA DIRETA)","","","","","","","","","","","","","","","","","","","","","",""
"NORDESTE","HUGO - GOIÂNIA","MÉDIA E ALTA COMPLEXIDADE","URGÊNCIA E EMERGÊNCIA ","ENFERMARIA ADULTO","CIRURGIA BUCOMAXILOFACIAL","INTERNAÇÃO PRÓPRIA (COTA DIRETA)","","","","","","","","","","","","","","","","","","","","","",""
"NORDESTE","HUGO - GOIÂNIA","MÉDIA E ALTA COMPLEXIDADE","URGÊNCIA E EMERGÊNCIA ","ENFERMARIA ADULTO","CIRURGIA GERAL","INTERNAÇÃO PRÓPRIA (COTA DIRETA)","HUGO: FAB E FAF, ABDOME AGUDO, HDA COM E SEM REPERCUSSÃO HEMODINÂMICA.","","","","","","","","","","","","","","","","","","","","",""
"NORDESTE","HUGO - GOIÂNIA","MÉDIA E ALTA COMPLEXIDADE","URGÊNCIA E EMERGÊNCIA ","ENFERMARIA ADULTO","CIRURGIA TORÁCICA","INTERNAÇÃO PRÓPRIA (COTA DIRETA)","","","","","","","","","","","","","","","","","","","","","",""
"NORDESTE","HUGO - GOIÂNIA","MÉDIA E ALTA COMPLEXIDADE","URGÊNCIA E EMERGÊNCIA ","ENFERMARIA ADULTO","ORTOPEDIA E TRAUMATOLOGIA","INTERNAÇÃO PRÓPRIA (COTA DIRETA)","HUGO:  TODAS AS FRATURAS E LESÕES, POLITRAUMA, INCLUINDO EXPOSTA. REFERÊNCIA EM COLUNA","","","","","","","","","","","","","","","","","","","","",""
"NORDESTE","HUGO - GOIÂNIA","MÉDIA E ALTA COMPLEXIDADE","URGÊNCIA E EMERGÊNCIA ","ENFERMARIA ADULTO","NEUROCIRURGIA","INTERNAÇÃO PRÓPRIA (COTA DIRETA)","HUGO: TCE, AVCH, HEMATOMA SUBARACNOIDE, HEMATOMA SUBDURAL, NEUROCIRURGIA DESCOMPRESSIVA. NÃO TEM SERVIÇO DE HEMODINÂMICA","","","","","","","","","","","","","","","","","","","","",""
"NORDESTE","HUGO - GOIÂNIA","MÉDIA E ALTA COMPLEXIDADE","URGÊNCIA E EMERGÊNCIA ","ENFERMARIA ADULTO","CIRURGIA VASCULAR/ANGIO","INTERNAÇÃO PRÓPRIA (COTA DIRETA)","HUGO: AVALIAÇÃO DA VASCULAR PARA DEFINIÇÃO DE CONDUTA, UNIDADE NÃO DISPÕE DE HEMODINÂMICA","","","","","","","","","","","","","","","","","","","","",""
"NORDESTE","HUGO - GOIÂNIA","MÉDIA E ALTA COMPLEXIDADE","URGÊNCIA E EMERGÊNCIA ","ENFERMARIA ADULTO","CLÍNICA MÉDICA","INTERNAÇÃO PRÓPRIA (COTA DIRETA)","","","","","","","","","","","","","","","","","","","","","",""
"NORDESTE","HUGO - GOIÂNIA","MÉDIA E ALTA COMPLEXIDADE","URGÊNCIA E EMERGÊNCIA ","ENFERMARIA ADULTO","NEUROLOGIA","INTERNAÇÃO PRÓPRIA (COTA DIRETA)","","","","","","","","","","","","","","","","","","","","","",""
"NORDESTE","HUGO - GOIÂNIA","MÉDIA E ALTA COMPLEXIDADE","URGÊNCIA E EMERGÊNCIA ","ENFERMARIA ADULTO","NEUROCIRURGIA","INTERNAÇÃO PRÓPRIA (COTA DIRETA)","HUGO: TCE, AVCH, HEMATOMA SUBARACNOIDE, HEMATOMA SUBDURAL, NEUROCIRURGIA DESCOMPRESSIVA. NÃO TEM SERVIÇO DE HEMODINÂMICA","","","","","","","","","","","","","","","","","","","","",""
"NORDESTE","HUGO - GOIÂNIA","MÉDIA E ALTA COMPLEXIDADE","URGÊNCIA E EMERGÊNCIA ","ENFERMARIA ADULTO","CIRURGIA VASCULAR/ANGIO","INTERNAÇÃO PRÓPRIA (COTA DIRETA)","HUGO: AVALIAÇÃO DA VASCULAR PARA DEFINIÇÃO DE CONDUTA, UNIDADE NÃO DISPÕE DE HEMODINÂMICA","","","","","","","","","","","","","","","","","","","","",""
"NORDESTE","HUGO - GOIÂNIA","MÉDIA E ALTA COMPLEXIDADE","URGÊNCIA E EMERGÊNCIA ","ENFERMARIA ADULTO","CLÍNICA MÉDICA","INTERNAÇÃO PRÓPRIA (COTA DIRETA)","","","","","","","","","","","","","","","","","","","","","",""
"NORDESTE","HUGO - GOIÂNIA","MÉDIA E ALTA COMPLEXIDADE","URGÊNCIA E EMERGÊNCIA ","ENFERMARIA ADULTO","NEUROLOGIA","INTERNAÇÃO PRÓPRIA (COTA DIRETA)","","","","","","","","","","","","","","","","","","","","","",""
"CENTRO OESTE","HUGO - GOIÂNIA","MÉDIA E ALTA COMPLEXIDADE","URGÊNCIA E EMERGÊNCIA ","ENFERMARIA ADULTO","CIRURGIA BUCOMAXILOFACIAL","INTERNAÇÃO PRÓPRIA (COTA DIRETA)","","","","","","","","","","","","","","","","","","","","","",""
"CENTRO OESTE","HUGO - GOIÂNIA","MÉDIA E ALTA COMPLEXIDADE","URGÊNCIA E EMERGÊNCIA ","ENFERMARIA ADULTO","CIRURGIA GERAL","INTERNAÇÃO PRÓPRIA (COTA DIRETA)","HUGO: FAB E FAF, ABDOME AGUDO, HDA COM E SEM REPERCUSSÃO HEMODINÂMICA.","","","","","","","","","","","","","","","","","","","","",""
"CENTRO OESTE","HUGO - GOIÂNIA","MÉDIA E ALTA COMPLEXIDADE","URGÊNCIA E EMERGÊNCIA ","ENFERMARIA ADULTO","CIRURGIA TORÁCICA","INTERNAÇÃO PRÓPRIA (COTA DIRETA)","","","","","","","","","","","","","","","","","","","","","",""
"CENTRO OESTE","HUGO - GOIÂNIA","MÉDIA E ALTA COMPLEXIDADE","URGÊNCIA E EMERGÊNCIA ","ENFERMARIA ADULTO","ORTOPEDIA E TRAUMATOLOGIA","INTERNAÇÃO PRÓPRIA (COTA DIRETA)","HUGO:  TODAS AS FRATURAS E LESÕES, POLITRAUMA, INCLUINDO EXPOSTA. REFERÊNCIA EM COLUNA","","","","","","","","","","","","","","","","","","","","",""
"CENTRO OESTE","HUGO - GOIÂNIA","MÉDIA E ALTA COMPLEXIDADE","URGÊNCIA E EMERGÊNCIA ","ENFERMARIA ADULTO","NEUROCIRURGIA","INTERNAÇÃO PRÓPRIA (COTA DIRETA)","HUGO: TCE, AVCH, HEMATOMA SUBARACNOIDE, HEMATOMA SUBDURAL, NEUROCIRURGIA DESCOMPRESSIVA. NÃO TEM SERVIÇO DE HEMODINÂMICA","","","","","","","","","","","","","","","","","","","","",""
"CENTRO OESTE","HUGO - GOIÂNIA","MÉDIA E ALTA COMPLEXIDADE","URGÊNCIA E EMERGÊNCIA ","ENFERMARIA ADULTO","CIRURGIA VASCULAR/ANGIO","INTERNAÇÃO PRÓPRIA (COTA DIRETA)","HUGO: AVALIAÇÃO DA VASCULAR PARA DEFINIÇÃO DE CONDUTA, UNIDADE NÃO DISPÕE DE HEMODINÂMICA","","","","","","","","","","","","","","","","","","","","",""
"CENTRO OESTE","HUGO - GOIÂNIA","MÉDIA E ALTA COMPLEXIDADE","URGÊNCIA E EMERGÊNCIA ","ENFERMARIA ADULTO","CLÍNICA MÉDICA","INTERNAÇÃO PRÓPRIA (COTA DIRETA)","","","","","","","","","","","","","","","","","","","","","",""
"CENTRO OESTE","HUGO - GOIÂNIA","MÉDIA E ALTA COMPLEXIDADE","URGÊNCIA E EMERGÊNCIA ","ENFERMARIA ADULTO","NEUROLOGIA","INTERNAÇÃO PRÓPRIA (COTA DIRETA)","","","","","","","","","","","","","","","","","","","","","",""
"CENTRO NORTE","HUGO - GOIÂNIA","MÉDIA E ALTA COMPLEXIDADE","URGÊNCIA E EMERGÊNCIA ","ENFERMARIA ADULTO","CIRURGIA BUCOMAXILOFACIAL","INTERNAÇÃO PRÓPRIA (COTA DIRETA)","","","","","","","","","","","","","","","","","","","","","",""
"CENTRO NORTE","HUGO - GOIÂNIA","MÉDIA E ALTA COMPLEXIDADE","URGÊNCIA E EMERGÊNCIA ","ENFERMARIA ADULTO","CIRURGIA GERAL","INTERNAÇÃO PRÓPRIA (COTA DIRETA)","HUGO: FAB E FAF, ABDOME AGUDO, HDA COM E SEM REPERCUSSÃO HEMODINÂMICA.","","","","","","","","","","","","","","","","","","","","",""
"CENTRO NORTE","HUGO - GOIÂNIA","MÉDIA E ALTA COMPLEXIDADE","URGÊNCIA E EMERGÊNCIA ","ENFERMARIA ADULTO","CIRURGIA TORÁCICA","INTERNAÇÃO PRÓPRIA (COTA DIRETA)","","","","","","","","","","","","","","","","","","","","","",""
"CENTRO NORTE","HUGO - GOIÂNIA","MÉDIA E ALTA COMPLEXIDADE","URGÊNCIA E EMERGÊNCIA ","ENFERMARIA ADULTO","ORTOPEDIA E TRAUMATOLOGIA","INTERNAÇÃO PRÓPRIA (COTA DIRETA)","HUGO:  TODAS AS FRATURAS E LESÕES, POLITRAUMA, INCLUINDO EXPOSTA. REFERÊNCIA EM COLUNA","","","","","","","","","","","","","","","","","","","","",""
"CENTRO NORTE","HUGO - GOIÂNIA","MÉDIA E ALTA COMPLEXIDADE","URGÊNCIA E EMERGÊNCIA ","ENFERMARIA ADULTO","NEUROCIRURGIA","INTERNAÇÃO PRÓPRIA (COTA DIRETA)","HUGO: TCE, AVCH, HEMATOMA SUBARACNOIDE, HEMATOMA SUBDURAL, NEUROCIRURGIA DESCOMPRESSIVA. NÃO TEM SERVIÇO DE HEMODINÂMICA","","","","","","","","","","","","","","","","","","","","",""
"CENTRO NORTE","HUGO - GOIÂNIA","MÉDIA E ALTA COMPLEXIDADE","URGÊNCIA E EMERGÊNCIA ","ENFERMARIA ADULTO","CIRURGIA VASCULAR/ANGIO","INTERNAÇÃO PRÓPRIA (COTA DIRETA)","HUGO: AVALIAÇÃO DA VASCULAR PARA DEFINIÇÃO DE CONDUTA, UNIDADE NÃO DISPÕE DE HEMODINÂMICA","","","","","","","","","","","","","","","","","","","","",""
"CENTRO NORTE","HUGO - GOIÂNIA","MÉDIA E ALTA COMPLEXIDADE","URGÊNCIA E EMERGÊNCIA ","ENFERMARIA ADULTO","CLÍNICA MÉDICA","INTERNAÇÃO PRÓPRIA (COTA DIRETA)","","","","","","","","","","","","","","","","","","","","","",""
"CENTRO NORTE","HUGO - GOIÂNIA","MÉDIA E ALTA COMPLEXIDADE","URGÊNCIA E EMERGÊNCIA ","ENFERMARIA ADULTO","NEUROLOGIA","INTERNAÇÃO PRÓPRIA (COTA DIRETA)","","","","","","","","","","","","","","","","","","","","","",""
"CENTRO SUDESTE","HUGO - GOIÂNIA","MÉDIA E ALTA COMPLEXIDADE","URGÊNCIA E EMERGÊNCIA ","ENFERMARIA ADULTO","CIRURGIA BUCOMAXILOFACIAL","INTERNAÇÃO PRÓPRIA (COTA DIRETA)","","","","","","","","","","","","","","","","","","","","","",""
"CENTRO SUDESTE","HUGO - GOIÂNIA","MÉDIA E ALTA COMPLEXIDADE","URGÊNCIA E EMERGÊNCIA ","ENFERMARIA ADULTO","CIRURGIA GERAL","INTERNAÇÃO PRÓPRIA (COTA DIRETA)","HUGO: FAB E FAF, ABDOME AGUDO, HDA COM E SEM REPERCUSSÃO HEMODINÂMICA.","","","","","","","","","","","","","","","","","","","","",""
"CENTRO SUDESTE","HUGO - GOIÂNIA","MÉDIA E ALTA COMPLEXIDADE","URGÊNCIA E EMERGÊNCIA ","ENFERMARIA ADULTO","CIRURGIA TORÁCICA","INTERNAÇÃO PRÓPRIA (COTA DIRETA)","","","","","","","","","","","","","","","","","","","","","",""
"CENTRO SUDESTE","HUGO - GOIÂNIA","MÉDIA E ALTA COMPLEXIDADE","URGÊNCIA E EMERGÊNCIA ","ENFERMARIA ADULTO","ORTOPEDIA E TRAUMATOLOGIA","INTERNAÇÃO PRÓPRIA (COTA DIRETA)","HUGO:  TODAS AS FRATURAS E LESÕES, POLITRAUMA, INCLUINDO EXPOSTA. REFERÊNCIA EM COLUNA","","","","","","","","","","","","","","","","","","","","",""
"CENTRO SUDESTE","HUGO - GOIÂNIA","MÉDIA E ALTA COMPLEXIDADE","URGÊNCIA E EMERGÊNCIA ","ENFERMARIA ADULTO","NEUROCIRURGIA","INTERNAÇÃO PRÓPRIA (COTA DIRETA)","HUGO: TCE, AVCH, HEMATOMA SUBARACNOIDE, HEMATOMA SUBDURAL, NEUROCIRURGIA DESCOMPRESSIVA. NÃO TEM SERVIÇO DE HEMODINÂMICA","","","","","","","","","","","","","","","","","","","","",""
"CENTRO SUDESTE","HUGO - GOIÂNIA","MÉDIA E ALTA COMPLEXIDADE","URGÊNCIA E EMERGÊNCIA ","ENFERMARIA ADULTO","CIRURGIA VASCULAR/ANGIO","INTERNAÇÃO PRÓPRIA (COTA DIRETA)","HUGO: AVALIAÇÃO DA VASCULAR PARA DEFINIÇÃO DE CONDUTA, UNIDADE NÃO DISPÕE DE HEMODINÂMICA","","","","","","","","","","","","","","","","","","","","",""
"CENTRO SUDESTE","HUGO - GOIÂNIA","MÉDIA E ALTA COMPLEXIDADE","URGÊNCIA E EMERGÊNCIA ","ENFERMARIA ADULTO","CLÍNICA MÉDICA","INTERNAÇÃO PRÓPRIA (COTA DIRETA)","","","","","","","","","","","","","","","","","","","","","",""
"CENTRO SUDESTE","HUGO - GOIÂNIA","MÉDIA E ALTA COMPLEXIDADE","URGÊNCIA E EMERGÊNCIA ","ENFERMARIA ADULTO","NEUROLOGIA","INTERNAÇÃO PRÓPRIA (COTA DIRETA)","","","","","","","","","","","","","","","","","","","","","",""
"CENTRO SUDOESTE","HUGO - GOIÂNIA","MÉDIA E ALTA COMPLEXIDADE","URGÊNCIA E EMERGÊNCIA ","ENFERMARIA ADULTO","CIRURGIA BUCOMAXILOFACIAL","INTERNAÇÃO PRÓPRIA (COTA DIRETA)","","","","","","","","","","","","","","","","","","","","","",""
"CENTRO SUDOESTE","HUGO - GOIÂNIA","MÉDIA E ALTA COMPLEXIDADE","URGÊNCIA E EMERGÊNCIA ","ENFERMARIA ADULTO","CIRURGIA GERAL","INTERNAÇÃO PRÓPRIA (COTA DIRETA)","HUGO: FAB E FAF, ABDOME AGUDO, HDA COM E SEM REPERCUSSÃO HEMODINÂMICA.","","","","","","","","","","","","","","","","","","","","",""
"CENTRO SUDOESTE","HUGO - GOIÂNIA","MÉDIA E ALTA COMPLEXIDADE","URGÊNCIA E EMERGÊNCIA ","ENFERMARIA ADULTO","CIRURGIA TORÁCICA","INTERNAÇÃO PRÓPRIA (COTA DIRETA)","","","","","","","","","","","","","","","","","","","","","",""
"CENTRO SUDOESTE","HUGO - GOIÂNIA","MÉDIA E ALTA COMPLEXIDADE","URGÊNCIA E EMERGÊNCIA ","ENFERMARIA ADULTO","ORTOPEDIA E TRAUMATOLOGIA","INTERNAÇÃO PRÓPRIA (COTA DIRETA)","HUGO:  TODAS AS FRATURAS E LESÕES, POLITRAUMA, INCLUINDO EXPOSTA. REFERÊNCIA EM COLUNA","","","","","","","","","","","","","","","","","","","","",""
"CENTRO SUDOESTE","HUGO - GOIÂNIA","MÉDIA E ALTA COMPLEXIDADE","URGÊNCIA E EMERGÊNCIA ","ENFERMARIA ADULTO","NEUROCIRURGIA","INTERNAÇÃO PRÓPRIA (COTA DIRETA)","HUGO: TCE, AVCH, HEMATOMA SUBARACNOIDE, HEMATOMA SUBDURAL, NEUROCIRURGIA DESCOMPRESSIVA. NÃO TEM SERVIÇO DE HEMODINÂMICA","","","","","","","","","","","","","","","","","","","","",""
"CENTRO SUDOESTE","HUGO - GOIÂNIA","MÉDIA E ALTA COMPLEXIDADE","URGÊNCIA E EMERGÊNCIA ","ENFERMARIA ADULTO","CIRURGIA VASCULAR/ANGIO","INTERNAÇÃO PRÓPRIA (COTA DIRETA)","HUGO: AVALIAÇÃO DA VASCULAR PARA DEFINIÇÃO DE CONDUTA, UNIDADE NÃO DISPÕE DE HEMODINÂMICA","","","","","","","","","","","","","","","","","","","","",""
"CENTRO SUDOESTE","HUGO - GOIÂNIA","MÉDIA E ALTA COMPLEXIDADE","URGÊNCIA E EMERGÊNCIA ","ENFERMARIA ADULTO","CLÍNICA MÉDICA","INTERNAÇÃO PRÓPRIA (COTA DIRETA)","","","","","","","","","","","","","","","","","","","","","",""
"CENTRO SUDOESTE","HUGO - GOIÂNIA","MÉDIA E ALTA COMPLEXIDADE","URGÊNCIA E EMERGÊNCIA ","ENFERMARIA ADULTO","NEUROLOGIA","INTERNAÇÃO PRÓPRIA (COTA DIRETA)","","","","","","","","","","","","","","","","","","","","","",""
"NORDESTE","HUGO - GOIÂNIA","MÉDIA E ALTA COMPLEXIDADE","URGÊNCIA E EMERGÊNCIA ","ENFERMARIA ADULTO","CIRURGIA BUCOMAXILOFACIAL","INTERNAÇÃO PRÓPRIA (COTA DIRETA)","","","","","","","","","","","","","","","","","","","","","",""
"NORDESTE","HUGO - GOIÂNIA","MÉDIA E ALTA COMPLEXIDADE","URGÊNCIA E EMERGÊNCIA ","ENFERMARIA ADULTO","CIRURGIA GERAL","INTERNAÇÃO PRÓPRIA (COTA DIRETA)","HUGO: FAB E FAF, ABDOME AGUDO, HDA COM E SEM REPERCUSSÃO HEMODINÂMICA.","","","","","","","","","","","","","","","","","","","","",""
"NORDESTE","HUGO - GOIÂNIA","MÉDIA E ALTA COMPLEXIDADE","URGÊNCIA E EMERGÊNCIA ","ENFERMARIA ADULTO","CIRURGIA TORÁCICA","INTERNAÇÃO PRÓPRIA (COTA DIRETA)","","","","","","","","","","","","","","","","","","","","","",""
"NORDESTE","HUGO - GOIÂNIA","MÉDIA E ALTA COMPLEXIDADE","URGÊNCIA E EMERGÊNCIA ","ENFERMARIA ADULTO","ORTOPEDIA E TRAUMATOLOGIA","INTERNAÇÃO PRÓPRIA (COTA DIRETA)","HUGO:  TODAS AS FRATURAS E LESÕES, POLITRAUMA, INCLUINDO EXPOSTA. REFERÊNCIA EM COLUNA","","","","","","","","","","","","","","","","","","","","",""
"NORDESTE","HUGO - GOIÂNIA","MÉDIA E ALTA COMPLEXIDADE","URGÊNCIA E EMERGÊNCIA ","ENFERMARIA ADULTO","NEUROCIRURGIA","INTERNAÇÃO PRÓPRIA (COTA DIRETA)","HUGO: TCE, AVCH, HEMATOMA SUBARACNOIDE, HEMATOMA SUBDURAL, NEUROCIRURGIA DESCOMPRESSIVA. NÃO TEM SERVIÇO DE HEMODINÂMICA","","","","","","","","","","","","","","","","","","","","",""
"NORDESTE","HUGO - GOIÂNIA","MÉDIA E ALTA COMPLEXIDADE","URGÊNCIA E EMERGÊNCIA ","ENFERMARIA ADULTO","CIRURGIA VASCULAR/ANGIO","INTERNAÇÃO PRÓPRIA (COTA DIRETA)","HUGO: AVALIAÇÃO DA VASCULAR PARA DEFINIÇÃO DE CONDUTA, UNIDADE NÃO DISPÕE DE HEMODINÂMICA","","","","","","","","","","","","","","","","","","","","",""
"NORDESTE","HUGO - GOIÂNIA","MÉDIA E ALTA COMPLEXIDADE","URGÊNCIA E EMERGÊNCIA ","ENFERMARIA ADULTO","CLÍNICA MÉDICA","INTERNAÇÃO PRÓPRIA (COTA DIRETA)","","","","","","","","","","","","","","","","","","","","","",""
"NORDESTE","HUGO - GOIÂNIA","MÉDIA E ALTA COMPLEXIDADE","URGÊNCIA E EMERGÊNCIA ","ENFERMARIA ADULTO","NEUROLOGIA","INTERNAÇÃO PRÓPRIA (COTA DIRETA)","","","","","","","","","","","","","","","","","","","","","",""
"NORDESTE","HUGO - GOIÂNIA","MÉDIA E ALTA COMPLEXIDADE","URGÊNCIA E EMERGÊNCIA ","ENFERMARIA ADULTO","NEUROCIRURGIA","INTERNAÇÃO PRÓPRIA (COTA DIRETA)","HUGO: TCE, AVCH, HEMATOMA SUBARACNOIDE, HEMATOMA SUBDURAL, NEUROCIRURGIA DESCOMPRESSIVA. NÃO TEM SERVIÇO DE HEMODINÂMICA","","","","","","","","","","","","","","","","","","","","",""
"NORDESTE","HUGO - GOIÂNIA","MÉDIA E ALTA COMPLEXIDADE","URGÊNCIA E EMERGÊNCIA ","ENFERMARIA ADULTO","CIRURGIA VASCULAR/ANGIO","INTERNAÇÃO PRÓPRIA (COTA DIRETA)","HUGO: AVALIAÇÃO DA VASCULAR PARA DEFINIÇÃO DE CONDUTA, UNIDADE NÃO DISPÕE DE HEMODINÂMICA","","","","","","","","","","","","","","","","","","","","",""
"NORDESTE","HUGO - GOIÂNIA","MÉDIA E ALTA COMPLEXIDADE","URGÊNCIA E EMERGÊNCIA ","ENFERMARIA ADULTO","CLÍNICA MÉDICA","INTERNAÇÃO PRÓPRIA (COTA DIRETA)","","","","","","","","","","","","","","","","","","","","","",""
"NORDESTE","HUGO - GOIÂNIA","MÉDIA E ALTA COMPLEXIDADE","URGÊNCIA E EMERGÊNCIA ","ENFERMARIA ADULTO","NEUROLOGIA","INTERNAÇÃO PRÓPRIA (COTA DIRETA)","","","","","","","","","","","","","","","","","","","","","",""
"CENTRO OESTE","HUGO - GOIÂNIA","MÉDIA E ALTA COMPLEXIDADE","URGÊNCIA E EMERGÊNCIA ","UTI ADULTO","CIRURGIA BUCOMAXILOFACIAL","ACEITE DA UNIDADE EXECUTANTE","-","","","","","","","","","","","","","","","","","","","","",""
"CENTRO OESTE","HUGO - GOIÂNIA","MÉDIA E ALTA COMPLEXIDADE","URGÊNCIA E EMERGÊNCIA ","UTI ADULTO","CIRURGIA GERAL","ACEITE DA UNIDADE EXECUTANTE","HUGO: FAB E FAF, ABDOME AGUDO, HDA COM E SEM REPERCUSSÃO HEMODINÂMICA.","","","","","","","","","","","","","","","","","","","","",""
"CENTRO OESTE","HUGO - GOIÂNIA","MÉDIA E ALTA COMPLEXIDADE","URGÊNCIA E EMERGÊNCIA ","UTI ADULTO","CIRURGIA TORÁCICA","ACEITE DA UNIDADE EXECUTANTE","-","","","","","","","","","","","","","","","","","","","","",""
"CENTRO OESTE","HUGO - GOIÂNIA","MÉDIA E ALTA COMPLEXIDADE","URGÊNCIA E EMERGÊNCIA ","UTI ADULTO","ORTOPEDIA E TRAUMATOLOGIA","ACEITE DA UNIDADE EXECUTANTE","HUGO:  TODAS AS FRATURAS E LESÕES, POLITRAUMA, INCLUINDO EXPOSTA. REFERÊNCIA EM COLUNA","","","","","","","","","","","","","","","","","","","","",""
"CENTRO OESTE","HUGO - GOIÂNIA","MÉDIA E ALTA COMPLEXIDADE","URGÊNCIA E EMERGÊNCIA ","UTI ADULTO","NEUROCIRURGIA","ACEITE DA UNIDADE EXECUTANTE","HUGO: TCE, AVCH, HEMATOMA SUBARACNOIDE, HEMATOMA SUBDURAL, NEUROCIRURGIA DESCOMPRESSIVA. NÃO TEM SERVIÇO DE HEMODINÂMICA","","","","","","","","","","","","","","","","","","","","",""
"CENTRO OESTE","HUGO - GOIÂNIA","MÉDIA E ALTA COMPLEXIDADE","URGÊNCIA E EMERGÊNCIA ","UTI ADULTO","CIRURGIA VASCULAR/ANGIO","ACEITE DA UNIDADE EXECUTANTE","HUGO: AVALIAÇÃO DA VASCULAR PARA DEFINIÇÃO DE CONDUTA, UNIDADE NÃO DISPÕE DE HEMODINÂMICA","","","","","","","","","","","","","","","","","","","","",""
"CENTRO OESTE","HUGO - GOIÂNIA","MÉDIA E ALTA COMPLEXIDADE","URGÊNCIA E EMERGÊNCIA ","UTI ADULTO","CLÍNICA MÉDICA","ACEITE DA UNIDADE EXECUTANTE","HUGO: SERVIÇO DE NEFROLOGIA E CARDIOLOGIA DISPONÍVEL","","","","","","","","","","","","","","","","","","","","",""
"CENTRO OESTE","HUGO - GOIÂNIA","MÉDIA E ALTA COMPLEXIDADE","URGÊNCIA E EMERGÊNCIA ","UTI ADULTO","NEUROLOGIA","ACEITE DA UNIDADE EXECUTANTE","","","","","","","","","","","","","","","","","","","","","",""
"CENTRO NORTE","HUGO - GOIÂNIA","MÉDIA E ALTA COMPLEXIDADE","URGÊNCIA E EMERGÊNCIA ","UTI ADULTO","CIRURGIA BUCOMAXILOFACIAL","ACEITE DA UNIDADE EXECUTANTE","-","","","","","","","","","","","","","","","","","","","","",""
"CENTRO NORTE","HUGO - GOIÂNIA","MÉDIA E ALTA COMPLEXIDADE","URGÊNCIA E EMERGÊNCIA ","UTI ADULTO","CIRURGIA GERAL","ACEITE DA UNIDADE EXECUTANTE","HUGO: FAB E FAF, ABDOME AGUDO, HDA COM E SEM REPERCUSSÃO HEMODINÂMICA.","","","","","","","","","","","","","","","","","","","","",""
"CENTRO NORTE","HUGO - GOIÂNIA","MÉDIA E ALTA COMPLEXIDADE","URGÊNCIA E EMERGÊNCIA ","UTI ADULTO","CIRURGIA TORÁCICA","ACEITE DA UNIDADE EXECUTANTE","-","","","","","","","","","","","","","","","","","","","","",""
"CENTRO NORTE","HUGO - GOIÂNIA","MÉDIA E ALTA COMPLEXIDADE","URGÊNCIA E EMERGÊNCIA ","UTI ADULTO","ORTOPEDIA E TRAUMATOLOGIA","ACEITE DA UNIDADE EXECUTANTE","HUGO:  TODAS AS FRATURAS E LESÕES, POLITRAUMA, INCLUINDO EXPOSTA. REFERÊNCIA EM COLUNA","","","","","","","","","","","","","","","","","","","","",""
"CENTRO NORTE","HUGO - GOIÂNIA","MÉDIA E ALTA COMPLEXIDADE","URGÊNCIA E EMERGÊNCIA ","UTI ADULTO","NEUROCIRURGIA","ACEITE DA UNIDADE EXECUTANTE","HUGO: TCE, AVCH, HEMATOMA SUBARACNOIDE, HEMATOMA SUBDURAL, NEUROCIRURGIA DESCOMPRESSIVA. NÃO TEM SERVIÇO DE HEMODINÂMICA","","","","","","","","","","","","","","","","","","","","",""
"CENTRO NORTE","HUGO - GOIÂNIA","MÉDIA E ALTA COMPLEXIDADE","URGÊNCIA E EMERGÊNCIA ","UTI ADULTO","CIRURGIA VASCULAR/ANGIO","ACEITE DA UNIDADE EXECUTANTE","HUGO: AVALIAÇÃO DA VASCULAR PARA DEFINIÇÃO DE CONDUTA, UNIDADE NÃO DISPÕE DE HEMODINÂMICA","","","","","","","","","","","","","","","","","","","","",""
"CENTRO NORTE","HUGO - GOIÂNIA","MÉDIA E ALTA COMPLEXIDADE","URGÊNCIA E EMERGÊNCIA ","UTI ADULTO","CLÍNICA MÉDICA","ACEITE DA UNIDADE EXECUTANTE","HUGO: SERVIÇO DE NEFROLOGIA E CARDIOLOGIA DISPONÍVEL","","","","","","","","","","","","","","","","","","","","",""
"CENTRO NORTE","HUGO - GOIÂNIA","MÉDIA E ALTA COMPLEXIDADE","URGÊNCIA E EMERGÊNCIA ","UTI ADULTO","NEUROLOGIA","ACEITE DA UNIDADE EXECUTANTE","","","","","","","","","","","","","","","","","","","","","",""
"CENTRO SUDESTE","HUGO - GOIÂNIA","MÉDIA E ALTA COMPLEXIDADE","URGÊNCIA E EMERGÊNCIA ","UTI ADULTO","CIRURGIA BUCOMAXILOFACIAL","ACEITE DA UNIDADE EXECUTANTE","-","","","","","","","","","","","","","","","","","","","","",""
"CENTRO SUDESTE","HUGO - GOIÂNIA","MÉDIA E ALTA COMPLEXIDADE","URGÊNCIA E EMERGÊNCIA ","UTI ADULTO","CIRURGIA GERAL","ACEITE DA UNIDADE EXECUTANTE","HUGO: FAB E FAF, ABDOME AGUDO, HDA COM E SEM REPERCUSSÃO HEMODINÂMICA.","","","","","","","","","","","","","","","","","","","","",""
"CENTRO SUDESTE","HUGO - GOIÂNIA","MÉDIA E ALTA COMPLEXIDADE","URGÊNCIA E EMERGÊNCIA ","UTI ADULTO","CIRURGIA TORÁCICA","ACEITE DA UNIDADE EXECUTANTE","-","","","","","","","","","","","","","","","","","","","","",""
"CENTRO SUDESTE","HUGO - GOIÂNIA","MÉDIA E ALTA COMPLEXIDADE","URGÊNCIA E EMERGÊNCIA ","UTI ADULTO","ORTOPEDIA E TRAUMATOLOGIA","ACEITE DA UNIDADE EXECUTANTE","HUGO:  TODAS AS FRATURAS E LESÕES, POLITRAUMA, INCLUINDO EXPOSTA. REFERÊNCIA EM COLUNA","","","","","","","","","","","","","","","","","","","","",""
"CENTRO SUDESTE","HUGO - GOIÂNIA","MÉDIA E ALTA COMPLEXIDADE","URGÊNCIA E EMERGÊNCIA ","UTI ADULTO","NEUROCIRURGIA","ACEITE DA UNIDADE EXECUTANTE","HUGO: TCE, AVCH, HEMATOMA SUBARACNOIDE, HEMATOMA SUBDURAL, NEUROCIRURGIA DESCOMPRESSIVA. NÃO TEM SERVIÇO DE HEMODINÂMICA","","","","","","","","","","","","","","","","","","","","",""
"CENTRO SUDESTE","HUGO - GOIÂNIA","MÉDIA E ALTA COMPLEXIDADE","URGÊNCIA E EMERGÊNCIA ","UTI ADULTO","CIRURGIA VASCULAR/ANGIO","ACEITE DA UNIDADE EXECUTANTE","HUGO: AVALIAÇÃO DA VASCULAR PARA DEFINIÇÃO DE CONDUTA, UNIDADE NÃO DISPÕE DE HEMODINÂMICA","","","","","","","","","","","","","","","","","","","","",""
"CENTRO SUDESTE","HUGO - GOIÂNIA","MÉDIA E ALTA COMPLEXIDADE","URGÊNCIA E EMERGÊNCIA ","UTI ADULTO","CLÍNICA MÉDICA","ACEITE DA UNIDADE EXECUTANTE","HUGO: SERVIÇO DE NEFROLOGIA E CARDIOLOGIA DISPONÍVEL","","","","","","","","","","","","","","","","","","","","",""
"CENTRO SUDESTE","HUGO - GOIÂNIA","MÉDIA E ALTA COMPLEXIDADE","URGÊNCIA E EMERGÊNCIA ","UTI ADULTO","NEUROLOGIA","ACEITE DA UNIDADE EXECUTANTE","","","","","","","","","","","","","","","","","","","","","",""
"CENTRO SUDOESTE","HUGO - GOIÂNIA","MÉDIA E ALTA COMPLEXIDADE","URGÊNCIA E EMERGÊNCIA ","UTI ADULTO","CIRURGIA BUCOMAXILOFACIAL","ACEITE DA UNIDADE EXECUTANTE","-","","","","","","","","","","","","","","","","","","","","",""
"CENTRO SUDOESTE","HUGO - GOIÂNIA","MÉDIA E ALTA COMPLEXIDADE","URGÊNCIA E EMERGÊNCIA ","UTI ADULTO","CIRURGIA GERAL","ACEITE DA UNIDADE EXECUTANTE","HUGO: FAB E FAF, ABDOME AGUDO, HDA COM E SEM REPERCUSSÃO HEMODINÂMICA.","","","","","","","","","","","","","","","","","","","","",""
"CENTRO SUDOESTE","HUGO - GOIÂNIA","MÉDIA E ALTA COMPLEXIDADE","URGÊNCIA E EMERGÊNCIA ","UTI ADULTO","CIRURGIA TORÁCICA","ACEITE DA UNIDADE EXECUTANTE","-","","","","","","","","","","","","","","","","","","","","",""
"CENTRO SUDOESTE","HUGO - GOIÂNIA","MÉDIA E ALTA COMPLEXIDADE","URGÊNCIA E EMERGÊNCIA ","UTI ADULTO","ORTOPEDIA E TRAUMATOLOGIA","ACEITE DA UNIDADE EXECUTANTE","HUGO:  TODAS AS FRATURAS E LESÕES, POLITRAUMA, INCLUINDO EXPOSTA. REFERÊNCIA EM COLUNA","","","","","","","","","","","","","","","","","","","","",""
"CENTRO SUDOESTE","HUGO - GOIÂNIA","MÉDIA E ALTA COMPLEXIDADE","URGÊNCIA E EMERGÊNCIA ","UTI ADULTO","NEUROCIRURGIA","ACEITE DA UNIDADE EXECUTANTE","HUGO: TCE, AVCH, HEMATOMA SUBARACNOIDE, HEMATOMA SUBDURAL, NEUROCIRURGIA DESCOMPRESSIVA. NÃO TEM SERVIÇO DE HEMODINÂMICA","","","","","","","","","","","","","","","","","","","","",""
"CENTRO SUDOESTE","HUGO - GOIÂNIA","MÉDIA E ALTA COMPLEXIDADE","URGÊNCIA E EMERGÊNCIA ","UTI ADULTO","CIRURGIA VASCULAR/ANGIO","ACEITE DA UNIDADE EXECUTANTE","HUGO: AVALIAÇÃO DA VASCULAR PARA DEFINIÇÃO DE CONDUTA, UNIDADE NÃO DISPÕE DE HEMODINÂMICA","","","","","","","","","","","","","","","","","","","","",""
"CENTRO SUDOESTE","HUGO - GOIÂNIA","MÉDIA E ALTA COMPLEXIDADE","URGÊNCIA E EMERGÊNCIA ","UTI ADULTO","CLÍNICA MÉDICA","ACEITE DA UNIDADE EXECUTANTE","HUGO: SERVIÇO DE NEFROLOGIA E CARDIOLOGIA DISPONÍVEL","","","","","","","","","","","","","","","","","","","","",""
"CENTRO SUDOESTE","HUGO - GOIÂNIA","MÉDIA E ALTA COMPLEXIDADE","URGÊNCIA E EMERGÊNCIA ","UTI ADULTO","NEUROLOGIA","ACEITE DA UNIDADE EXECUTANTE","","","","","","","","","","","","","","","","","","","","","",""
"NORDESTE","HUGO - GOIÂNIA","MÉDIA E ALTA COMPLEXIDADE","URGÊNCIA E EMERGÊNCIA ","UTI ADULTO","CIRURGIA BUCOMAXILOFACIAL","ACEITE DA UNIDADE EXECUTANTE","","","","","","","","","","","","","","","","","","","","","",""
"NORDESTE","HUGO - GOIÂNIA","MÉDIA E ALTA COMPLEXIDADE","URGÊNCIA E EMERGÊNCIA ","UTI ADULTO","CIRURGIA GERAL","ACEITE DA UNIDADE EXECUTANTE","HUGO: FAB E FAF, ABDOME AGUDO, HDA COM E SEM REPERCUSSÃO HEMODINÂMICA.","","","","","","","","","","","","","","","","","","","","",""
"NORDESTE","HUGO - GOIÂNIA","MÉDIA E ALTA COMPLEXIDADE","URGÊNCIA E EMERGÊNCIA ","UTI ADULTO","CIRURGIA TORÁCICA","ACEITE DA UNIDADE EXECUTANTE","","","","","","","","","","","","","","","","","","","","","",""
"NORDESTE","HUGO - GOIÂNIA","MÉDIA E ALTA COMPLEXIDADE","URGÊNCIA E EMERGÊNCIA ","UTI ADULTO","ORTOPEDIA E TRAUMATOLOGIA","ACEITE DA UNIDADE EXECUTANTE","HUGO:  TODAS AS FRATURAS E LESÕES, POLITRAUMA, INCLUINDO EXPOSTA. REFERÊNCIA EM COLUNA","","","","","","","","","","","","","","","","","","","","",""
"NORDESTE","HUGO - GOIÂNIA","MÉDIA E ALTA COMPLEXIDADE","URGÊNCIA E EMERGÊNCIA ","UTI ADULTO","NEUROCIRURGIA","ACEITE DA UNIDADE EXECUTANTE","HUGO: TCE, AVCH, HEMATOMA SUBARACNOIDE, HEMATOMA SUBDURAL, NEUROCIRURGIA DESCOMPRESSIVA. NÃO TEM SERVIÇO DE HEMODINÂMICA","","","","","","","","","","","","","","","","","","","","",""
"NORDESTE","HUGO - GOIÂNIA","MÉDIA E ALTA COMPLEXIDADE","URGÊNCIA E EMERGÊNCIA ","UTI ADULTO","CIRURGIA VASCULAR/ANGIO","ACEITE DA UNIDADE EXECUTANTE","HUGO: AVALIAÇÃO DA VASCULAR PARA DEFINIÇÃO DE CONDUTA, UNIDADE NÃO DISPÕE DE HEMODINÂMICA","","","","","","","","","","","","","","","","","","","","",""
"NORDESTE","HUGO - GOIÂNIA","MÉDIA E ALTA COMPLEXIDADE","URGÊNCIA E EMERGÊNCIA ","UTI ADULTO","CLÍNICA MÉDICA","ACEITE DA UNIDADE EXECUTANTE","","","","","","","","","","","","","","","","","","","","","",""
"NORDESTE","HUGO - GOIÂNIA","MÉDIA E ALTA COMPLEXIDADE","URGÊNCIA E EMERGÊNCIA ","UTI ADULTO","NEUROLOGIA","ACEITE DA UNIDADE EXECUTANTE","","","","","","","","","","","","","","","","","","","","","",""
"NORDESTE","HUGO - GOIÂNIA","MÉDIA E ALTA COMPLEXIDADE","URGÊNCIA E EMERGÊNCIA ","UTI ADULTO","NEUROCIRURGIA","ACEITE DA UNIDADE EXECUTANTE","HUGO: TCE, AVCH, HEMATOMA SUBARACNOIDE, HEMATOMA SUBDURAL, NEUROCIRURGIA DESCOMPRESSIVA. NÃO TEM SERVIÇO DE HEMODINÂMICA","","","","","","","","","","","","","","","","","","","","",""
"NORDESTE","HUGO - GOIÂNIA","MÉDIA E ALTA COMPLEXIDADE","URGÊNCIA E EMERGÊNCIA ","UTI ADULTO","CIRURGIA VASCULAR/ANGIO","ACEITE DA UNIDADE EXECUTANTE","HUGO: AVALIAÇÃO DA VASCULAR PARA DEFINIÇÃO DE CONDUTA, UNIDADE NÃO DISPÕE DE HEMODINÂMICA","","","","","","","","","","","","","","","","","","","","",""
"NORDESTE","HUGO - GOIÂNIA","MÉDIA E ALTA COMPLEXIDADE","URGÊNCIA E EMERGÊNCIA ","UTI ADULTO","CLÍNICA MÉDICA","ACEITE DA UNIDADE EXECUTANTE","","","","","","","","","","","","","","","","","","","","","",""
"NORDESTE","HUGO - GOIÂNIA","MÉDIA E ALTA COMPLEXIDADE","URGÊNCIA E EMERGÊNCIA ","UTI ADULTO","NEUROLOGIA","ACEITE DA UNIDADE EXECUTANTE","","","","","","","","","","","","","","","","","","","","","",""
"CENTRO OESTE","HUGO - GOIÂNIA","MÉDIA E ALTA COMPLEXIDADE","URGÊNCIA E EMERGÊNCIA ","UTI ADULTO","CIRURGIA BUCOMAXILOFACIAL","ACEITE DA UNIDADE EXECUTANTE","","","","","","","","","","","","","","","","","","","","","",""
"CENTRO OESTE","HUGO - GOIÂNIA","MÉDIA E ALTA COMPLEXIDADE","URGÊNCIA E EMERGÊNCIA ","UTI ADULTO","CIRURGIA GERAL","ACEITE DA UNIDADE EXECUTANTE","HUGO: FAB E FAF, ABDOME AGUDO, HDA COM E SEM REPERCUSSÃO HEMODINÂMICA.","","","","","","","","","","","","","","","","","","","","",""
"CENTRO OESTE","HUGO - GOIÂNIA","MÉDIA E ALTA COMPLEXIDADE","URGÊNCIA E EMERGÊNCIA ","UTI ADULTO","CIRURGIA TORÁCICA","ACEITE DA UNIDADE EXECUTANTE","","","","","","","","","","","","","","","","","","","","","",""
"CENTRO OESTE","HUGO - GOIÂNIA","MÉDIA E ALTA COMPLEXIDADE","URGÊNCIA E EMERGÊNCIA ","UTI ADULTO","ORTOPEDIA E TRAUMATOLOGIA","ACEITE DA UNIDADE EXECUTANTE","HUGO:  TODAS AS FRATURAS E LESÕES, POLITRAUMA, INCLUINDO EXPOSTA. REFERÊNCIA EM COLUNA","","","","","","","","","","","","","","","","","","","","",""
"CENTRO OESTE","HUGO - GOIÂNIA","MÉDIA E ALTA COMPLEXIDADE","URGÊNCIA E EMERGÊNCIA ","UTI ADULTO","NEUROCIRURGIA","ACEITE DA UNIDADE EXECUTANTE","HUGO: TCE, AVCH, HEMATOMA SUBARACNOIDE, HEMATOMA SUBDURAL, NEUROCIRURGIA DESCOMPRESSIVA. NÃO TEM SERVIÇO DE HEMODINÂMICA","","","","","","","","","","","","","","","","","","","","",""
"CENTRO OESTE","HUGO - GOIÂNIA","MÉDIA E ALTA COMPLEXIDADE","URGÊNCIA E EMERGÊNCIA ","UTI ADULTO","CIRURGIA VASCULAR/ANGIO","ACEITE DA UNIDADE EXECUTANTE","HUGO: AVALIAÇÃO DA VASCULAR PARA DEFINIÇÃO DE CONDUTA, UNIDADE NÃO DISPÕE DE HEMODINÂMICA","","","","","","","","","","","","","","","","","","","","",""
"CENTRO OESTE","HUGO - GOIÂNIA","MÉDIA E ALTA COMPLEXIDADE","URGÊNCIA E EMERGÊNCIA ","UTI ADULTO","CLÍNICA MÉDICA","ACEITE DA UNIDADE EXECUTANTE","","","","","","","","","","","","","","","","","","","","","",""
"CENTRO OESTE","HUGO - GOIÂNIA","MÉDIA E ALTA COMPLEXIDADE","URGÊNCIA E EMERGÊNCIA ","UTI ADULTO","NEUROLOGIA","ACEITE DA UNIDADE EXECUTANTE","","","","","","","","","","","","","","","","","","","","","",""
"CENTRO NORTE","HUGO - GOIÂNIA","MÉDIA E ALTA COMPLEXIDADE","URGÊNCIA E EMERGÊNCIA ","UTI ADULTO","CIRURGIA BUCOMAXILOFACIAL","ACEITE DA UNIDADE EXECUTANTE","","","","","","","","","","","","","","","","","","","","","",""
"CENTRO NORTE","HUGO - GOIÂNIA","MÉDIA E ALTA COMPLEXIDADE","URGÊNCIA E EMERGÊNCIA ","UTI ADULTO","CIRURGIA GERAL","ACEITE DA UNIDADE EXECUTANTE","HUGO: FAB E FAF, ABDOME AGUDO, HDA COM E SEM REPERCUSSÃO HEMODINÂMICA.","","","","","","","","","","","","","","","","","","","","",""
"CENTRO NORTE","HUGO - GOIÂNIA","MÉDIA E ALTA COMPLEXIDADE","URGÊNCIA E EMERGÊNCIA ","UTI ADULTO","CIRURGIA TORÁCICA","ACEITE DA UNIDADE EXECUTANTE","","","","","","","","","","","","","","","","","","","","","",""
"CENTRO NORTE","HUGO - GOIÂNIA","MÉDIA E ALTA COMPLEXIDADE","URGÊNCIA E EMERGÊNCIA ","UTI ADULTO","ORTOPEDIA E TRAUMATOLOGIA","ACEITE DA UNIDADE EXECUTANTE","HUGO:  TODAS AS FRATURAS E LESÕES, POLITRAUMA, INCLUINDO EXPOSTA. REFERÊNCIA EM COLUNA","","","","","","","","","","","","","","","","","","","","",""
"CENTRO NORTE","HUGO - GOIÂNIA","MÉDIA E ALTA COMPLEXIDADE","URGÊNCIA E EMERGÊNCIA ","UTI ADULTO","NEUROCIRURGIA","ACEITE DA UNIDADE EXECUTANTE","HUGO: TCE, AVCH, HEMATOMA SUBARACNOIDE, HEMATOMA SUBDURAL, NEUROCIRURGIA DESCOMPRESSIVA. NÃO TEM SERVIÇO DE HEMODINÂMICA","","","","","","","","","","","","","","","","","","","","",""
"CENTRO NORTE","HUGO - GOIÂNIA","MÉDIA E ALTA COMPLEXIDADE","URGÊNCIA E EMERGÊNCIA ","UTI ADULTO","CIRURGIA VASCULAR/ANGIO","ACEITE DA UNIDADE EXECUTANTE","HUGO: AVALIAÇÃO DA VASCULAR PARA DEFINIÇÃO DE CONDUTA, UNIDADE NÃO DISPÕE DE HEMODINÂMICA","","","","","","","","","","","","","","","","","","","","",""
"CENTRO NORTE","HUGO - GOIÂNIA","MÉDIA E ALTA COMPLEXIDADE","URGÊNCIA E EMERGÊNCIA ","UTI ADULTO","CLÍNICA MÉDICA","ACEITE DA UNIDADE EXECUTANTE","","","","","","","","","","","","","","","","","","","","","",""
"CENTRO NORTE","HUGO - GOIÂNIA","MÉDIA E ALTA COMPLEXIDADE","URGÊNCIA E EMERGÊNCIA ","UTI ADULTO","NEUROLOGIA","ACEITE DA UNIDADE EXECUTANTE","","","","","","","","","","","","","","","","","","","","","",""
"CENTRO SUDESTE","HUGO - GOIÂNIA","MÉDIA E ALTA COMPLEXIDADE","URGÊNCIA E EMERGÊNCIA ","UTI ADULTO","CIRURGIA BUCOMAXILOFACIAL","ACEITE DA UNIDADE EXECUTANTE","","","","","","","","","","","","","","","","","","","","","",""
"CENTRO SUDESTE","HUGO - GOIÂNIA","MÉDIA E ALTA COMPLEXIDADE","URGÊNCIA E EMERGÊNCIA ","UTI ADULTO","CIRURGIA GERAL","ACEITE DA UNIDADE EXECUTANTE","HUGO: FAB E FAF, ABDOME AGUDO, HDA COM E SEM REPERCUSSÃO HEMODINÂMICA.","","","","","","","","","","","","","","","","","","","","",""
"CENTRO SUDESTE","HUGO - GOIÂNIA","MÉDIA E ALTA COMPLEXIDADE","URGÊNCIA E EMERGÊNCIA ","UTI ADULTO","CIRURGIA TORÁCICA","ACEITE DA UNIDADE EXECUTANTE","","","","","","","","","","","","","","","","","","","","","",""
"CENTRO SUDESTE","HUGO - GOIÂNIA","MÉDIA E ALTA COMPLEXIDADE","URGÊNCIA E EMERGÊNCIA ","UTI ADULTO","ORTOPEDIA E TRAUMATOLOGIA","ACEITE DA UNIDADE EXECUTANTE","HUGO:  TODAS AS FRATURAS E LESÕES, POLITRAUMA, INCLUINDO EXPOSTA. REFERÊNCIA EM COLUNA","","","","","","","","","","","","","","","","","","","","",""
"CENTRO SUDESTE","HUGO - GOIÂNIA","MÉDIA E ALTA COMPLEXIDADE","URGÊNCIA E EMERGÊNCIA ","UTI ADULTO","NEUROCIRURGIA","ACEITE DA UNIDADE EXECUTANTE","HUGO: TCE, AVCH, HEMATOMA SUBARACNOIDE, HEMATOMA SUBDURAL, NEUROCIRURGIA DESCOMPRESSIVA. NÃO TEM SERVIÇO DE HEMODINÂMICA","","","","","","","","","","","","","","","","","","","","",""
"CENTRO SUDESTE","HUGO - GOIÂNIA","MÉDIA E ALTA COMPLEXIDADE","URGÊNCIA E EMERGÊNCIA ","UTI ADULTO","CIRURGIA VASCULAR/ANGIO","ACEITE DA UNIDADE EXECUTANTE","HUGO: AVALIAÇÃO DA VASCULAR PARA DEFINIÇÃO DE CONDUTA, UNIDADE NÃO DISPÕE DE HEMODINÂMICA","","","","","","","","","","","","","","","","","","","","",""
"CENTRO SUDESTE","HUGO - GOIÂNIA","MÉDIA E ALTA COMPLEXIDADE","URGÊNCIA E EMERGÊNCIA ","UTI ADULTO","CLÍNICA MÉDICA","ACEITE DA UNIDADE EXECUTANTE","","","","","","","","","","","","","","","","","","","","","",""
"CENTRO SUDESTE","HUGO - GOIÂNIA","MÉDIA E ALTA COMPLEXIDADE","URGÊNCIA E EMERGÊNCIA ","UTI ADULTO","NEUROLOGIA","ACEITE DA UNIDADE EXECUTANTE","","","","","","","","","","","","","","","","","","","","","",""
"CENTRO SUDOESTE","HUGO - GOIÂNIA","MÉDIA E ALTA COMPLEXIDADE","URGÊNCIA E EMERGÊNCIA ","UTI ADULTO","CIRURGIA BUCOMAXILOFACIAL","ACEITE DA UNIDADE EXECUTANTE","","","","","","","","","","","","","","","","","","","","","",""
"CENTRO SUDOESTE","HUGO - GOIÂNIA","MÉDIA E ALTA COMPLEXIDADE","URGÊNCIA E EMERGÊNCIA ","UTI ADULTO","CIRURGIA GERAL","ACEITE DA UNIDADE EXECUTANTE","HUGO: FAB E FAF, ABDOME AGUDO, HDA COM E SEM REPERCUSSÃO HEMODINÂMICA.","","","","","","","","","","","","","","","","","","","","",""
"CENTRO SUDOESTE","HUGO - GOIÂNIA","MÉDIA E ALTA COMPLEXIDADE","URGÊNCIA E EMERGÊNCIA ","UTI ADULTO","CIRURGIA TORÁCICA","ACEITE DA UNIDADE EXECUTANTE","","","","","","","","","","","","","","","","","","","","","",""
"CENTRO SUDOESTE","HUGO - GOIÂNIA","MÉDIA E ALTA COMPLEXIDADE","URGÊNCIA E EMERGÊNCIA ","UTI ADULTO","ORTOPEDIA E TRAUMATOLOGIA","ACEITE DA UNIDADE EXECUTANTE","HUGO:  TODAS AS FRATURAS E LESÕES, POLITRAUMA, INCLUINDO EXPOSTA. REFERÊNCIA EM COLUNA","","","","","","","","","","","","","","","","","","","","",""
"CENTRO SUDOESTE","HUGO - GOIÂNIA","MÉDIA E ALTA COMPLEXIDADE","URGÊNCIA E EMERGÊNCIA ","UTI ADULTO","NEUROCIRURGIA","ACEITE DA UNIDADE EXECUTANTE","HUGO: TCE, AVCH, HEMATOMA SUBARACNOIDE, HEMATOMA SUBDURAL, NEUROCIRURGIA DESCOMPRESSIVA. NÃO TEM SERVIÇO DE HEMODINÂMICA","","","","","","","","","","","","","","","","","","","","",""
"CENTRO SUDOESTE","HUGO - GOIÂNIA","MÉDIA E ALTA COMPLEXIDADE","URGÊNCIA E EMERGÊNCIA ","UTI ADULTO","CIRURGIA VASCULAR/ANGIO","ACEITE DA UNIDADE EXECUTANTE","HUGO: AVALIAÇÃO DA VASCULAR PARA DEFINIÇÃO DE CONDUTA, UNIDADE NÃO DISPÕE DE HEMODINÂMICA","","","","","","","","","","","","","","","","","","","","",""
"CENTRO SUDOESTE","HUGO - GOIÂNIA","MÉDIA E ALTA COMPLEXIDADE","URGÊNCIA E EMERGÊNCIA ","UTI ADULTO","CLÍNICA MÉDICA","ACEITE DA UNIDADE EXECUTANTE","","","","","","","","","","","","","","","","","","","","","",""
"CENTRO SUDOESTE","HUGO - GOIÂNIA","MÉDIA E ALTA COMPLEXIDADE","URGÊNCIA E EMERGÊNCIA ","UTI ADULTO","NEUROLOGIA","ACEITE DA UNIDADE EXECUTANTE","","","","","","","","","","","","","","","","","","","","","",""
"NORDESTE","HUGO - GOIÂNIA","MÉDIA E ALTA COMPLEXIDADE","URGÊNCIA E EMERGÊNCIA ","UTI ADULTO","CIRURGIA BUCOMAXILOFACIAL","ACEITE DA UNIDADE EXECUTANTE","","","","","","","","","","","","","","","","","","","","","",""
"NORDESTE","HUGO - GOIÂNIA","MÉDIA E ALTA COMPLEXIDADE","URGÊNCIA E EMERGÊNCIA ","UTI ADULTO","CIRURGIA GERAL","ACEITE DA UNIDADE EXECUTANTE","HUGO: FAB E FAF, ABDOME AGUDO, HDA COM E SEM REPERCUSSÃO HEMODINÂMICA.","","","","","","","","","","","","","","","","","","","","",""
"NORDESTE","HUGO - GOIÂNIA","MÉDIA E ALTA COMPLEXIDADE","URGÊNCIA E EMERGÊNCIA ","UTI ADULTO","CIRURGIA TORÁCICA","ACEITE DA UNIDADE EXECUTANTE","","","","","","","","","","","","","","","","","","","","","",""
"NORDESTE","HUGO - GOIÂNIA","MÉDIA E ALTA COMPLEXIDADE","URGÊNCIA E EMERGÊNCIA ","UTI ADULTO","ORTOPEDIA E TRAUMATOLOGIA","ACEITE DA UNIDADE EXECUTANTE","HUGO:  TODAS AS FRATURAS E LESÕES, POLITRAUMA, INCLUINDO EXPOSTA. REFERÊNCIA EM COLUNA","","","","","","","","","","","","","","","","","","","","",""
"NORDESTE","HUGO - GOIÂNIA","MÉDIA E ALTA COMPLEXIDADE","URGÊNCIA E EMERGÊNCIA ","UTI ADULTO","NEUROCIRURGIA","ACEITE DA UNIDADE EXECUTANTE","HUGO: TCE, AVCH, HEMATOMA SUBARACNOIDE, HEMATOMA SUBDURAL, NEUROCIRURGIA DESCOMPRESSIVA. NÃO TEM SERVIÇO DE HEMODINÂMICA","","","","","","","","","","","","","","","","","","","","",""
"NORDESTE","HUGO - GOIÂNIA","MÉDIA E ALTA COMPLEXIDADE","URGÊNCIA E EMERGÊNCIA ","UTI ADULTO","CIRURGIA VASCULAR/ANGIO","ACEITE DA UNIDADE EXECUTANTE","HUGO: AVALIAÇÃO DA VASCULAR PARA DEFINIÇÃO DE CONDUTA, UNIDADE NÃO DISPÕE DE HEMODINÂMICA","","","","","","","","","","","","","","","","","","","","",""
"NORDESTE","HUGO - GOIÂNIA","MÉDIA E ALTA COMPLEXIDADE","URGÊNCIA E EMERGÊNCIA ","UTI ADULTO","CLÍNICA MÉDICA","ACEITE DA UNIDADE EXECUTANTE","","","","","","","","","","","","","","","","","","","","","",""
"NORDESTE","HUGO - GOIÂNIA","MÉDIA E ALTA COMPLEXIDADE","URGÊNCIA E EMERGÊNCIA ","UTI ADULTO","NEUROLOGIA","ACEITE DA UNIDADE EXECUTANTE","","","","","","","","","","","","","","","","","","","","","",""
"NORDESTE","HUGO - GOIÂNIA","MÉDIA E ALTA COMPLEXIDADE","URGÊNCIA E EMERGÊNCIA ","UTI ADULTO","NEUROCIRURGIA","ACEITE DA UNIDADE EXECUTANTE","HUGO: TCE, AVCH, HEMATOMA SUBARACNOIDE, HEMATOMA SUBDURAL, NEUROCIRURGIA DESCOMPRESSIVA. NÃO TEM SERVIÇO DE HEMODINÂMICA","","","","","","","","","","","","","","","","","","","","",""
"NORDESTE","HUGO - GOIÂNIA","MÉDIA E ALTA COMPLEXIDADE","URGÊNCIA E EMERGÊNCIA ","UTI ADULTO","CIRURGIA VASCULAR/ANGIO","ACEITE DA UNIDADE EXECUTANTE","HUGO: AVALIAÇÃO DA VASCULAR PARA DEFINIÇÃO DE CONDUTA, UNIDADE NÃO DISPÕE DE HEMODINÂMICA","","","","","","","","","","","","","","","","","","","","",""
"NORDESTE","HUGO - GOIÂNIA","MÉDIA E ALTA COMPLEXIDADE","URGÊNCIA E EMERGÊNCIA ","UTI ADULTO","CLÍNICA MÉDICA","ACEITE DA UNIDADE EXECUTANTE","","","","","","","","","","","","","","","","","","","","","",""
"NORDESTE","HUGO - GOIÂNIA","MÉDIA E ALTA COMPLEXIDADE","URGÊNCIA E EMERGÊNCIA ","UTI ADULTO","NEUROLOGIA","ACEITE DA UNIDADE EXECUTANTE","","","","","","","","","","","","","","","","","","","","","",""
"CENTRO OESTE","HUGO - GOIÂNIA","MÉDIA E ALTA COMPLEXIDADE","URGÊNCIA E EMERGÊNCIA ","ENFERMARIA ADULTO","CIRURGIA BUCOMAXILOFACIAL","ACEITE DA UNIDADE EXECUTANTE","","","","","","","","","","","","","","","","","","","","","",""
"CENTRO OESTE","HUGO - GOIÂNIA","MÉDIA E ALTA COMPLEXIDADE","URGÊNCIA E EMERGÊNCIA ","ENFERMARIA ADULTO","CIRURGIA GERAL","ACEITE DA UNIDADE EXECUTANTE","HUGO: FAB E FAF, ABDOME AGUDO, HDA COM E SEM REPERCUSSÃO HEMODINÂMICA.","","","","","","","","","","","","","","","","","","","","",""
"CENTRO OESTE","HUGO - GOIÂNIA","MÉDIA E ALTA COMPLEXIDADE","URGÊNCIA E EMERGÊNCIA ","ENFERMARIA ADULTO","CIRURGIA TORÁCICA","ACEITE DA UNIDADE EXECUTANTE","","","","","","","","","","","","","","","","","","","","","",""
"CENTRO OESTE","HUGO - GOIÂNIA","MÉDIA E ALTA COMPLEXIDADE","URGÊNCIA E EMERGÊNCIA ","ENFERMARIA ADULTO","ORTOPEDIA E TRAUMATOLOGIA","ACEITE DA UNIDADE EXECUTANTE","HUGO:  TODAS AS FRATURAS E LESÕES, POLITRAUMA, INCLUINDO EXPOSTA. REFERÊNCIA EM COLUNA","","","","","","","","","","","","","","","","","","","","",""
"CENTRO OESTE","HUGO - GOIÂNIA","MÉDIA E ALTA COMPLEXIDADE","URGÊNCIA E EMERGÊNCIA ","ENFERMARIA ADULTO","NEUROCIRURGIA","ACEITE DA UNIDADE EXECUTANTE","HUGO: TCE, AVCH, HEMATOMA SUBARACNOIDE, HEMATOMA SUBDURAL, NEUROCIRURGIA DESCOMPRESSIVA. NÃO TEM SERVIÇO DE HEMODINÂMICA","","","","","","","","","","","","","","","","","","","","",""
"CENTRO OESTE","HUGO - GOIÂNIA","MÉDIA E ALTA COMPLEXIDADE","URGÊNCIA E EMERGÊNCIA ","ENFERMARIA ADULTO","CIRURGIA VASCULAR/ANGIO","ACEITE DA UNIDADE EXECUTANTE","HUGO: AVALIAÇÃO DA VASCULAR PARA DEFINIÇÃO DE CONDUTA, UNIDADE NÃO DISPÕE DE HEMODINÂMICA","","","","","","","","","","","","","","","","","","","","",""
"CENTRO OESTE","HUGO - GOIÂNIA","MÉDIA E ALTA COMPLEXIDADE","URGÊNCIA E EMERGÊNCIA ","ENFERMARIA ADULTO","CLÍNICA MÉDICA","ACEITE DA UNIDADE EXECUTANTE","","","","","","","","","","","","","","","","","","","","","",""
"CENTRO OESTE","HUGO - GOIÂNIA","MÉDIA E ALTA COMPLEXIDADE","URGÊNCIA E EMERGÊNCIA ","ENFERMARIA ADULTO","NEUROLOGIA","ACEITE DA UNIDADE EXECUTANTE","","","","","","","","","","","","","","","","","","","","","",""
"CENTRO NORTE","HUGO - GOIÂNIA","MÉDIA E ALTA COMPLEXIDADE","URGÊNCIA E EMERGÊNCIA ","ENFERMARIA ADULTO","CIRURGIA BUCOMAXILOFACIAL","ACEITE DA UNIDADE EXECUTANTE","","","","","","","","","","","","","","","","","","","","","",""
"CENTRO NORTE","HUGO - GOIÂNIA","MÉDIA E ALTA COMPLEXIDADE","URGÊNCIA E EMERGÊNCIA ","ENFERMARIA ADULTO","CIRURGIA GERAL","ACEITE DA UNIDADE EXECUTANTE","HUGO: FAB E FAF, ABDOME AGUDO, HDA COM E SEM REPERCUSSÃO HEMODINÂMICA.","","","","","","","","","","","","","","","","","","","","",""
"CENTRO NORTE","HUGO - GOIÂNIA","MÉDIA E ALTA COMPLEXIDADE","URGÊNCIA E EMERGÊNCIA ","ENFERMARIA ADULTO","CIRURGIA TORÁCICA","ACEITE DA UNIDADE EXECUTANTE","","","","","","","","","","","","","","","","","","","","","",""
"CENTRO NORTE","HUGO - GOIÂNIA","MÉDIA E ALTA COMPLEXIDADE","URGÊNCIA E EMERGÊNCIA ","ENFERMARIA ADULTO","ORTOPEDIA E TRAUMATOLOGIA","ACEITE DA UNIDADE EXECUTANTE","HUGO:  TODAS AS FRATURAS E LESÕES, POLITRAUMA, INCLUINDO EXPOSTA. REFERÊNCIA EM COLUNA","","","","","","","","","","","","","","","","","","","","",""
"CENTRO NORTE","HUGO - GOIÂNIA","MÉDIA E ALTA COMPLEXIDADE","URGÊNCIA E EMERGÊNCIA ","ENFERMARIA ADULTO","NEUROCIRURGIA","ACEITE DA UNIDADE EXECUTANTE","HUGO: TCE, AVCH, HEMATOMA SUBARACNOIDE, HEMATOMA SUBDURAL, NEUROCIRURGIA DESCOMPRESSIVA. NÃO TEM SERVIÇO DE HEMODINÂMICA","","","","","","","","","","","","","","","","","","","","",""
"CENTRO NORTE","HUGO - GOIÂNIA","MÉDIA E ALTA COMPLEXIDADE","URGÊNCIA E EMERGÊNCIA ","ENFERMARIA ADULTO","CIRURGIA VASCULAR/ANGIO","ACEITE DA UNIDADE EXECUTANTE","HUGO: AVALIAÇÃO DA VASCULAR PARA DEFINIÇÃO DE CONDUTA, UNIDADE NÃO DISPÕE DE HEMODINÂMICA","","","","","","","","","","","","","","","","","","","","",""
"CENTRO NORTE","HUGO - GOIÂNIA","MÉDIA E ALTA COMPLEXIDADE","URGÊNCIA E EMERGÊNCIA ","ENFERMARIA ADULTO","CLÍNICA MÉDICA","ACEITE DA UNIDADE EXECUTANTE","","","","","","","","","","","","","","","","","","","","","",""
"CENTRO NORTE","HUGO - GOIÂNIA","MÉDIA E ALTA COMPLEXIDADE","URGÊNCIA E EMERGÊNCIA ","ENFERMARIA ADULTO","NEUROLOGIA","ACEITE DA UNIDADE EXECUTANTE","","","","","","","","","","","","","","","","","","","","","",""
"CENTRO SUDESTE","HUGO - GOIÂNIA","MÉDIA E ALTA COMPLEXIDADE","URGÊNCIA E EMERGÊNCIA ","ENFERMARIA ADULTO","CIRURGIA BUCOMAXILOFACIAL","ACEITE DA UNIDADE EXECUTANTE","","","","","","","","","","","","","","","","","","","","","",""
"CENTRO SUDESTE","HUGO - GOIÂNIA","MÉDIA E ALTA COMPLEXIDADE","URGÊNCIA E EMERGÊNCIA ","ENFERMARIA ADULTO","CIRURGIA GERAL","ACEITE DA UNIDADE EXECUTANTE","HUGO: FAB E FAF, ABDOME AGUDO, HDA COM E SEM REPERCUSSÃO HEMODINÂMICA.","","","","","","","","","","","","","","","","","","","","",""
"CENTRO SUDESTE","HUGO - GOIÂNIA","MÉDIA E ALTA COMPLEXIDADE","URGÊNCIA E EMERGÊNCIA ","ENFERMARIA ADULTO","CIRURGIA TORÁCICA","ACEITE DA UNIDADE EXECUTANTE","","","","","","","","","","","","","","","","","","","","","",""
"CENTRO SUDESTE","HUGO - GOIÂNIA","MÉDIA E ALTA COMPLEXIDADE","URGÊNCIA E EMERGÊNCIA ","ENFERMARIA ADULTO","ORTOPEDIA E TRAUMATOLOGIA","ACEITE DA UNIDADE EXECUTANTE","HUGO:  TODAS AS FRATURAS E LESÕES, POLITRAUMA, INCLUINDO EXPOSTA. REFERÊNCIA EM COLUNA","","","","","","","","","","","","","","","","","","","","",""
"CENTRO SUDESTE","HUGO - GOIÂNIA","MÉDIA E ALTA COMPLEXIDADE","URGÊNCIA E EMERGÊNCIA ","ENFERMARIA ADULTO","NEUROCIRURGIA","ACEITE DA UNIDADE EXECUTANTE","HUGO: TCE, AVCH, HEMATOMA SUBARACNOIDE, HEMATOMA SUBDURAL, NEUROCIRURGIA DESCOMPRESSIVA. NÃO TEM SERVIÇO DE HEMODINÂMICA","","","","","","","","","","","","","","","","","","","","",""
"CENTRO SUDESTE","HUGO - GOIÂNIA","MÉDIA E ALTA COMPLEXIDADE","URGÊNCIA E EMERGÊNCIA ","ENFERMARIA ADULTO","CIRURGIA VASCULAR/ANGIO","ACEITE DA UNIDADE EXECUTANTE","HUGO: AVALIAÇÃO DA VASCULAR PARA DEFINIÇÃO DE CONDUTA, UNIDADE NÃO DISPÕE DE HEMODINÂMICA","","","","","","","","","","","","","","","","","","","","",""
"CENTRO SUDESTE","HUGO - GOIÂNIA","MÉDIA E ALTA COMPLEXIDADE","URGÊNCIA E EMERGÊNCIA ","ENFERMARIA ADULTO","CLÍNICA MÉDICA","ACEITE DA UNIDADE EXECUTANTE","","","","","","","","","","","","","","","","","","","","","",""
"CENTRO SUDESTE","HUGO - GOIÂNIA","MÉDIA E ALTA COMPLEXIDADE","URGÊNCIA E EMERGÊNCIA ","ENFERMARIA ADULTO","NEUROLOGIA","ACEITE DA UNIDADE EXECUTANTE","","","","","","","","","","","","","","","","","","","","","",""
"CENTRO SUDOESTE","HUGO - GOIÂNIA","MÉDIA E ALTA COMPLEXIDADE","URGÊNCIA E EMERGÊNCIA ","ENFERMARIA ADULTO","CIRURGIA BUCOMAXILOFACIAL","ACEITE DA UNIDADE EXECUTANTE","","","","","","","","","","","","","","","","","","","","","",""
"CENTRO SUDOESTE","HUGO - GOIÂNIA","MÉDIA E ALTA COMPLEXIDADE","URGÊNCIA E EMERGÊNCIA ","ENFERMARIA ADULTO","CIRURGIA GERAL","ACEITE DA UNIDADE EXECUTANTE","HUGO: FAB E FAF, ABDOME AGUDO, HDA COM E SEM REPERCUSSÃO HEMODINÂMICA.","","","","","","","","","","","","","","","","","","","","",""
"CENTRO SUDOESTE","HUGO - GOIÂNIA","MÉDIA E ALTA COMPLEXIDADE","URGÊNCIA E EMERGÊNCIA ","ENFERMARIA ADULTO","CIRURGIA TORÁCICA","ACEITE DA UNIDADE EXECUTANTE","","","","","","","","","","","","","","","","","","","","","",""
"CENTRO SUDOESTE","HUGO - GOIÂNIA","MÉDIA E ALTA COMPLEXIDADE","URGÊNCIA E EMERGÊNCIA ","ENFERMARIA ADULTO","ORTOPEDIA E TRAUMATOLOGIA","ACEITE DA UNIDADE EXECUTANTE","HUGO:  TODAS AS FRATURAS E LESÕES, POLITRAUMA, INCLUINDO EXPOSTA. REFERÊNCIA EM COLUNA","","","","","","","","","","","","","","","","","","","","",""
"CENTRO SUDOESTE","HUGO - GOIÂNIA","MÉDIA E ALTA COMPLEXIDADE","URGÊNCIA E EMERGÊNCIA ","ENFERMARIA ADULTO","NEUROCIRURGIA","ACEITE DA UNIDADE EXECUTANTE","HUGO: TCE, AVCH, HEMATOMA SUBARACNOIDE, HEMATOMA SUBDURAL, NEUROCIRURGIA DESCOMPRESSIVA. NÃO TEM SERVIÇO DE HEMODINÂMICA","","","","","","","","","","","","","","","","","","","","",""
"CENTRO SUDOESTE","HUGO - GOIÂNIA","MÉDIA E ALTA COMPLEXIDADE","URGÊNCIA E EMERGÊNCIA ","ENFERMARIA ADULTO","CIRURGIA VASCULAR/ANGIO","ACEITE DA UNIDADE EXECUTANTE","HUGO: AVALIAÇÃO DA VASCULAR PARA DEFINIÇÃO DE CONDUTA, UNIDADE NÃO DISPÕE DE HEMODINÂMICA","","","","","","","","","","","","","","","","","","","","",""
"CENTRO SUDOESTE","HUGO - GOIÂNIA","MÉDIA E ALTA COMPLEXIDADE","URGÊNCIA E EMERGÊNCIA ","ENFERMARIA ADULTO","CLÍNICA MÉDICA","ACEITE DA UNIDADE EXECUTANTE","","","","","","","","","","","","","","","","","","","","","",""
"CENTRO SUDOESTE","HUGO - GOIÂNIA","MÉDIA E ALTA COMPLEXIDADE","URGÊNCIA E EMERGÊNCIA ","ENFERMARIA ADULTO","NEUROLOGIA","ACEITE DA UNIDADE EXECUTANTE","","","","","","","","","","","","","","","","","","","","","",""
"NORDESTE","HUGO - GOIÂNIA","MÉDIA E ALTA COMPLEXIDADE","URGÊNCIA E EMERGÊNCIA ","ENFERMARIA ADULTO","CIRURGIA BUCOMAXILOFACIAL","ACEITE DA UNIDADE EXECUTANTE","","","","","","","","","","","","","","","","","","","","","",""
"NORDESTE","HUGO - GOIÂNIA","MÉDIA E ALTA COMPLEXIDADE","URGÊNCIA E EMERGÊNCIA ","ENFERMARIA ADULTO","CIRURGIA GERAL","ACEITE DA UNIDADE EXECUTANTE","HUGO: FAB E FAF, ABDOME AGUDO, HDA COM E SEM REPERCUSSÃO HEMODINÂMICA.","","","","","","","","","","","","","","","","","","","","",""
"NORDESTE","HUGO - GOIÂNIA","MÉDIA E ALTA COMPLEXIDADE","URGÊNCIA E EMERGÊNCIA ","ENFERMARIA ADULTO","CIRURGIA TORÁCICA","ACEITE DA UNIDADE EXECUTANTE","","","","","","","","","","","","","","","","","","","","","",""
"NORDESTE","HUGO - GOIÂNIA","MÉDIA E ALTA COMPLEXIDADE","URGÊNCIA E EMERGÊNCIA ","ENFERMARIA ADULTO","ORTOPEDIA E TRAUMATOLOGIA","ACEITE DA UNIDADE EXECUTANTE","HUGO:  TODAS AS FRATURAS E LESÕES, POLITRAUMA, INCLUINDO EXPOSTA. REFERÊNCIA EM COLUNA","","","","","","","","","","","","","","","","","","","","",""
"NORDESTE","HUGO - GOIÂNIA","MÉDIA E ALTA COMPLEXIDADE","URGÊNCIA E EMERGÊNCIA ","ENFERMARIA ADULTO","NEUROCIRURGIA","ACEITE DA UNIDADE EXECUTANTE","HUGO: TCE, AVCH, HEMATOMA SUBARACNOIDE, HEMATOMA SUBDURAL, NEUROCIRURGIA DESCOMPRESSIVA. NÃO TEM SERVIÇO DE HEMODINÂMICA","","","","","","","","","","","","","","","","","","","","",""
"NORDESTE","HUGO - GOIÂNIA","MÉDIA E ALTA COMPLEXIDADE","URGÊNCIA E EMERGÊNCIA ","ENFERMARIA ADULTO","CIRURGIA VASCULAR/ANGIO","ACEITE DA UNIDADE EXECUTANTE","HUGO: AVALIAÇÃO DA VASCULAR PARA DEFINIÇÃO DE CONDUTA, UNIDADE NÃO DISPÕE DE HEMODINÂMICA","","","","","","","","","","","","","","","","","","","","",""
"NORDESTE","HUGO - GOIÂNIA","MÉDIA E ALTA COMPLEXIDADE","URGÊNCIA E EMERGÊNCIA ","ENFERMARIA ADULTO","CLÍNICA MÉDICA","ACEITE DA UNIDADE EXECUTANTE","","","","","","","","","","","","","","","","","","","","","",""
"NORDESTE","HUGO - GOIÂNIA","MÉDIA E ALTA COMPLEXIDADE","URGÊNCIA E EMERGÊNCIA ","ENFERMARIA ADULTO","NEUROLOGIA","ACEITE DA UNIDADE EXECUTANTE","","","","","","","","","","","","","","","","","","","","","",""
"NORDESTE","HUGO - GOIÂNIA","MÉDIA E ALTA COMPLEXIDADE","URGÊNCIA E EMERGÊNCIA ","ENFERMARIA ADULTO","NEUROCIRURGIA","ACEITE DA UNIDADE EXECUTANTE","HUGO: TCE, AVCH, HEMATOMA SUBARACNOIDE, HEMATOMA SUBDURAL, NEUROCIRURGIA DESCOMPRESSIVA. NÃO TEM SERVIÇO DE HEMODINÂMICA","","","","","","","","","","","","","","","","","","","","",""
"NORDESTE","HUGO - GOIÂNIA","MÉDIA E ALTA COMPLEXIDADE","URGÊNCIA E EMERGÊNCIA ","ENFERMARIA ADULTO","CIRURGIA VASCULAR/ANGIO","ACEITE DA UNIDADE EXECUTANTE","HUGO: AVALIAÇÃO DA VASCULAR PARA DEFINIÇÃO DE CONDUTA, UNIDADE NÃO DISPÕE DE HEMODINÂMICA","","","","","","","","","","","","","","","","","","","","",""
"NORDESTE","HUGO - GOIÂNIA","MÉDIA E ALTA COMPLEXIDADE","URGÊNCIA E EMERGÊNCIA ","ENFERMARIA ADULTO","CLÍNICA MÉDICA","ACEITE DA UNIDADE EXECUTANTE","","","","","","","","","","","","","","","","","","","","","",""
"NORDESTE","HUGO - GOIÂNIA","MÉDIA E ALTA COMPLEXIDADE","URGÊNCIA E EMERGÊNCIA ","ENFERMARIA ADULTO","NEUROLOGIA","ACEITE DA UNIDADE EXECUTANTE","","","","","","","","","","","","","","","","","","","","","",""
"CENTRO OESTE","HUGO - GOIÂNIA","MÉDIA E ALTA COMPLEXIDADE","URGÊNCIA E EMERGÊNCIA ","ENFERMARIA ADULTO","CIRURGIA BUCOMAXILOFACIAL","ACEITE DA UNIDADE EXECUTANTE","","","","","","","","","","","","","","","","","","","","","",""
"CENTRO OESTE","HUGO - GOIÂNIA","MÉDIA E ALTA COMPLEXIDADE","URGÊNCIA E EMERGÊNCIA ","ENFERMARIA ADULTO","CIRURGIA GERAL","ACEITE DA UNIDADE EXECUTANTE","HUGO: FAB E FAF, ABDOME AGUDO, HDA COM E SEM REPERCUSSÃO HEMODINÂMICA.","","","","","","","","","","","","","","","","","","","","",""
"CENTRO OESTE","HUGO - GOIÂNIA","MÉDIA E ALTA COMPLEXIDADE","URGÊNCIA E EMERGÊNCIA ","ENFERMARIA ADULTO","CIRURGIA TORÁCICA","ACEITE DA UNIDADE EXECUTANTE","","","","","","","","","","","","","","","","","","","","","",""
"CENTRO OESTE","HUGO - GOIÂNIA","MÉDIA E ALTA COMPLEXIDADE","URGÊNCIA E EMERGÊNCIA ","ENFERMARIA ADULTO","ORTOPEDIA E TRAUMATOLOGIA","ACEITE DA UNIDADE EXECUTANTE","HUGO:  TODAS AS FRATURAS E LESÕES, POLITRAUMA, INCLUINDO EXPOSTA. REFERÊNCIA EM COLUNA","","","","","","","","","","","","","","","","","","","","",""
"CENTRO OESTE","HUGO - GOIÂNIA","MÉDIA E ALTA COMPLEXIDADE","URGÊNCIA E EMERGÊNCIA ","ENFERMARIA ADULTO","NEUROCIRURGIA","ACEITE DA UNIDADE EXECUTANTE","HUGO: TCE, AVCH, HEMATOMA SUBARACNOIDE, HEMATOMA SUBDURAL, NEUROCIRURGIA DESCOMPRESSIVA. NÃO TEM SERVIÇO DE HEMODINÂMICA","","","","","","","","","","","","","","","","","","","","",""
"CENTRO OESTE","HUGO - GOIÂNIA","MÉDIA E ALTA COMPLEXIDADE","URGÊNCIA E EMERGÊNCIA ","ENFERMARIA ADULTO","CIRURGIA VASCULAR/ANGIO","ACEITE DA UNIDADE EXECUTANTE","HUGO: AVALIAÇÃO DA VASCULAR PARA DEFINIÇÃO DE CONDUTA, UNIDADE NÃO DISPÕE DE HEMODINÂMICA","","","","","","","","","","","","","","","","","","","","",""
"CENTRO OESTE","HUGO - GOIÂNIA","MÉDIA E ALTA COMPLEXIDADE","URGÊNCIA E EMERGÊNCIA ","ENFERMARIA ADULTO","CLÍNICA MÉDICA","ACEITE DA UNIDADE EXECUTANTE","","","","","","","","","","","","","","","","","","","","","",""
"CENTRO OESTE","HUGO - GOIÂNIA","MÉDIA E ALTA COMPLEXIDADE","URGÊNCIA E EMERGÊNCIA ","ENFERMARIA ADULTO","NEUROLOGIA","ACEITE DA UNIDADE EXECUTANTE","","","","","","","","","","","","","","","","","","","","","",""
"CENTRO NORTE","HUGO - GOIÂNIA","MÉDIA E ALTA COMPLEXIDADE","URGÊNCIA E EMERGÊNCIA ","ENFERMARIA ADULTO","CIRURGIA BUCOMAXILOFACIAL","ACEITE DA UNIDADE EXECUTANTE","","","","","","","","","","","","","","","","","","","","","",""
"CENTRO NORTE","HUGO - GOIÂNIA","MÉDIA E ALTA COMPLEXIDADE","URGÊNCIA E EMERGÊNCIA ","ENFERMARIA ADULTO","CIRURGIA GERAL","ACEITE DA UNIDADE EXECUTANTE","HUGO: FAB E FAF, ABDOME AGUDO, HDA COM E SEM REPERCUSSÃO HEMODINÂMICA.","","","","","","","","","","","","","","","","","","","","",""
"CENTRO NORTE","HUGO - GOIÂNIA","MÉDIA E ALTA COMPLEXIDADE","URGÊNCIA E EMERGÊNCIA ","ENFERMARIA ADULTO","CIRURGIA TORÁCICA","ACEITE DA UNIDADE EXECUTANTE","","","","","","","","","","","","","","","","","","","","","",""
"CENTRO NORTE","HUGO - GOIÂNIA","MÉDIA E ALTA COMPLEXIDADE","URGÊNCIA E EMERGÊNCIA ","ENFERMARIA ADULTO","ORTOPEDIA E TRAUMATOLOGIA","ACEITE DA UNIDADE EXECUTANTE","HUGO:  TODAS AS FRATURAS E LESÕES, POLITRAUMA, INCLUINDO EXPOSTA. REFERÊNCIA EM COLUNA","","","","","","","","","","","","","","","","","","","","",""
"CENTRO NORTE","HUGO - GOIÂNIA","MÉDIA E ALTA COMPLEXIDADE","URGÊNCIA E EMERGÊNCIA ","ENFERMARIA ADULTO","NEUROCIRURGIA","ACEITE DA UNIDADE EXECUTANTE","HUGO: TCE, AVCH, HEMATOMA SUBARACNOIDE, HEMATOMA SUBDURAL, NEUROCIRURGIA DESCOMPRESSIVA. NÃO TEM SERVIÇO DE HEMODINÂMICA","","","","","","","","","","","","","","","","","","","","",""
"CENTRO NORTE","HUGO - GOIÂNIA","MÉDIA E ALTA COMPLEXIDADE","URGÊNCIA E EMERGÊNCIA ","ENFERMARIA ADULTO","CIRURGIA VASCULAR/ANGIO","ACEITE DA UNIDADE EXECUTANTE","HUGO: AVALIAÇÃO DA VASCULAR PARA DEFINIÇÃO DE CONDUTA, UNIDADE NÃO DISPÕE DE HEMODINÂMICA","","","","","","","","","","","","","","","","","","","","",""
"CENTRO NORTE","HUGO - GOIÂNIA","MÉDIA E ALTA COMPLEXIDADE","URGÊNCIA E EMERGÊNCIA ","ENFERMARIA ADULTO","CLÍNICA MÉDICA","ACEITE DA UNIDADE EXECUTANTE","","","","","","","","","","","","","","","","","","","","","",""
"CENTRO NORTE","HUGO - GOIÂNIA","MÉDIA E ALTA COMPLEXIDADE","URGÊNCIA E EMERGÊNCIA ","ENFERMARIA ADULTO","NEUROLOGIA","ACEITE DA UNIDADE EXECUTANTE","","","","","","","","","","","","","","","","","","","","","",""
"CENTRO SUDESTE","HUGO - GOIÂNIA","MÉDIA E ALTA COMPLEXIDADE","URGÊNCIA E EMERGÊNCIA ","ENFERMARIA ADULTO","CIRURGIA BUCOMAXILOFACIAL","ACEITE DA UNIDADE EXECUTANTE","","","","","","","","","","","","","","","","","","","","","",""
"CENTRO SUDESTE","HUGO - GOIÂNIA","MÉDIA E ALTA COMPLEXIDADE","URGÊNCIA E EMERGÊNCIA ","ENFERMARIA ADULTO","CIRURGIA GERAL","ACEITE DA UNIDADE EXECUTANTE","HUGO: FAB E FAF, ABDOME AGUDO, HDA COM E SEM REPERCUSSÃO HEMODINÂMICA.","","","","","","","","","","","","","","","","","","","","",""
"CENTRO SUDESTE","HUGO - GOIÂNIA","MÉDIA E ALTA COMPLEXIDADE","URGÊNCIA E EMERGÊNCIA ","ENFERMARIA ADULTO","CIRURGIA TORÁCICA","ACEITE DA UNIDADE EXECUTANTE","","","","","","","","","","","","","","","","","","","","","",""
"CENTRO SUDESTE","HUGO - GOIÂNIA","MÉDIA E ALTA COMPLEXIDADE","URGÊNCIA E EMERGÊNCIA ","ENFERMARIA ADULTO","ORTOPEDIA E TRAUMATOLOGIA","ACEITE DA UNIDADE EXECUTANTE","HUGO:  TODAS AS FRATURAS E LESÕES, POLITRAUMA, INCLUINDO EXPOSTA. REFERÊNCIA EM COLUNA","","","","","","","","","","","","","","","","","","","","",""
"CENTRO SUDESTE","HUGO - GOIÂNIA","MÉDIA E ALTA COMPLEXIDADE","URGÊNCIA E EMERGÊNCIA ","ENFERMARIA ADULTO","NEUROCIRURGIA","ACEITE DA UNIDADE EXECUTANTE","HUGO: TCE, AVCH, HEMATOMA SUBARACNOIDE, HEMATOMA SUBDURAL, NEUROCIRURGIA DESCOMPRESSIVA. NÃO TEM SERVIÇO DE HEMODINÂMICA","","","","","","","","","","","","","","","","","","","","",""
"CENTRO SUDESTE","HUGO - GOIÂNIA","MÉDIA E ALTA COMPLEXIDADE","URGÊNCIA E EMERGÊNCIA ","ENFERMARIA ADULTO","CIRURGIA VASCULAR/ANGIO","ACEITE DA UNIDADE EXECUTANTE","HUGO: AVALIAÇÃO DA VASCULAR PARA DEFINIÇÃO DE CONDUTA, UNIDADE NÃO DISPÕE DE HEMODINÂMICA","","","","","","","","","","","","","","","","","","","","",""
"CENTRO SUDESTE","HUGO - GOIÂNIA","MÉDIA E ALTA COMPLEXIDADE","URGÊNCIA E EMERGÊNCIA ","ENFERMARIA ADULTO","CLÍNICA MÉDICA","ACEITE DA UNIDADE EXECUTANTE","","","","","","","","","","","","","","","","","","","","","",""
"CENTRO SUDESTE","HUGO - GOIÂNIA","MÉDIA E ALTA COMPLEXIDADE","URGÊNCIA E EMERGÊNCIA ","ENFERMARIA ADULTO","NEUROLOGIA","ACEITE DA UNIDADE EXECUTANTE","","","","","","","","","","","","","","","","","","","","","",""
"CENTRO SUDOESTE","HUGO - GOIÂNIA","MÉDIA E ALTA COMPLEXIDADE","URGÊNCIA E EMERGÊNCIA ","ENFERMARIA ADULTO","CIRURGIA BUCOMAXILOFACIAL","ACEITE DA UNIDADE EXECUTANTE","","","","","","","","","","","","","","","","","","","","","",""
"CENTRO SUDOESTE","HUGO - GOIÂNIA","MÉDIA E ALTA COMPLEXIDADE","URGÊNCIA E EMERGÊNCIA ","ENFERMARIA ADULTO","CIRURGIA GERAL","ACEITE DA UNIDADE EXECUTANTE","HUGO: FAB E FAF, ABDOME AGUDO, HDA COM E SEM REPERCUSSÃO HEMODINÂMICA.","","","","","","","","","","","","","","","","","","","","",""
"CENTRO SUDOESTE","HUGO - GOIÂNIA","MÉDIA E ALTA COMPLEXIDADE","URGÊNCIA E EMERGÊNCIA ","ENFERMARIA ADULTO","CIRURGIA TORÁCICA","ACEITE DA UNIDADE EXECUTANTE","","","","","","","","","","","","","","","","","","","","","",""
"CENTRO SUDOESTE","HUGO - GOIÂNIA","MÉDIA E ALTA COMPLEXIDADE","URGÊNCIA E EMERGÊNCIA ","ENFERMARIA ADULTO","ORTOPEDIA E TRAUMATOLOGIA","ACEITE DA UNIDADE EXECUTANTE","HUGO:  TODAS AS FRATURAS E LESÕES, POLITRAUMA, INCLUINDO EXPOSTA. REFERÊNCIA EM COLUNA","","","","","","","","","","","","","","","","","","","","",""
"CENTRO SUDOESTE","HUGO - GOIÂNIA","MÉDIA E ALTA COMPLEXIDADE","URGÊNCIA E EMERGÊNCIA ","ENFERMARIA ADULTO","NEUROCIRURGIA","ACEITE DA UNIDADE EXECUTANTE","HUGO: TCE, AVCH, HEMATOMA SUBARACNOIDE, HEMATOMA SUBDURAL, NEUROCIRURGIA DESCOMPRESSIVA. NÃO TEM SERVIÇO DE HEMODINÂMICA","","","","","","","","","","","","","","","","","","","","",""
"CENTRO SUDOESTE","HUGO - GOIÂNIA","MÉDIA E ALTA COMPLEXIDADE","URGÊNCIA E EMERGÊNCIA ","ENFERMARIA ADULTO","CIRURGIA VASCULAR/ANGIO","ACEITE DA UNIDADE EXECUTANTE","HUGO: AVALIAÇÃO DA VASCULAR PARA DEFINIÇÃO DE CONDUTA, UNIDADE NÃO DISPÕE DE HEMODINÂMICA","","","","","","","","","","","","","","","","","","","","",""
"CENTRO SUDOESTE","HUGO - GOIÂNIA","MÉDIA E ALTA COMPLEXIDADE","URGÊNCIA E EMERGÊNCIA ","ENFERMARIA ADULTO","CLÍNICA MÉDICA","ACEITE DA UNIDADE EXECUTANTE","","","","","","","","","","","","","","","","","","","","","",""
"CENTRO SUDOESTE","HUGO - GOIÂNIA","MÉDIA E ALTA COMPLEXIDADE","URGÊNCIA E EMERGÊNCIA ","ENFERMARIA ADULTO","NEUROLOGIA","ACEITE DA UNIDADE EXECUTANTE","","","","","","","","","","","","","","","","","","","","","",""
"NORDESTE","HUGO - GOIÂNIA","MÉDIA E ALTA COMPLEXIDADE","URGÊNCIA E EMERGÊNCIA ","ENFERMARIA ADULTO","CIRURGIA BUCOMAXILOFACIAL","ACEITE DA UNIDADE EXECUTANTE","","","","","","","","","","","","","","","","","","","","","",""
"NORDESTE","HUGO - GOIÂNIA","MÉDIA E ALTA COMPLEXIDADE","URGÊNCIA E EMERGÊNCIA ","ENFERMARIA ADULTO","CIRURGIA GERAL","ACEITE DA UNIDADE EXECUTANTE","HUGO: FAB E FAF, ABDOME AGUDO, HDA COM E SEM REPERCUSSÃO HEMODINÂMICA.","","","","","","","","","","","","","","","","","","","","",""
"NORDESTE","HUGO - GOIÂNIA","MÉDIA E ALTA COMPLEXIDADE","URGÊNCIA E EMERGÊNCIA ","ENFERMARIA ADULTO","CIRURGIA TORÁCICA","ACEITE DA UNIDADE EXECUTANTE","","","","","","","","","","","","","","","","","","","","","",""
"NORDESTE","HUGO - GOIÂNIA","MÉDIA E ALTA COMPLEXIDADE","URGÊNCIA E EMERGÊNCIA ","ENFERMARIA ADULTO","ORTOPEDIA E TRAUMATOLOGIA","ACEITE DA UNIDADE EXECUTANTE","HUGO:  TODAS AS FRATURAS E LESÕES, POLITRAUMA, INCLUINDO EXPOSTA. REFERÊNCIA EM COLUNA","","","","","","","","","","","","","","","","","","","","",""
"NORDESTE","HUGO - GOIÂNIA","MÉDIA E ALTA COMPLEXIDADE","URGÊNCIA E EMERGÊNCIA ","ENFERMARIA ADULTO","NEUROCIRURGIA","ACEITE DA UNIDADE EXECUTANTE","HUGO: TCE, AVCH, HEMATOMA SUBARACNOIDE, HEMATOMA SUBDURAL, NEUROCIRURGIA DESCOMPRESSIVA. NÃO TEM SERVIÇO DE HEMODINÂMICA","","","","","","","","","","","","","","","","","","","","",""
"NORDESTE","HUGO - GOIÂNIA","MÉDIA E ALTA COMPLEXIDADE","URGÊNCIA E EMERGÊNCIA ","ENFERMARIA ADULTO","CIRURGIA VASCULAR/ANGIO","ACEITE DA UNIDADE EXECUTANTE","HUGO: AVALIAÇÃO DA VASCULAR PARA DEFINIÇÃO DE CONDUTA, UNIDADE NÃO DISPÕE DE HEMODINÂMICA","","","","","","","","","","","","","","","","","","","","",""
"NORDESTE","HUGO - GOIÂNIA","MÉDIA E ALTA COMPLEXIDADE","URGÊNCIA E EMERGÊNCIA ","ENFERMARIA ADULTO","CLÍNICA MÉDICA","ACEITE DA UNIDADE EXECUTANTE","","","","","","","","","","","","","","","","","","","","","",""
"NORDESTE","HUGO - GOIÂNIA","MÉDIA E ALTA COMPLEXIDADE","URGÊNCIA E EMERGÊNCIA ","ENFERMARIA ADULTO","NEUROLOGIA","ACEITE DA UNIDADE EXECUTANTE","","","","","","","","","","","","","","","","","","","","","",""
"NORDESTE","HUGO - GOIÂNIA","MÉDIA E ALTA COMPLEXIDADE","URGÊNCIA E EMERGÊNCIA ","ENFERMARIA ADULTO","NEUROCIRURGIA","ACEITE DA UNIDADE EXECUTANTE","HUGO: TCE, AVCH, HEMATOMA SUBARACNOIDE, HEMATOMA SUBDURAL, NEUROCIRURGIA DESCOMPRESSIVA. NÃO TEM SERVIÇO DE HEMODINÂMICA","","","","","","","","","","","","","","","","","","","","",""
"NORDESTE","HUGO - GOIÂNIA","MÉDIA E ALTA COMPLEXIDADE","URGÊNCIA E EMERGÊNCIA ","ENFERMARIA ADULTO","CIRURGIA VASCULAR/ANGIO","ACEITE DA UNIDADE EXECUTANTE","HUGO: AVALIAÇÃO DA VASCULAR PARA DEFINIÇÃO DE CONDUTA, UNIDADE NÃO DISPÕE DE HEMODINÂMICA","","","","","","","","","","","","","","","","","","","","",""
"NORDESTE","HUGO - GOIÂNIA","MÉDIA E ALTA COMPLEXIDADE","URGÊNCIA E EMERGÊNCIA ","ENFERMARIA ADULTO","CLÍNICA MÉDICA","ACEITE DA UNIDADE EXECUTANTE","","","","","","","","","","","","","","","","","","","","","",""
"NORDESTE","HUGO - GOIÂNIA","MÉDIA E ALTA COMPLEXIDADE","URGÊNCIA E EMERGÊNCIA ","ENFERMARIA ADULTO","NEUROLOGIA","ACEITE DA UNIDADE EXECUTANTE","","","","","","","","","","","","","","","","","","","","","",""
"CENTRO OESTE","HUGO - GOIÂNIA","MÉDIA E ALTA COMPLEXIDADE","URGÊNCIA E EMERGÊNCIA ","PRONTO SOCORRO","CIRURGIA BUCOMAXILOFACIAL","ENCAMINHAMENTO DE URGÊNCIA ","-","","","","","","","","","","","","","","","","","","","","",""
"CENTRO OESTE","HUGO - GOIÂNIA","MÉDIA E ALTA COMPLEXIDADE","URGÊNCIA E EMERGÊNCIA ","PRONTO SOCORRO","CIRURGIA GERAL","ENCAMINHAMENTO DE URGÊNCIA ","HUGO: FAB E FAF, ABDOME AGUDO, HDA COM E SEM REPERCUSSÃO HEMODINÂMICA.","","","","","","","","","","","","","","","","","","","","",""
"CENTRO OESTE","HUGO - GOIÂNIA","MÉDIA E ALTA COMPLEXIDADE","URGÊNCIA E EMERGÊNCIA ","PRONTO SOCORRO","CIRURGIA TORÁCICA","ENCAMINHAMENTO DE URGÊNCIA ","-","","","","","","","","","","","","","","","","","","","","",""
"CENTRO OESTE","HUGO - GOIÂNIA","MÉDIA E ALTA COMPLEXIDADE","URGÊNCIA E EMERGÊNCIA ","PRONTO SOCORRO","ORTOPEDIA E TRAUMATOLOGIA","ENCAMINHAMENTO DE URGÊNCIA ","HUGO:  TODAS AS FRATURAS E LESÕES, POLITRAUMA, INCLUINDO EXPOSTA. REFERÊNCIA EM COLUNA","","","","","","","","","","","","","","","","","","","","",""
"CENTRO OESTE","HUGO - GOIÂNIA","MÉDIA E ALTA COMPLEXIDADE","URGÊNCIA E EMERGÊNCIA ","PRONTO SOCORRO","NEUROCIRURGIA","ENCAMINHAMENTO DE URGÊNCIA ","HUGO: TCE, AVCH, HEMATOMA SUBARACNOIDE, HEMATOMA SUBDURAL, NEUROCIRURGIA DESCOMPRESSIVA. NÃO TEM SERVIÇO DE HEMODINÂMICA","","","","","","","","","","","","","","","","","","","","",""
"CENTRO OESTE","HUGO - GOIÂNIA","MÉDIA E ALTA COMPLEXIDADE","URGÊNCIA E EMERGÊNCIA ","PRONTO SOCORRO","CIRURGIA VASCULAR/ANGIO","ENCAMINHAMENTO DE URGÊNCIA ","HUGO: AVALIAÇÃO DA VASCULAR PARA DEFINIÇÃO DE CONDUTA, UNIDADE NÃO DISPÕE DE HEMODINÂMICA","","","","","","","","","","","","","","","","","","","","",""
"CENTRO OESTE","HUGO - GOIÂNIA","MÉDIA E ALTA COMPLEXIDADE","URGÊNCIA E EMERGÊNCIA ","PRONTO SOCORRO","CLÍNICA MÉDICA","ENCAMINHAMENTO DE URGÊNCIA ","HUGO: SERVIÇO DE NEFROLOGIA E CARDIOLOGIA DISPONÍVEL","","","","","","","","","","","","","","","","","","","","",""
"CENTRO OESTE","HUGO - GOIÂNIA","MÉDIA E ALTA COMPLEXIDADE","URGÊNCIA E EMERGÊNCIA ","PRONTO SOCORRO","NEUROLOGIA","ENCAMINHAMENTO DE URGÊNCIA ","","","","","","","","","","","","","","","","","","","","","",""
"CENTRO NORTE","HUGO - GOIÂNIA","MÉDIA E ALTA COMPLEXIDADE","URGÊNCIA E EMERGÊNCIA ","PRONTO SOCORRO","CIRURGIA BUCOMAXILOFACIAL","ENCAMINHAMENTO DE URGÊNCIA ","-","","","","","","","","","","","","","","","","","","","","",""
"CENTRO NORTE","HUGO - GOIÂNIA","MÉDIA E ALTA COMPLEXIDADE","URGÊNCIA E EMERGÊNCIA ","PRONTO SOCORRO","CIRURGIA GERAL","ENCAMINHAMENTO DE URGÊNCIA ","HUGO: FAB E FAF, ABDOME AGUDO, HDA COM E SEM REPERCUSSÃO HEMODINÂMICA.","","","","","","","","","","","","","","","","","","","","",""
"CENTRO NORTE","HUGO - GOIÂNIA","MÉDIA E ALTA COMPLEXIDADE","URGÊNCIA E EMERGÊNCIA ","PRONTO SOCORRO","CIRURGIA TORÁCICA","ENCAMINHAMENTO DE URGÊNCIA ","-","","","","","","","","","","","","","","","","","","","","",""
"CENTRO NORTE","HUGO - GOIÂNIA","MÉDIA E ALTA COMPLEXIDADE","URGÊNCIA E EMERGÊNCIA ","PRONTO SOCORRO","ORTOPEDIA E TRAUMATOLOGIA","ENCAMINHAMENTO DE URGÊNCIA ","HUGO:  TODAS AS FRATURAS E LESÕES, POLITRAUMA, INCLUINDO EXPOSTA. REFERÊNCIA EM COLUNA","","","","","","","","","","","","","","","","","","","","",""
"CENTRO NORTE","HUGO - GOIÂNIA","MÉDIA E ALTA COMPLEXIDADE","URGÊNCIA E EMERGÊNCIA ","PRONTO SOCORRO","NEUROCIRURGIA","ENCAMINHAMENTO DE URGÊNCIA ","HUGO: TCE, AVCH, HEMATOMA SUBARACNOIDE, HEMATOMA SUBDURAL, NEUROCIRURGIA DESCOMPRESSIVA. NÃO TEM SERVIÇO DE HEMODINÂMICA","","","","","","","","","","","","","","","","","","","","",""
"CENTRO NORTE","HUGO - GOIÂNIA","MÉDIA E ALTA COMPLEXIDADE","URGÊNCIA E EMERGÊNCIA ","PRONTO SOCORRO","CIRURGIA VASCULAR/ANGIO","ENCAMINHAMENTO DE URGÊNCIA ","HUGO: AVALIAÇÃO DA VASCULAR PARA DEFINIÇÃO DE CONDUTA, UNIDADE NÃO DISPÕE DE HEMODINÂMICA","","","","","","","","","","","","","","","","","","","","",""
"CENTRO NORTE","HUGO - GOIÂNIA","MÉDIA E ALTA COMPLEXIDADE","URGÊNCIA E EMERGÊNCIA ","PRONTO SOCORRO","CLÍNICA MÉDICA","ENCAMINHAMENTO DE URGÊNCIA ","HUGO: SERVIÇO DE NEFROLOGIA E CARDIOLOGIA DISPONÍVEL","","","","","","","","","","","","","","","","","","","","",""
"CENTRO NORTE","HUGO - GOIÂNIA","MÉDIA E ALTA COMPLEXIDADE","URGÊNCIA E EMERGÊNCIA ","PRONTO SOCORRO","NEUROLOGIA","ENCAMINHAMENTO DE URGÊNCIA ","","","","","","","","","","","","","","","","","","","","","",""
"CENTRO SUDESTE","HUGO - GOIÂNIA","MÉDIA E ALTA COMPLEXIDADE","URGÊNCIA E EMERGÊNCIA ","PRONTO SOCORRO","CIRURGIA BUCOMAXILOFACIAL","ENCAMINHAMENTO DE URGÊNCIA ","-","","","","","","","","","","","","","","","","","","","","",""
"CENTRO SUDESTE","HUGO - GOIÂNIA","MÉDIA E ALTA COMPLEXIDADE","URGÊNCIA E EMERGÊNCIA ","PRONTO SOCORRO","CIRURGIA GERAL","ENCAMINHAMENTO DE URGÊNCIA ","HUGO: FAB E FAF, ABDOME AGUDO, HDA COM E SEM REPERCUSSÃO HEMODINÂMICA.","","","","","","","","","","","","","","","","","","","","",""
"CENTRO SUDESTE","HUGO - GOIÂNIA","MÉDIA E ALTA COMPLEXIDADE","URGÊNCIA E EMERGÊNCIA ","PRONTO SOCORRO","CIRURGIA TORÁCICA","ENCAMINHAMENTO DE URGÊNCIA ","-","","","","","","","","","","","","","","","","","","","","",""
"CENTRO SUDESTE","HUGO - GOIÂNIA","MÉDIA E ALTA COMPLEXIDADE","URGÊNCIA E EMERGÊNCIA ","PRONTO SOCORRO","ORTOPEDIA E TRAUMATOLOGIA","ENCAMINHAMENTO DE URGÊNCIA ","HUGO:  TODAS AS FRATURAS E LESÕES, POLITRAUMA, INCLUINDO EXPOSTA. REFERÊNCIA EM COLUNA","","","","","","","","","","","","","","","","","","","","",""
"CENTRO SUDESTE","HUGO - GOIÂNIA","MÉDIA E ALTA COMPLEXIDADE","URGÊNCIA E EMERGÊNCIA ","PRONTO SOCORRO","NEUROCIRURGIA","ENCAMINHAMENTO DE URGÊNCIA ","HUGO: TCE, AVCH, HEMATOMA SUBARACNOIDE, HEMATOMA SUBDURAL, NEUROCIRURGIA DESCOMPRESSIVA. NÃO TEM SERVIÇO DE HEMODINÂMICA","","","","","","","","","","","","","","","","","","","","",""
"CENTRO SUDESTE","HUGO - GOIÂNIA","MÉDIA E ALTA COMPLEXIDADE","URGÊNCIA E EMERGÊNCIA ","PRONTO SOCORRO","CIRURGIA VASCULAR/ANGIO","ENCAMINHAMENTO DE URGÊNCIA ","HUGO: AVALIAÇÃO DA VASCULAR PARA DEFINIÇÃO DE CONDUTA, UNIDADE NÃO DISPÕE DE HEMODINÂMICA","","","","","","","","","","","","","","","","","","","","",""
"CENTRO SUDESTE","HUGO - GOIÂNIA","MÉDIA E ALTA COMPLEXIDADE","URGÊNCIA E EMERGÊNCIA ","PRONTO SOCORRO","CLÍNICA MÉDICA","ENCAMINHAMENTO DE URGÊNCIA ","HUGO: SERVIÇO DE NEFROLOGIA E CARDIOLOGIA DISPONÍVEL","","","","","","","","","","","","","","","","","","","","",""
"CENTRO SUDESTE","HUGO - GOIÂNIA","MÉDIA E ALTA COMPLEXIDADE","URGÊNCIA E EMERGÊNCIA ","PRONTO SOCORRO","NEUROLOGIA","ENCAMINHAMENTO DE URGÊNCIA ","","","","","","","","","","","","","","","","","","","","","",""
"CENTRO SUDOESTE","HUGO - GOIÂNIA","MÉDIA E ALTA COMPLEXIDADE","URGÊNCIA E EMERGÊNCIA ","PRONTO SOCORRO","CIRURGIA BUCOMAXILOFACIAL","ENCAMINHAMENTO DE URGÊNCIA ","-","","","","","","","","","","","","","","","","","","","","",""
"CENTRO SUDOESTE","HUGO - GOIÂNIA","MÉDIA E ALTA COMPLEXIDADE","URGÊNCIA E EMERGÊNCIA ","PRONTO SOCORRO","CIRURGIA GERAL","ENCAMINHAMENTO DE URGÊNCIA ","HUGO: FAB E FAF, ABDOME AGUDO, HDA COM E SEM REPERCUSSÃO HEMODINÂMICA.","","","","","","","","","","","","","","","","","","","","",""
"CENTRO SUDOESTE","HUGO - GOIÂNIA","MÉDIA E ALTA COMPLEXIDADE","URGÊNCIA E EMERGÊNCIA ","PRONTO SOCORRO","CIRURGIA TORÁCICA","ENCAMINHAMENTO DE URGÊNCIA ","-","","","","","","","","","","","","","","","","","","","","",""
"CENTRO SUDOESTE","HUGO - GOIÂNIA","MÉDIA E ALTA COMPLEXIDADE","URGÊNCIA E EMERGÊNCIA ","PRONTO SOCORRO","ORTOPEDIA E TRAUMATOLOGIA","ENCAMINHAMENTO DE URGÊNCIA ","HUGO:  TODAS AS FRATURAS E LESÕES, POLITRAUMA, INCLUINDO EXPOSTA. REFERÊNCIA EM COLUNA","","","","","","","","","","","","","","","","","","","","",""
"CENTRO SUDOESTE","HUGO - GOIÂNIA","MÉDIA E ALTA COMPLEXIDADE","URGÊNCIA E EMERGÊNCIA ","PRONTO SOCORRO","NEUROCIRURGIA","ENCAMINHAMENTO DE URGÊNCIA ","HUGO: TCE, AVCH, HEMATOMA SUBARACNOIDE, HEMATOMA SUBDURAL, NEUROCIRURGIA DESCOMPRESSIVA. NÃO TEM SERVIÇO DE HEMODINÂMICA","","","","","","","","","","","","","","","","","","","","",""
"CENTRO SUDOESTE","HUGO - GOIÂNIA","MÉDIA E ALTA COMPLEXIDADE","URGÊNCIA E EMERGÊNCIA ","PRONTO SOCORRO","CIRURGIA VASCULAR/ANGIO","ENCAMINHAMENTO DE URGÊNCIA ","HUGO: AVALIAÇÃO DA VASCULAR PARA DEFINIÇÃO DE CONDUTA, UNIDADE NÃO DISPÕE DE HEMODINÂMICA","","","","","","","","","","","","","","","","","","","","",""
"CENTRO SUDOESTE","HUGO - GOIÂNIA","MÉDIA E ALTA COMPLEXIDADE","URGÊNCIA E EMERGÊNCIA ","PRONTO SOCORRO","CLÍNICA MÉDICA","ENCAMINHAMENTO DE URGÊNCIA ","HUGO: SERVIÇO DE NEFROLOGIA E CARDIOLOGIA DISPONÍVEL","","","","","","","","","","","","","","","","","","","","",""
"CENTRO SUDOESTE","HUGO - GOIÂNIA","MÉDIA E ALTA COMPLEXIDADE","URGÊNCIA E EMERGÊNCIA ","PRONTO SOCORRO","NEUROLOGIA","ENCAMINHAMENTO DE URGÊNCIA ","","","","","","","","","","","","","","","","","","","","","",""
"NORDESTE","HUGO - GOIÂNIA","MÉDIA E ALTA COMPLEXIDADE","URGÊNCIA E EMERGÊNCIA ","PRONTO SOCORRO","CIRURGIA BUCOMAXILOFACIAL","ENCAMINHAMENTO DE URGÊNCIA ","","","","","","","","","","","","","","","","","","","","","",""
"NORDESTE","HUGO - GOIÂNIA","MÉDIA E ALTA COMPLEXIDADE","URGÊNCIA E EMERGÊNCIA ","PRONTO SOCORRO","CIRURGIA GERAL","ENCAMINHAMENTO DE URGÊNCIA ","HUGO: FAB E FAF, ABDOME AGUDO, HDA COM E SEM REPERCUSSÃO HEMODINÂMICA.","","","","","","","","","","","","","","","","","","","","",""
"NORDESTE","HUGO - GOIÂNIA","MÉDIA E ALTA COMPLEXIDADE","URGÊNCIA E EMERGÊNCIA ","PRONTO SOCORRO","CIRURGIA TORÁCICA","ENCAMINHAMENTO DE URGÊNCIA ","","","","","","","","","","","","","","","","","","","","","",""
"NORDESTE","HUGO - GOIÂNIA","MÉDIA E ALTA COMPLEXIDADE","URGÊNCIA E EMERGÊNCIA ","PRONTO SOCORRO","ORTOPEDIA E TRAUMATOLOGIA","ENCAMINHAMENTO DE URGÊNCIA ","HUGO:  TODAS AS FRATURAS E LESÕES, POLITRAUMA, INCLUINDO EXPOSTA. REFERÊNCIA EM COLUNA","","","","","","","","","","","","","","","","","","","","",""
"NORDESTE","HUGO - GOIÂNIA","MÉDIA E ALTA COMPLEXIDADE","URGÊNCIA E EMERGÊNCIA ","PRONTO SOCORRO","NEUROCIRURGIA","ENCAMINHAMENTO DE URGÊNCIA ","HUGO: TCE, AVCH, HEMATOMA SUBARACNOIDE, HEMATOMA SUBDURAL, NEUROCIRURGIA DESCOMPRESSIVA. NÃO TEM SERVIÇO DE HEMODINÂMICA","","","","","","","","","","","","","","","","","","","","",""
"NORDESTE","HUGO - GOIÂNIA","MÉDIA E ALTA COMPLEXIDADE","URGÊNCIA E EMERGÊNCIA ","PRONTO SOCORRO","CIRURGIA VASCULAR/ANGIO","ENCAMINHAMENTO DE URGÊNCIA ","HUGO: AVALIAÇÃO DA VASCULAR PARA DEFINIÇÃO DE CONDUTA, UNIDADE NÃO DISPÕE DE HEMODINÂMICA","","","","","","","","","","","","","","","","","","","","",""
"NORDESTE","HUGO - GOIÂNIA","MÉDIA E ALTA COMPLEXIDADE","URGÊNCIA E EMERGÊNCIA ","PRONTO SOCORRO","CLÍNICA MÉDICA","ENCAMINHAMENTO DE URGÊNCIA ","","","","","","","","","","","","","","","","","","","","","",""
"NORDESTE","HUGO - GOIÂNIA","MÉDIA E ALTA COMPLEXIDADE","URGÊNCIA E EMERGÊNCIA ","PRONTO SOCORRO","NEUROLOGIA","ENCAMINHAMENTO DE URGÊNCIA ","","","","","","","","","","","","","","","","","","","","","",""
"CENTRO OESTE","HUGOL - GOIÂNIA","EQUIPE - EMAD E EMAP SAD","ATENÇÃO DOMICILIAR","MELHOR EM CASA","EMAD E EMAP","ACEITE DA UNIDADE EXECUTANTE","EMAD E EMAP: EQUIPE REALIZA VISITA TÉCNICA PARA INICIAR O PLANO TERAPÊUTICO","HUGOL ► ABADIA DE GOIÁS,  ARAGOIÂNIA, INHUMAS, CAMPESTRE DE GOIÁS, CATURAÍ, GOIÂNIA, GOIANIRA, GUAPÓ, SANTO ANTÔNIO DE GOIÁS, SANTA BÁRBARA DE GOIÁS, TRINDADE","","","","","","","","","","","","","","","","","","","",""
"CENTRO OESTE","HUGOL - GOIÂNIA","MÉDIA E ALTA COMPLEXIDADE","URGÊNCIA E EMERGÊNCIA ","UTI ADULTO","CIRURGIA BUCOMAXILOFACIAL","INTERNAÇÃO PRÓPRIA (COTA DIRETA)","-","","","","","","","","","","","","","","","","","","","","",""
"CENTRO OESTE","HUGOL - GOIÂNIA","MÉDIA E ALTA COMPLEXIDADE","URGÊNCIA E EMERGÊNCIA ","UTI ADULTO","CIRURGIA GERAL","INTERNAÇÃO PRÓPRIA (COTA DIRETA)","HUGOL: CPRE (CONFORME DISPONIBILIDADE DA UNIDADE), FAB E FAF, ABDOME AGUDO, HDA COM REPERCUSSÃO HEMODINÂMICA.","","","","","","","","","","","","","","","","","","","","",""
"CENTRO OESTE","HUGOL - GOIÂNIA","MÉDIA E ALTA COMPLEXIDADE","URGÊNCIA E EMERGÊNCIA ","UTI ADULTO","ORTOPEDIA E TRAUMATOLOGIA","INTERNAÇÃO PRÓPRIA (COTA DIRETA)","HUGOL:  TODAS AS FRATURAS E LESÕES, POLITRAUMA, INCLUINDO EXPOSTA","","","","","","","","","","","","","","","","","","","","",""
"CENTRO OESTE","HUGOL - GOIÂNIA","MÉDIA E ALTA COMPLEXIDADE","URGÊNCIA E EMERGÊNCIA ","UTI ADULTO","NEUROCIRURGIA","INTERNAÇÃO PRÓPRIA (COTA DIRETA)","HUGOL: ANEURISMA CEREBRAL ROTO, HEMATOMA SUBARACNOIDE, HEMATOMA SUBDURAL, NEUROCIRURGIA DESCOMPRESSIVA, ANGIOFRAFIA, CLIPAGEM, EMBOLIZAÇÃO/TROMBECTOMIA. TEM O SERVIÇO DE HEMODINâMICA","","","","","","","","","","","","","","","","","","","","",""
"CENTRO OESTE","HUGOL - GOIÂNIA","MÉDIA E ALTA COMPLEXIDADE","URGÊNCIA E EMERGÊNCIA ","UTI PEDIATRICA","NEUROCIRURGIA PEDIÁTRICA","INTERNAÇÃO PRÓPRIA (COTA DIRETA)","HUGOL: RN COM PATOLOGIA NEUROCIRURGICA (MIELOMENINGOCELE E HIDROCEFALIA AGUDA);","","","","","","","","","","","","","","","","","","","","",""
"CENTRO OESTE","HUGOL - GOIÂNIA","MÉDIA E ALTA COMPLEXIDADE","URGÊNCIA E EMERGÊNCIA ","UTI ADULTO","CIRURGIA VASCULAR/ANGIO","INTERNAÇÃO PRÓPRIA (COTA DIRETA)","HUGOL: TEM O SERVIÇO DE HEMODINâMICA VASCULAR, EXCETO PARA DOENÇAS CRôNICAS","","","","","","","","","","","","","","","","","","","","",""
"CENTRO OESTE","HUGOL - GOIÂNIA","MÉDIA E ALTA COMPLEXIDADE","URGÊNCIA E EMERGÊNCIA ","UTI ADULTO","CLÍNICA MÉDICA","INTERNAÇÃO PRÓPRIA (COTA DIRETA)","HUGOL: NEFROLOGIA, CARDIOLOGIA, NEUROLOGIA (TORÁCICA E HEMATO APENAS PARA PACIENTES INTERNADOS)","","","","","","","","","","","","","","","","","","","","",""
"CENTRO OESTE","HUGOL - GOIÂNIA","MÉDIA E ALTA COMPLEXIDADE","URGÊNCIA E EMERGÊNCIA ","UTI ADULTO","UROLOGIA","INTERNAÇÃO PRÓPRIA (COTA DIRETA)","HUGOL: TRAUMA UROLÓGICO","","","","","","","","","","","","","","","","","","","","",""
"CENTRO OESTE","HUGOL - GOIÂNIA","MÉDIA E ALTA COMPLEXIDADE","URGÊNCIA E EMERGÊNCIA ","UTI ADULTO","QUEIMADOS","INTERNAÇÃO PRÓPRIA (COTA DIRETA)","HUGOL: MÉDIO E GRANDE QUEIMADO","","","","","","","","","","","","","","","","","","","","",""
"CENTRO OESTE","HUGOL - GOIÂNIA","MÉDIA E ALTA COMPLEXIDADE","URGÊNCIA E EMERGÊNCIA ","UTI ADULTO","CARDIOVASCULAR","INTERNAÇÃO PRÓPRIA (COTA DIRETA)","HUGOL: CATETERISMO, ANGIOPLASTIA, MARCAPASSO, REVASCUL. MIOCARDIO, TROCA VALVAR E DEMAIS CIRURGIAS CARDIACAS - NÃO REALIZA ABLAÇÃO E IMPLANTE DE CDI","","","","","","","","","","","","","","","","","","","","",""
"CENTRO OESTE","HUGOL - GOIÂNIA","MÉDIA E ALTA COMPLEXIDADE","URGÊNCIA E EMERGÊNCIA ","UTI PEDIATRICA","CARDIOLOGIA PEDIÁTRICA CIRÚRGICA","INTERNAÇÃO PRÓPRIA (COTA DIRETA)","HUGOL: RN GRAVE COM CARDIOPATIA CONGÊNITA CONFIRMADA (APENAS PERFIL CIRÚRGICO, PRONTO PARA OPERAR)","","","","","","","","","","","","","","","","","","","","",""
"CENTRO OESTE","HUGOL - GOIÂNIA","MÉDIA E ALTA COMPLEXIDADE","URGÊNCIA E EMERGÊNCIA ","ENFERMARIA PEDIATRICA","PEDIATRIA","INTERNAÇÃO PRÓPRIA (COTA DIRETA)","HUGOL - TRAUMA PEDIÁTRICO/QUEIMADO / CPRE PARA CRIANÇAS A PARTIR DE 10KG","","","","","","","","","","","","","","","","","","","","",""
"CENTRO OESTE","HUGOL - GOIÂNIA","MÉDIA E ALTA COMPLEXIDADE","URGÊNCIA E EMERGÊNCIA ","ENFERMARIA PEDIATRICA","ORTOPEDIA E TRAUMATOLOGIA PEDIÁTRICA","INTERNAÇÃO PRÓPRIA (COTA DIRETA)","-","","","","","","","","","","","","","","","","","","","","",""
"CENTRO NORTE","HUGOL - GOIÂNIA","MÉDIA E ALTA COMPLEXIDADE","URGÊNCIA E EMERGÊNCIA ","UTI ADULTO","CIRURGIA BUCOMAXILOFACIAL","INTERNAÇÃO PRÓPRIA (COTA DIRETA)","-","","","","","","","","","","","","","","","","","","","","",""
"CENTRO NORTE","HUGOL - GOIÂNIA","MÉDIA E ALTA COMPLEXIDADE","URGÊNCIA E EMERGÊNCIA ","UTI ADULTO","ORTOPEDIA E TRAUMATOLOGIA","INTERNAÇÃO PRÓPRIA (COTA DIRETA)","HUGOL:  TODAS AS FRATURAS E LESÕES, POLITRAUMA, INCLUINDO EXPOSTA","","","","","","","","","","","","","","","","","","","","",""
"CENTRO NORTE","HUGOL - GOIÂNIA","MÉDIA E ALTA COMPLEXIDADE","URGÊNCIA E EMERGÊNCIA ","UTI ADULTO","NEUROCIRURGIA","INTERNAÇÃO PRÓPRIA (COTA DIRETA)","HUGOL: ANEURISMA CEREBRAL ROTO, HEMATOMA SUBARACNOIDE, HEMATOMA SUBDURAL, NEUROCIRURGIA DESCOMPRESSIVA, ANGIOFRAFIA, CLIPAGEM, EMBOLIZAÇÃO/TROMBECTOMIA. TEM O SERVIÇO DE HEMODINâMICA","","","","","","","","","","","","","","","","","","","","",""
"CENTRO NORTE","HUGOL - GOIÂNIA","MÉDIA E ALTA COMPLEXIDADE","URGÊNCIA E EMERGÊNCIA ","UTI PEDIATRICA","NEUROCIRURGIA PEDIÁTRICA","INTERNAÇÃO PRÓPRIA (COTA DIRETA)","HUGOL: RN COM PATOLOGIA NEUROCIRURGICA (MIELOMENINGOCELE E HIDROCEFALIA AGUDA);","","","","","","","","","","","","","","","","","","","","",""
"CENTRO NORTE","HUGOL - GOIÂNIA","MÉDIA E ALTA COMPLEXIDADE","URGÊNCIA E EMERGÊNCIA ","UTI ADULTO","CIRURGIA VASCULAR/ANGIO","INTERNAÇÃO PRÓPRIA (COTA DIRETA)","HUGOL: TEM O SERVIÇO DE HEMODINâMICA VASCULAR, EXCETO PARA DOENÇAS CRôNICAS","","","","","","","","","","","","","","","","","","","","",""
"CENTRO NORTE","HUGOL - GOIÂNIA","MÉDIA E ALTA COMPLEXIDADE","URGÊNCIA E EMERGÊNCIA ","UTI ADULTO","CLÍNICA MÉDICA","INTERNAÇÃO PRÓPRIA (COTA DIRETA)","HUGOL: NEFROLOGIA, CARDIOLOGIA, NEUROLOGIA (TORÁCICA E HEMATO APENAS PARA PACIENTES INTERNADOS)","","","","","","","","","","","","","","","","","","","","",""
"CENTRO NORTE","HUGOL - GOIÂNIA","MÉDIA E ALTA COMPLEXIDADE","URGÊNCIA E EMERGÊNCIA ","UTI ADULTO","UROLOGIA","INTERNAÇÃO PRÓPRIA (COTA DIRETA)","HUGOL: TRAUMA UROLÓGICO","","","","","","","","","","","","","","","","","","","","",""
"CENTRO NORTE","HUGOL - GOIÂNIA","MÉDIA E ALTA COMPLEXIDADE","URGÊNCIA E EMERGÊNCIA ","UTI ADULTO","QUEIMADOS","INTERNAÇÃO PRÓPRIA (COTA DIRETA)","HUGOL: MÉDIO E GRANDE QUEIMADO","","","","","","","","","","","","","","","","","","","","",""
"CENTRO NORTE","HUGOL - GOIÂNIA","MÉDIA E ALTA COMPLEXIDADE","URGÊNCIA E EMERGÊNCIA ","UTI ADULTO","CARDIOVASCULAR","INTERNAÇÃO PRÓPRIA (COTA DIRETA)","HUGOL: CATETERISMO, ANGIOPLASTIA, MARCAPASSO, REVASCUL. MIOCARDIO, TROCA VALVAR E DEMAIS CIRURGIAS CARDIACAS - NÃO REALIZA ABLAÇÃO E IMPLANTE DE CDI","","","","","","","","","","","","","","","","","","","","",""
"CENTRO NORTE","HUGOL - GOIÂNIA","MÉDIA E ALTA COMPLEXIDADE","URGÊNCIA E EMERGÊNCIA ","UTI PEDIATRICA","CARDIOLOGIA PEDIÁTRICA CIRÚRGICA","INTERNAÇÃO PRÓPRIA (COTA DIRETA)","HUGOL: RN GRAVE COM CARDIOPATIA CONGÊNITA CONFIRMADA (APENAS PERFIL CIRÚRGICO, PRONTO PARA OPERAR)","","","","","","","","","","","","","","","","","","","","",""
"CENTRO NORTE","HUGOL - GOIÂNIA","MÉDIA E ALTA COMPLEXIDADE","URGÊNCIA E EMERGÊNCIA ","ENFERMARIA PEDIATRICA","PEDIATRIA","INTERNAÇÃO PRÓPRIA (COTA DIRETA)","HUGOL - TRAUMA PEDIÁTRICO/QUEIMADO / CPRE PARA CRIANÇAS A PARTIR DE 10KG","","","","","","","","","","","","","","","","","","","","",""
"CENTRO NORTE","HUGOL - GOIÂNIA","MÉDIA E ALTA COMPLEXIDADE","URGÊNCIA E EMERGÊNCIA ","ENFERMARIA PEDIATRICA","ORTOPEDIA E TRAUMATOLOGIA PEDIÁTRICA","INTERNAÇÃO PRÓPRIA (COTA DIRETA)","-","","","","","","","","","","","","","","","","","","","","",""
"CENTRO SUDESTE","HUGOL - GOIÂNIA","MÉDIA E ALTA COMPLEXIDADE","URGÊNCIA E EMERGÊNCIA ","UTI ADULTO","CIRURGIA BUCOMAXILOFACIAL","INTERNAÇÃO PRÓPRIA (COTA DIRETA)","-","","","","","","","","","","","","","","","","","","","","",""
"CENTRO SUDESTE","HUGOL - GOIÂNIA","MÉDIA E ALTA COMPLEXIDADE","URGÊNCIA E EMERGÊNCIA ","UTI ADULTO","ORTOPEDIA E TRAUMATOLOGIA","INTERNAÇÃO PRÓPRIA (COTA DIRETA)","HUGOL:  TODAS AS FRATURAS E LESÕES, POLITRAUMA, INCLUINDO EXPOSTA","","","","","","","","","","","","","","","","","","","","",""
"CENTRO SUDESTE","HUGOL - GOIÂNIA","MÉDIA E ALTA COMPLEXIDADE","URGÊNCIA E EMERGÊNCIA ","UTI ADULTO","NEUROCIRURGIA","INTERNAÇÃO PRÓPRIA (COTA DIRETA)","HUGOL: ANEURISMA CEREBRAL ROTO, HEMATOMA SUBARACNOIDE, HEMATOMA SUBDURAL, NEUROCIRURGIA DESCOMPRESSIVA, ANGIOFRAFIA, CLIPAGEM, EMBOLIZAÇÃO/TROMBECTOMIA. TEM O SERVIÇO DE HEMODINâMICA","","","","","","","","","","","","","","","","","","","","",""
"CENTRO SUDESTE","HUGOL - GOIÂNIA","MÉDIA E ALTA COMPLEXIDADE","URGÊNCIA E EMERGÊNCIA ","UTI PEDIATRICA","NEUROCIRURGIA PEDIÁTRICA","INTERNAÇÃO PRÓPRIA (COTA DIRETA)","HUGOL: RN COM PATOLOGIA NEUROCIRURGICA (MIELOMENINGOCELE E HIDROCEFALIA AGUDA);","","","","","","","","","","","","","","","","","","","","",""
"CENTRO SUDESTE","HUGOL - GOIÂNIA","MÉDIA E ALTA COMPLEXIDADE","URGÊNCIA E EMERGÊNCIA ","UTI ADULTO","CIRURGIA VASCULAR/ANGIO","INTERNAÇÃO PRÓPRIA (COTA DIRETA)","HUGOL: TEM O SERVIÇO DE HEMODINâMICA VASCULAR, EXCETO PARA DOENÇAS CRôNICAS","","","","","","","","","","","","","","","","","","","","",""
"CENTRO SUDESTE","HUGOL - GOIÂNIA","MÉDIA E ALTA COMPLEXIDADE","URGÊNCIA E EMERGÊNCIA ","UTI ADULTO","CLÍNICA MÉDICA","INTERNAÇÃO PRÓPRIA (COTA DIRETA)","HUGOL: NEFROLOGIA, CARDIOLOGIA, NEUROLOGIA (TORÁCICA E HEMATO APENAS PARA PACIENTES INTERNADOS)","","","","","","","","","","","","","","","","","","","","",""
"CENTRO SUDESTE","HUGOL - GOIÂNIA","MÉDIA E ALTA COMPLEXIDADE","URGÊNCIA E EMERGÊNCIA ","UTI ADULTO","UROLOGIA","INTERNAÇÃO PRÓPRIA (COTA DIRETA)","HUGOL: TRAUMA UROLÓGICO","","","","","","","","","","","","","","","","","","","","",""
"CENTRO SUDESTE","HUGOL - GOIÂNIA","MÉDIA E ALTA COMPLEXIDADE","URGÊNCIA E EMERGÊNCIA ","UTI ADULTO","QUEIMADOS","INTERNAÇÃO PRÓPRIA (COTA DIRETA)","HUGOL: MÉDIO E GRANDE QUEIMADO","","","","","","","","","","","","","","","","","","","","",""
"CENTRO SUDESTE","HUGOL - GOIÂNIA","MÉDIA E ALTA COMPLEXIDADE","URGÊNCIA E EMERGÊNCIA ","UTI ADULTO","CARDIOVASCULAR","INTERNAÇÃO PRÓPRIA (COTA DIRETA)","HUGOL: CATETERISMO, ANGIOPLASTIA, MARCAPASSO, REVASCUL. MIOCARDIO, TROCA VALVAR E DEMAIS CIRURGIAS CARDIACAS - NÃO REALIZA ABLAÇÃO E IMPLANTE DE CDI","","","","","","","","","","","","","","","","","","","","",""
"CENTRO SUDESTE","HUGOL - GOIÂNIA","MÉDIA E ALTA COMPLEXIDADE","URGÊNCIA E EMERGÊNCIA ","UTI PEDIATRICA","CARDIOLOGIA PEDIÁTRICA CIRÚRGICA","INTERNAÇÃO PRÓPRIA (COTA DIRETA)","HUGOL: RN GRAVE COM CARDIOPATIA CONGÊNITA CONFIRMADA (APENAS PERFIL CIRÚRGICO, PRONTO PARA OPERAR)","","","","","","","","","","","","","","","","","","","","",""
"CENTRO SUDESTE","HUGOL - GOIÂNIA","MÉDIA E ALTA COMPLEXIDADE","URGÊNCIA E EMERGÊNCIA ","ENFERMARIA PEDIATRICA","PEDIATRIA","INTERNAÇÃO PRÓPRIA (COTA DIRETA)","HUGOL - TRAUMA PEDIÁTRICO/QUEIMADO / CPRE PARA CRIANÇAS A PARTIR DE 10KG","","","","","","","","","","","","","","","","","","","","",""
"CENTRO SUDESTE","HUGOL - GOIÂNIA","MÉDIA E ALTA COMPLEXIDADE","URGÊNCIA E EMERGÊNCIA ","ENFERMARIA PEDIATRICA","ORTOPEDIA E TRAUMATOLOGIA PEDIÁTRICA","INTERNAÇÃO PRÓPRIA (COTA DIRETA)","-","","","","","","","","","","","","","","","","","","","","",""
"CENTRO SUDOESTE","HUGOL - GOIÂNIA","MÉDIA E ALTA COMPLEXIDADE","URGÊNCIA E EMERGÊNCIA ","UTI ADULTO","CIRURGIA BUCOMAXILOFACIAL","INTERNAÇÃO PRÓPRIA (COTA DIRETA)","-","","","","","","","","","","","","","","","","","","","","",""
"CENTRO SUDOESTE","HUGOL - GOIÂNIA","MÉDIA E ALTA COMPLEXIDADE","URGÊNCIA E EMERGÊNCIA ","UTI ADULTO","ORTOPEDIA E TRAUMATOLOGIA","INTERNAÇÃO PRÓPRIA (COTA DIRETA)","HUGOL:  TODAS AS FRATURAS E LESÕES, POLITRAUMA, INCLUINDO EXPOSTA","","","","","","","","","","","","","","","","","","","","",""
"CENTRO SUDOESTE","HUGOL - GOIÂNIA","MÉDIA E ALTA COMPLEXIDADE","URGÊNCIA E EMERGÊNCIA ","UTI ADULTO","NEUROCIRURGIA","INTERNAÇÃO PRÓPRIA (COTA DIRETA)","HUGOL: ANEURISMA CEREBRAL ROTO, HEMATOMA SUBARACNOIDE, HEMATOMA SUBDURAL, NEUROCIRURGIA DESCOMPRESSIVA, ANGIOFRAFIA, CLIPAGEM, EMBOLIZAÇÃO/TROMBECTOMIA. TEM O SERVIÇO DE HEMODINâMICA","","","","","","","","","","","","","","","","","","","","",""
"CENTRO SUDOESTE","HUGOL - GOIÂNIA","MÉDIA E ALTA COMPLEXIDADE","URGÊNCIA E EMERGÊNCIA ","UTI PEDIATRICA","NEUROCIRURGIA PEDIÁTRICA","INTERNAÇÃO PRÓPRIA (COTA DIRETA)","HUGOL: RN COM PATOLOGIA NEUROCIRURGICA (MIELOMENINGOCELE E HIDROCEFALIA AGUDA);","","","","","","","","","","","","","","","","","","","","",""
"CENTRO SUDOESTE","HUGOL - GOIÂNIA","MÉDIA E ALTA COMPLEXIDADE","URGÊNCIA E EMERGÊNCIA ","UTI ADULTO","CIRURGIA VASCULAR/ANGIO","INTERNAÇÃO PRÓPRIA (COTA DIRETA)","HUGOL: TEM O SERVIÇO DE HEMODINâMICA VASCULAR, EXCETO PARA DOENÇAS CRôNICAS","","","","","","","","","","","","","","","","","","","","",""
"CENTRO SUDOESTE","HUGOL - GOIÂNIA","MÉDIA E ALTA COMPLEXIDADE","URGÊNCIA E EMERGÊNCIA ","UTI ADULTO","CLÍNICA MÉDICA","INTERNAÇÃO PRÓPRIA (COTA DIRETA)","HUGOL: NEFROLOGIA, CARDIOLOGIA, NEUROLOGIA (TORÁCICA E HEMATO APENAS PARA PACIENTES INTERNADOS)","","","","","","","","","","","","","","","","","","","","",""
"CENTRO SUDOESTE","HUGOL - GOIÂNIA","MÉDIA E ALTA COMPLEXIDADE","URGÊNCIA E EMERGÊNCIA ","UTI ADULTO","UROLOGIA","INTERNAÇÃO PRÓPRIA (COTA DIRETA)","HUGOL: TRAUMA UROLÓGICO","","","","","","","","","","","","","","","","","","","","",""
"CENTRO SUDOESTE","HUGOL - GOIÂNIA","MÉDIA E ALTA COMPLEXIDADE","URGÊNCIA E EMERGÊNCIA ","UTI ADULTO","QUEIMADOS","INTERNAÇÃO PRÓPRIA (COTA DIRETA)","HUGOL: MÉDIO E GRANDE QUEIMADO","","","","","","","","","","","","","","","","","","","","",""
"CENTRO SUDOESTE","HUGOL - GOIÂNIA","MÉDIA E ALTA COMPLEXIDADE","URGÊNCIA E EMERGÊNCIA ","UTI ADULTO","CARDIOVASCULAR","INTERNAÇÃO PRÓPRIA (COTA DIRETA)","HUGOL: CATETERISMO, ANGIOPLASTIA, MARCAPASSO, REVASCUL. MIOCARDIO, TROCA VALVAR E DEMAIS CIRURGIAS CARDIACAS - NÃO REALIZA ABLAÇÃO E IMPLANTE DE CDI","","","","","","","","","","","","","","","","","","","","",""
"CENTRO SUDOESTE","HUGOL - GOIÂNIA","MÉDIA E ALTA COMPLEXIDADE","URGÊNCIA E EMERGÊNCIA ","UTI PEDIATRICA","CARDIOLOGIA PEDIÁTRICA CIRÚRGICA","INTERNAÇÃO PRÓPRIA (COTA DIRETA)","HUGOL: RN GRAVE COM CARDIOPATIA CONGÊNITA CONFIRMADA (APENAS PERFIL CIRÚRGICO, PRONTO PARA OPERAR)","","","","","","","","","","","","","","","","","","","","",""
"CENTRO SUDOESTE","HUGOL - GOIÂNIA","MÉDIA E ALTA COMPLEXIDADE","URGÊNCIA E EMERGÊNCIA ","ENFERMARIA PEDIATRICA","PEDIATRIA","INTERNAÇÃO PRÓPRIA (COTA DIRETA)","HUGOL - TRAUMA PEDIÁTRICO/QUEIMADO / CPRE PARA CRIANÇAS A PARTIR DE 10KG","","","","","","","","","","","","","","","","","","","","",""
"CENTRO SUDOESTE","HUGOL - GOIÂNIA","MÉDIA E ALTA COMPLEXIDADE","URGÊNCIA E EMERGÊNCIA ","ENFERMARIA PEDIATRICA","ORTOPEDIA E TRAUMATOLOGIA PEDIÁTRICA","INTERNAÇÃO PRÓPRIA (COTA DIRETA)","-","","","","","","","","","","","","","","","","","","","","",""
"NORDESTE","HUGOL - GOIÂNIA","MÉDIA E ALTA COMPLEXIDADE","URGÊNCIA E EMERGÊNCIA ","UTI ADULTO","CIRURGIA BUCOMAXILOFACIAL","INTERNAÇÃO PRÓPRIA (COTA DIRETA)","","","","","","","","","","","","","","","","","","","","","",""
"NORDESTE","HUGOL - GOIÂNIA","MÉDIA E ALTA COMPLEXIDADE","URGÊNCIA E EMERGÊNCIA ","UTI ADULTO","ORTOPEDIA E TRAUMATOLOGIA","INTERNAÇÃO PRÓPRIA (COTA DIRETA)","HUGOL:  TODAS AS FRATURAS E LESÕES, POLITRAUMA, INCLUINDO EXPOSTA","","","","","","","","","","","","","","","","","","","","",""
"NORDESTE","HUGOL - GOIÂNIA","MÉDIA E ALTA COMPLEXIDADE","URGÊNCIA E EMERGÊNCIA ","UTI ADULTO","NEUROCIRURGIA","INTERNAÇÃO PRÓPRIA (COTA DIRETA)","HUGOL: ANEURISMA CEREBRAL ROTO, HEMATOMA SUBARACNOIDE, HEMATOMA SUBDURAL, NEUROCIRURGIA DESCOMPRESSIVA, ANGIOFRAFIA, CLIPAGEM, EMBOLIZAÇÃO/TROMBECTOMIA. TEM O SERVIÇO DE HEMODINâMICA","","","","","","","","","","","","","","","","","","","","",""
"NORDESTE","HUGOL - GOIÂNIA","MÉDIA E ALTA COMPLEXIDADE","URGÊNCIA E EMERGÊNCIA ","UTI PEDIATRICA","NEUROCIRURGIA PEDIÁTRICA","INTERNAÇÃO PRÓPRIA (COTA DIRETA)","HUGOL: RN COM PATOLOGIA NEUROCIRURGICA (MIELOMENINGOCELE E HIDROCEFALIA AGUDA);","","","","","","","","","","","","","","","","","","","","",""
"NORDESTE","HUGOL - GOIÂNIA","MÉDIA E ALTA COMPLEXIDADE","URGÊNCIA E EMERGÊNCIA ","UTI ADULTO","CIRURGIA VASCULAR/ANGIO","INTERNAÇÃO PRÓPRIA (COTA DIRETA)","HUGOL: TEM O SERVIÇO DE HEMODINâMICA VASCULAR, EXCETO PARA DOENÇAS CRôNICAS","","","","","","","","","","","","","","","","","","","","",""
"NORDESTE","HUGOL - GOIÂNIA","MÉDIA E ALTA COMPLEXIDADE","URGÊNCIA E EMERGÊNCIA ","UTI ADULTO","CLÍNICA MÉDICA","INTERNAÇÃO PRÓPRIA (COTA DIRETA)","","","","","","","","","","","","","","","","","","","","","",""
"NORDESTE","HUGOL - GOIÂNIA","MÉDIA E ALTA COMPLEXIDADE","URGÊNCIA E EMERGÊNCIA ","UTI ADULTO","UROLOGIA","INTERNAÇÃO PRÓPRIA (COTA DIRETA)","","","","","","","","","","","","","","","","","","","","","",""
"NORDESTE","HUGOL - GOIÂNIA","MÉDIA E ALTA COMPLEXIDADE","URGÊNCIA E EMERGÊNCIA ","UTI ADULTO","QUEIMADOS","INTERNAÇÃO PRÓPRIA (COTA DIRETA)","HUGOL: MÉDIO E GRANDE QUEIMADO","","","","","","","","","","","","","","","","","","","","",""
"NORDESTE","HUGOL - GOIÂNIA","MÉDIA E ALTA COMPLEXIDADE","URGÊNCIA E EMERGÊNCIA ","UTI ADULTO","CARDIOVASCULAR","INTERNAÇÃO PRÓPRIA (COTA DIRETA)","HUGOL: CATETERISMO, ANGIOPLASTIA, MARCAPASSO, REVASCUL. MIOCARDIO, TROCA VALVAR E DEMAIS CIRURGIAS CARDIACAS - NÃO REALIZA ABLAÇÃO E IMPLANTE DE CDI","","","","","","","","","","","","","","","","","","","","",""
"NORDESTE","HUGOL - GOIÂNIA","MÉDIA E ALTA COMPLEXIDADE","URGÊNCIA E EMERGÊNCIA ","UTI PEDIATRICA","CARDIOLOGIA PEDIÁTRICA CIRÚRGICA","INTERNAÇÃO PRÓPRIA (COTA DIRETA)","HUGOL: RN GRAVE COM CARDIOPATIA CONGÊNITA CONFIRMADA (APENAS PERFIL CIRÚRGICO, PRONTO PARA OPERAR)","","","","","","","","","","","","","","","","","","","","",""
"NORDESTE","HUGOL - GOIÂNIA","MÉDIA E ALTA COMPLEXIDADE","URGÊNCIA E EMERGÊNCIA ","ENFERMARIA PEDIATRICA","PEDIATRIA","INTERNAÇÃO PRÓPRIA (COTA DIRETA)","HUGOL - TRAUMA PEDIÁTRICO/QUEIMADO / CPRE PARA CRIANÇAS A PARTIR DE 10KG","","","","","","","","","","","","","","","","","","","","",""
"NORDESTE","HUGOL - GOIÂNIA","MÉDIA E ALTA COMPLEXIDADE","URGÊNCIA E EMERGÊNCIA ","ENFERMARIA PEDIATRICA","ORTOPEDIA E TRAUMATOLOGIA PEDIÁTRICA","INTERNAÇÃO PRÓPRIA (COTA DIRETA)","","","","","","","","","","","","","","","","","","","","","",""
"CENTRO OESTE","HUGOL - GOIÂNIA","MÉDIA E ALTA COMPLEXIDADE","URGÊNCIA E EMERGÊNCIA ","UTI ADULTO","CIRURGIA BUCOMAXILOFACIAL","INTERNAÇÃO PRÓPRIA (COTA DIRETA)","","","","","","","","","","","","","","","","","","","","","",""
"CENTRO OESTE","HUGOL - GOIÂNIA","MÉDIA E ALTA COMPLEXIDADE","URGÊNCIA E EMERGÊNCIA ","UTI ADULTO","ORTOPEDIA E TRAUMATOLOGIA","INTERNAÇÃO PRÓPRIA (COTA DIRETA)","HUGOL:  TODAS AS FRATURAS E LESÕES, POLITRAUMA, INCLUINDO EXPOSTA","","","","","","","","","","","","","","","","","","","","",""
"CENTRO OESTE","HUGOL - GOIÂNIA","MÉDIA E ALTA COMPLEXIDADE","URGÊNCIA E EMERGÊNCIA ","UTI ADULTO","NEUROCIRURGIA","INTERNAÇÃO PRÓPRIA (COTA DIRETA)","HUGOL: ANEURISMA CEREBRAL ROTO, HEMATOMA SUBARACNOIDE, HEMATOMA SUBDURAL, NEUROCIRURGIA DESCOMPRESSIVA, ANGIOFRAFIA, CLIPAGEM, EMBOLIZAÇÃO/TROMBECTOMIA. TEM O SERVIÇO DE HEMODINâMICA","","","","","","","","","","","","","","","","","","","","",""
"CENTRO OESTE","HUGOL - GOIÂNIA","MÉDIA E ALTA COMPLEXIDADE","URGÊNCIA E EMERGÊNCIA ","UTI ADULTO","CIRURGIA VASCULAR/ANGIO","INTERNAÇÃO PRÓPRIA (COTA DIRETA)","HUGOL: TEM O SERVIÇO DE HEMODINâMICA VASCULAR, EXCETO PARA DOENÇAS CRôNICAS","","","","","","","","","","","","","","","","","","","","",""
"CENTRO OESTE","HUGOL - GOIÂNIA","MÉDIA E ALTA COMPLEXIDADE","URGÊNCIA E EMERGÊNCIA ","UTI ADULTO","CLÍNICA MÉDICA","INTERNAÇÃO PRÓPRIA (COTA DIRETA)","","","","","","","","","","","","","","","","","","","","","",""
"CENTRO OESTE","HUGOL - GOIÂNIA","MÉDIA E ALTA COMPLEXIDADE","URGÊNCIA E EMERGÊNCIA ","UTI ADULTO","UROLOGIA","INTERNAÇÃO PRÓPRIA (COTA DIRETA)","","","","","","","","","","","","","","","","","","","","","",""
"CENTRO OESTE","HUGOL - GOIÂNIA","MÉDIA E ALTA COMPLEXIDADE","URGÊNCIA E EMERGÊNCIA ","UTI ADULTO","QUEIMADOS","INTERNAÇÃO PRÓPRIA (COTA DIRETA)","HUGOL: MÉDIO E GRANDE QUEIMADO","","","","","","","","","","","","","","","","","","","","",""
"CENTRO OESTE","HUGOL - GOIÂNIA","MÉDIA E ALTA COMPLEXIDADE","URGÊNCIA E EMERGÊNCIA ","UTI ADULTO","CARDIOVASCULAR","INTERNAÇÃO PRÓPRIA (COTA DIRETA)","HUGOL: CATETERISMO, ANGIOPLASTIA, MARCAPASSO, REVASCUL. MIOCARDIO, TROCA VALVAR E DEMAIS CIRURGIAS CARDIACAS - NÃO REALIZA ABLAÇÃO E IMPLANTE DE CDI","","","","","","","","","","","","","","","","","","","","",""
"CENTRO NORTE","HUGOL - GOIÂNIA","MÉDIA E ALTA COMPLEXIDADE","URGÊNCIA E EMERGÊNCIA ","UTI ADULTO","CIRURGIA BUCOMAXILOFACIAL","INTERNAÇÃO PRÓPRIA (COTA DIRETA)","","","","","","","","","","","","","","","","","","","","","",""
"CENTRO NORTE","HUGOL - GOIÂNIA","MÉDIA E ALTA COMPLEXIDADE","URGÊNCIA E EMERGÊNCIA ","UTI ADULTO","ORTOPEDIA E TRAUMATOLOGIA","INTERNAÇÃO PRÓPRIA (COTA DIRETA)","HUGOL:  TODAS AS FRATURAS E LESÕES, POLITRAUMA, INCLUINDO EXPOSTA","","","","","","","","","","","","","","","","","","","","",""
"CENTRO NORTE","HUGOL - GOIÂNIA","MÉDIA E ALTA COMPLEXIDADE","URGÊNCIA E EMERGÊNCIA ","UTI ADULTO","NEUROCIRURGIA","INTERNAÇÃO PRÓPRIA (COTA DIRETA)","HUGOL: TCE, AVCH. TEM O SERVIÇO DE HEMODINÂMICA (ANGIOGRAFIA, CLIPAGEM, EMBOLIZAÇÃO/TROMBECTOMIA)","","","","","","","","","","","","","","","","","","","","",""
"CENTRO NORTE","HUGOL - GOIÂNIA","MÉDIA E ALTA COMPLEXIDADE","URGÊNCIA E EMERGÊNCIA ","UTI ADULTO","CIRURGIA VASCULAR/ANGIO","INTERNAÇÃO PRÓPRIA (COTA DIRETA)","HUGOL: TEM O SERVIÇO DE HEMODINâMICA VASCULAR, EXCETO PARA DOENÇAS CRôNICAS","","","","","","","","","","","","","","","","","","","","",""
"CENTRO NORTE","HUGOL - GOIÂNIA","MÉDIA E ALTA COMPLEXIDADE","URGÊNCIA E EMERGÊNCIA ","UTI ADULTO","CLÍNICA MÉDICA","INTERNAÇÃO PRÓPRIA (COTA DIRETA)","","","","","","","","","","","","","","","","","","","","","",""
"CENTRO NORTE","HUGOL - GOIÂNIA","MÉDIA E ALTA COMPLEXIDADE","URGÊNCIA E EMERGÊNCIA ","UTI ADULTO","UROLOGIA","INTERNAÇÃO PRÓPRIA (COTA DIRETA)","","","","","","","","","","","","","","","","","","","","","",""
"CENTRO NORTE","HUGOL - GOIÂNIA","MÉDIA E ALTA COMPLEXIDADE","URGÊNCIA E EMERGÊNCIA ","UTI ADULTO","QUEIMADOS","INTERNAÇÃO PRÓPRIA (COTA DIRETA)","HUGOL: MÉDIO E GRANDE QUEIMADO","","","","","","","","","","","","","","","","","","","","",""
"CENTRO NORTE","HUGOL - GOIÂNIA","MÉDIA E ALTA COMPLEXIDADE","URGÊNCIA E EMERGÊNCIA ","UTI ADULTO","CARDIOVASCULAR","INTERNAÇÃO PRÓPRIA (COTA DIRETA)","HUGOL: CATETERISMO, ANGIOPLASTIA, MARCAPASSO, REVASCUL. MIOCARDIO, TROCA VALVAR E DEMAIS CIRURGIAS CARDIACAS - NÃO REALIZA ABLAÇÃO E IMPLANTE DE CDI","","","","","","","","","","","","","","","","","","","","",""
"CENTRO SUDESTE","HUGOL - GOIÂNIA","MÉDIA E ALTA COMPLEXIDADE","URGÊNCIA E EMERGÊNCIA ","UTI ADULTO","CIRURGIA BUCOMAXILOFACIAL","INTERNAÇÃO PRÓPRIA (COTA DIRETA)","","","","","","","","","","","","","","","","","","","","","",""
"CENTRO SUDESTE","HUGOL - GOIÂNIA","MÉDIA E ALTA COMPLEXIDADE","URGÊNCIA E EMERGÊNCIA ","UTI ADULTO","ORTOPEDIA E TRAUMATOLOGIA","INTERNAÇÃO PRÓPRIA (COTA DIRETA)","HUGOL:  TODAS AS FRATURAS E LESÕES, POLITRAUMA, INCLUINDO EXPOSTA","","","","","","","","","","","","","","","","","","","","",""
"CENTRO SUDESTE","HUGOL - GOIÂNIA","MÉDIA E ALTA COMPLEXIDADE","URGÊNCIA E EMERGÊNCIA ","UTI ADULTO","NEUROCIRURGIA","INTERNAÇÃO PRÓPRIA (COTA DIRETA)","HUGOL: ANEURISMA CEREBRAL ROTO, HEMATOMA SUBARACNOIDE, HEMATOMA SUBDURAL, NEUROCIRURGIA DESCOMPRESSIVA, ANGIOFRAFIA, CLIPAGEM, EMBOLIZAÇÃO/TROMBECTOMIA. TEM O SERVIÇO DE HEMODINâMICA","","","","","","","","","","","","","","","","","","","","",""
"CENTRO SUDESTE","HUGOL - GOIÂNIA","MÉDIA E ALTA COMPLEXIDADE","URGÊNCIA E EMERGÊNCIA ","UTI ADULTO","CIRURGIA VASCULAR/ANGIO","INTERNAÇÃO PRÓPRIA (COTA DIRETA)","HUGOL: TEM O SERVIÇO DE HEMODINâMICA VASCULAR, EXCETO PARA DOENÇAS CRôNICAS","","","","","","","","","","","","","","","","","","","","",""
"CENTRO SUDESTE","HUGOL - GOIÂNIA","MÉDIA E ALTA COMPLEXIDADE","URGÊNCIA E EMERGÊNCIA ","UTI ADULTO","CLÍNICA MÉDICA","INTERNAÇÃO PRÓPRIA (COTA DIRETA)","","","","","","","","","","","","","","","","","","","","","",""
"CENTRO SUDESTE","HUGOL - GOIÂNIA","MÉDIA E ALTA COMPLEXIDADE","URGÊNCIA E EMERGÊNCIA ","UTI ADULTO","UROLOGIA","INTERNAÇÃO PRÓPRIA (COTA DIRETA)","","","","","","","","","","","","","","","","","","","","","",""
"CENTRO SUDESTE","HUGOL - GOIÂNIA","MÉDIA E ALTA COMPLEXIDADE","URGÊNCIA E EMERGÊNCIA ","UTI ADULTO","QUEIMADOS","INTERNAÇÃO PRÓPRIA (COTA DIRETA)","HUGOL: MÉDIO E GRANDE QUEIMADO","","","","","","","","","","","","","","","","","","","","",""
"CENTRO SUDESTE","HUGOL - GOIÂNIA","MÉDIA E ALTA COMPLEXIDADE","URGÊNCIA E EMERGÊNCIA ","UTI ADULTO","CARDIOVASCULAR","INTERNAÇÃO PRÓPRIA (COTA DIRETA)","HUGOL: CATETERISMO, ANGIOPLASTIA, MARCAPASSO, REVASCUL. MIOCARDIO, TROCA VALVAR E DEMAIS CIRURGIAS CARDIACAS - NÃO REALIZA ABLAÇÃO E IMPLANTE DE CDI","","","","","","","","","","","","","","","","","","","","",""
"CENTRO SUDOESTE","HUGOL - GOIÂNIA","MÉDIA E ALTA COMPLEXIDADE","URGÊNCIA E EMERGÊNCIA ","UTI ADULTO","CIRURGIA BUCOMAXILOFACIAL","INTERNAÇÃO PRÓPRIA (COTA DIRETA)","","","","","","","","","","","","","","","","","","","","","",""
"CENTRO SUDOESTE","HUGOL - GOIÂNIA","MÉDIA E ALTA COMPLEXIDADE","URGÊNCIA E EMERGÊNCIA ","UTI ADULTO","ORTOPEDIA E TRAUMATOLOGIA","INTERNAÇÃO PRÓPRIA (COTA DIRETA)","HUGOL:  TODAS AS FRATURAS E LESÕES, POLITRAUMA, INCLUINDO EXPOSTA","","","","","","","","","","","","","","","","","","","","",""
"CENTRO SUDOESTE","HUGOL - GOIÂNIA","MÉDIA E ALTA COMPLEXIDADE","URGÊNCIA E EMERGÊNCIA ","UTI ADULTO","NEUROCIRURGIA","INTERNAÇÃO PRÓPRIA (COTA DIRETA)","HUGOL: ANEURISMA CEREBRAL ROTO, HEMATOMA SUBARACNOIDE, HEMATOMA SUBDURAL, NEUROCIRURGIA DESCOMPRESSIVA, ANGIOFRAFIA, CLIPAGEM, EMBOLIZAÇÃO/TROMBECTOMIA. TEM O SERVIÇO DE HEMODINâMICA","","","","","","","","","","","","","","","","","","","","",""
"CENTRO SUDOESTE","HUGOL - GOIÂNIA","MÉDIA E ALTA COMPLEXIDADE","URGÊNCIA E EMERGÊNCIA ","UTI ADULTO","CIRURGIA VASCULAR/ANGIO","INTERNAÇÃO PRÓPRIA (COTA DIRETA)","HUGOL: TEM O SERVIÇO DE HEMODINâMICA VASCULAR, EXCETO PARA DOENÇAS CRôNICAS","","","","","","","","","","","","","","","","","","","","",""
"CENTRO SUDOESTE","HUGOL - GOIÂNIA","MÉDIA E ALTA COMPLEXIDADE","URGÊNCIA E EMERGÊNCIA ","UTI ADULTO","CLÍNICA MÉDICA","INTERNAÇÃO PRÓPRIA (COTA DIRETA)","","","","","","","","","","","","","","","","","","","","","",""
"CENTRO SUDOESTE","HUGOL - GOIÂNIA","MÉDIA E ALTA COMPLEXIDADE","URGÊNCIA E EMERGÊNCIA ","UTI ADULTO","UROLOGIA","INTERNAÇÃO PRÓPRIA (COTA DIRETA)","","","","","","","","","","","","","","","","","","","","","",""
"CENTRO SUDOESTE","HUGOL - GOIÂNIA","MÉDIA E ALTA COMPLEXIDADE","URGÊNCIA E EMERGÊNCIA ","UTI ADULTO","QUEIMADOS","INTERNAÇÃO PRÓPRIA (COTA DIRETA)","HUGOL: MÉDIO E GRANDE QUEIMADO","","","","","","","","","","","","","","","","","","","","",""
"CENTRO SUDOESTE","HUGOL - GOIÂNIA","MÉDIA E ALTA COMPLEXIDADE","URGÊNCIA E EMERGÊNCIA ","UTI ADULTO","CARDIOVASCULAR","INTERNAÇÃO PRÓPRIA (COTA DIRETA)","HUGOL: CATETERISMO, ANGIOPLASTIA, MARCAPASSO, REVASCUL. MIOCARDIO, TROCA VALVAR E DEMAIS CIRURGIAS CARDIACAS - NÃO REALIZA ABLAÇÃO E IMPLANTE DE CDI","","","","","","","","","","","","","","","","","","","","",""
"NORDESTE","HUGOL - GOIÂNIA","MÉDIA E ALTA COMPLEXIDADE","URGÊNCIA E EMERGÊNCIA ","UTI ADULTO","CIRURGIA BUCOMAXILOFACIAL","INTERNAÇÃO PRÓPRIA (COTA DIRETA)","","","","","","","","","","","","","","","","","","","","","",""
"NORDESTE","HUGOL - GOIÂNIA","MÉDIA E ALTA COMPLEXIDADE","URGÊNCIA E EMERGÊNCIA ","UTI ADULTO","ORTOPEDIA E TRAUMATOLOGIA","INTERNAÇÃO PRÓPRIA (COTA DIRETA)","HUGOL:  TODAS AS FRATURAS E LESÕES, POLITRAUMA, INCLUINDO EXPOSTA","","","","","","","","","","","","","","","","","","","","",""
"NORDESTE","HUGOL - GOIÂNIA","MÉDIA E ALTA COMPLEXIDADE","URGÊNCIA E EMERGÊNCIA ","UTI ADULTO","NEUROCIRURGIA","INTERNAÇÃO PRÓPRIA (COTA DIRETA)","HUGOL: ANEURISMA CEREBRAL ROTO, HEMATOMA SUBARACNOIDE, HEMATOMA SUBDURAL, NEUROCIRURGIA DESCOMPRESSIVA, ANGIOFRAFIA, CLIPAGEM, EMBOLIZAÇÃO/TROMBECTOMIA. TEM O SERVIÇO DE HEMODINâMICA","","","","","","","","","","","","","","","","","","","","",""
"NORDESTE","HUGOL - GOIÂNIA","MÉDIA E ALTA COMPLEXIDADE","URGÊNCIA E EMERGÊNCIA ","UTI ADULTO","CIRURGIA VASCULAR/ANGIO","INTERNAÇÃO PRÓPRIA (COTA DIRETA)","HUGOL: TEM O SERVIÇO DE HEMODINâMICA VASCULAR, EXCETO PARA DOENÇAS CRôNICAS","","","","","","","","","","","","","","","","","","","","",""
"NORDESTE","HUGOL - GOIÂNIA","MÉDIA E ALTA COMPLEXIDADE","URGÊNCIA E EMERGÊNCIA ","UTI ADULTO","CLÍNICA MÉDICA","INTERNAÇÃO PRÓPRIA (COTA DIRETA)","","","","","","","","","","","","","","","","","","","","","",""
"NORDESTE","HUGOL - GOIÂNIA","MÉDIA E ALTA COMPLEXIDADE","URGÊNCIA E EMERGÊNCIA ","UTI ADULTO","UROLOGIA","INTERNAÇÃO PRÓPRIA (COTA DIRETA)","","","","","","","","","","","","","","","","","","","","","",""
"NORDESTE","HUGOL - GOIÂNIA","MÉDIA E ALTA COMPLEXIDADE","URGÊNCIA E EMERGÊNCIA ","UTI ADULTO","QUEIMADOS","INTERNAÇÃO PRÓPRIA (COTA DIRETA)","HUGOL: MÉDIO E GRANDE QUEIMADO","","","","","","","","","","","","","","","","","","","","",""
"NORDESTE","HUGOL - GOIÂNIA","MÉDIA E ALTA COMPLEXIDADE","URGÊNCIA E EMERGÊNCIA ","UTI ADULTO","CARDIOVASCULAR","INTERNAÇÃO PRÓPRIA (COTA DIRETA)","HUGOL: CATETERISMO, ANGIOPLASTIA, MARCAPASSO, REVASCUL. MIOCARDIO, TROCA VALVAR E DEMAIS CIRURGIAS CARDIACAS - NÃO REALIZA ABLAÇÃO E IMPLANTE DE CDI","","","","","","","","","","","","","","","","","","","","",""
"CENTRO OESTE","HUGOL - GOIÂNIA","MÉDIA E ALTA COMPLEXIDADE","URGÊNCIA E EMERGÊNCIA ","ENFERMARIA ADULTO","CIRURGIA BUCOMAXILOFACIAL","INTERNAÇÃO PRÓPRIA (COTA DIRETA)","","","","","","","","","","","","","","","","","","","","","",""
"CENTRO OESTE","HUGOL - GOIÂNIA","MÉDIA E ALTA COMPLEXIDADE","URGÊNCIA E EMERGÊNCIA ","ENFERMARIA ADULTO","CIRURGIA GERAL","INTERNAÇÃO PRÓPRIA (COTA DIRETA)","HUGOL: CPRE (CONFORME DISPONIBILIDADE DA UNIDADE), FAB E FAF, ABDOME AGUDO, HDA COM REPERCUSSÃO HEMODINÂMICA.","","","","","","","","","","","","","","","","","","","","",""
"CENTRO OESTE","HUGOL - GOIÂNIA","MÉDIA E ALTA COMPLEXIDADE","URGÊNCIA E EMERGÊNCIA ","ENFERMARIA ADULTO","ORTOPEDIA E TRAUMATOLOGIA","INTERNAÇÃO PRÓPRIA (COTA DIRETA)","HUGOL:  TODAS AS FRATURAS E LESÕES, POLITRAUMA, INCLUINDO EXPOSTA","","","","","","","","","","","","","","","","","","","","",""
"CENTRO OESTE","HUGOL - GOIÂNIA","MÉDIA E ALTA COMPLEXIDADE","URGÊNCIA E EMERGÊNCIA ","ENFERMARIA ADULTO","NEUROCIRURGIA","INTERNAÇÃO PRÓPRIA (COTA DIRETA)","HUGOL: ANEURISMA CEREBRAL ROTO, HEMATOMA SUBARACNOIDE, HEMATOMA SUBDURAL, NEUROCIRURGIA DESCOMPRESSIVA, ANGIOFRAFIA, CLIPAGEM, EMBOLIZAÇÃO/TROMBECTOMIA. TEM O SERVIÇO DE HEMODINâMICA","","","","","","","","","","","","","","","","","","","","",""
"CENTRO OESTE","HUGOL - GOIÂNIA","MÉDIA E ALTA COMPLEXIDADE","URGÊNCIA E EMERGÊNCIA ","ENFERMARIA ADULTO","CIRURGIA VASCULAR/ANGIO","INTERNAÇÃO PRÓPRIA (COTA DIRETA)","HUGOL: TEM O SERVIÇO DE HEMODINâMICA VASCULAR, EXCETO PARA DOENÇAS CRôNICAS","","","","","","","","","","","","","","","","","","","","",""
"CENTRO OESTE","HUGOL - GOIÂNIA","MÉDIA E ALTA COMPLEXIDADE","URGÊNCIA E EMERGÊNCIA ","ENFERMARIA ADULTO","CLÍNICA MÉDICA","INTERNAÇÃO PRÓPRIA (COTA DIRETA)","","","","","","","","","","","","","","","","","","","","","",""
"CENTRO OESTE","HUGOL - GOIÂNIA","MÉDIA E ALTA COMPLEXIDADE","URGÊNCIA E EMERGÊNCIA ","ENFERMARIA ADULTO","UROLOGIA","INTERNAÇÃO PRÓPRIA (COTA DIRETA)","","","","","","","","","","","","","","","","","","","","","",""
"CENTRO OESTE","HUGOL - GOIÂNIA","MÉDIA E ALTA COMPLEXIDADE","URGÊNCIA E EMERGÊNCIA ","ENFERMARIA ADULTO","QUEIMADOS","INTERNAÇÃO PRÓPRIA (COTA DIRETA)","HUGOL: MÉDIO E GRANDE QUEIMADO","","","","","","","","","","","","","","","","","","","","",""
"CENTRO OESTE","HUGOL - GOIÂNIA","MÉDIA E ALTA COMPLEXIDADE","URGÊNCIA E EMERGÊNCIA ","ENFERMARIA ADULTO","CARDIOVASCULAR","INTERNAÇÃO PRÓPRIA (COTA DIRETA)","HUGOL: CATETERISMO, ANGIOPLASTIA, MARCAPASSO, REVASCUL. MIOCARDIO, TROCA VALVAR E DEMAIS CIRURGIAS CARDIACAS - NÃO REALIZA ABLAÇÃO E IMPLANTE DE CDI","","","","","","","","","","","","","","","","","","","","",""
"CENTRO NORTE","HUGOL - GOIÂNIA","MÉDIA E ALTA COMPLEXIDADE","URGÊNCIA E EMERGÊNCIA ","ENFERMARIA ADULTO","CIRURGIA BUCOMAXILOFACIAL","INTERNAÇÃO PRÓPRIA (COTA DIRETA)","","","","","","","","","","","","","","","","","","","","","",""
"CENTRO NORTE","HUGOL - GOIÂNIA","MÉDIA E ALTA COMPLEXIDADE","URGÊNCIA E EMERGÊNCIA ","ENFERMARIA ADULTO","ORTOPEDIA E TRAUMATOLOGIA","INTERNAÇÃO PRÓPRIA (COTA DIRETA)","HUGOL:  TODAS AS FRATURAS E LESÕES, POLITRAUMA, INCLUINDO EXPOSTA","","","","","","","","","","","","","","","","","","","","",""
"CENTRO NORTE","HUGOL - GOIÂNIA","MÉDIA E ALTA COMPLEXIDADE","URGÊNCIA E EMERGÊNCIA ","ENFERMARIA ADULTO","NEUROCIRURGIA","INTERNAÇÃO PRÓPRIA (COTA DIRETA)","HUGOL: ANEURISMA CEREBRAL ROTO, HEMATOMA SUBARACNOIDE, HEMATOMA SUBDURAL, NEUROCIRURGIA DESCOMPRESSIVA, ANGIOFRAFIA, CLIPAGEM, EMBOLIZAÇÃO/TROMBECTOMIA. TEM O SERVIÇO DE HEMODINâMICA","","","","","","","","","","","","","","","","","","","","",""
"CENTRO NORTE","HUGOL - GOIÂNIA","MÉDIA E ALTA COMPLEXIDADE","URGÊNCIA E EMERGÊNCIA ","ENFERMARIA ADULTO","CIRURGIA VASCULAR/ANGIO","INTERNAÇÃO PRÓPRIA (COTA DIRETA)","HUGOL: TEM O SERVIÇO DE HEMODINâMICA VASCULAR, EXCETO PARA DOENÇAS CRôNICAS","","","","","","","","","","","","","","","","","","","","",""
"CENTRO NORTE","HUGOL - GOIÂNIA","MÉDIA E ALTA COMPLEXIDADE","URGÊNCIA E EMERGÊNCIA ","ENFERMARIA ADULTO","CLÍNICA MÉDICA","INTERNAÇÃO PRÓPRIA (COTA DIRETA)","","","","","","","","","","","","","","","","","","","","","",""
"CENTRO NORTE","HUGOL - GOIÂNIA","MÉDIA E ALTA COMPLEXIDADE","URGÊNCIA E EMERGÊNCIA ","ENFERMARIA ADULTO","UROLOGIA","INTERNAÇÃO PRÓPRIA (COTA DIRETA)","","","","","","","","","","","","","","","","","","","","","",""
"CENTRO NORTE","HUGOL - GOIÂNIA","MÉDIA E ALTA COMPLEXIDADE","URGÊNCIA E EMERGÊNCIA ","ENFERMARIA ADULTO","QUEIMADOS","INTERNAÇÃO PRÓPRIA (COTA DIRETA)","HUGOL: MÉDIO E GRANDE QUEIMADO","","","","","","","","","","","","","","","","","","","","",""
"CENTRO NORTE","HUGOL - GOIÂNIA","MÉDIA E ALTA COMPLEXIDADE","URGÊNCIA E EMERGÊNCIA ","ENFERMARIA ADULTO","CARDIOVASCULAR","INTERNAÇÃO PRÓPRIA (COTA DIRETA)","HUGOL: CATETERISMO, ANGIOPLASTIA, MARCAPASSO, REVASCUL. MIOCARDIO, TROCA VALVAR E DEMAIS CIRURGIAS CARDIACAS - NÃO REALIZA ABLAÇÃO E IMPLANTE DE CDI","","","","","","","","","","","","","","","","","","","","",""
"CENTRO SUDESTE","HUGOL - GOIÂNIA","MÉDIA E ALTA COMPLEXIDADE","URGÊNCIA E EMERGÊNCIA ","ENFERMARIA ADULTO","CIRURGIA BUCOMAXILOFACIAL","INTERNAÇÃO PRÓPRIA (COTA DIRETA)","","","","","","","","","","","","","","","","","","","","","",""
"CENTRO SUDESTE","HUGOL - GOIÂNIA","MÉDIA E ALTA COMPLEXIDADE","URGÊNCIA E EMERGÊNCIA ","ENFERMARIA ADULTO","ORTOPEDIA E TRAUMATOLOGIA","INTERNAÇÃO PRÓPRIA (COTA DIRETA)","HUGOL:  TODAS AS FRATURAS E LESÕES, POLITRAUMA, INCLUINDO EXPOSTA","","","","","","","","","","","","","","","","","","","","",""
"CENTRO SUDESTE","HUGOL - GOIÂNIA","MÉDIA E ALTA COMPLEXIDADE","URGÊNCIA E EMERGÊNCIA ","ENFERMARIA ADULTO","NEUROCIRURGIA","INTERNAÇÃO PRÓPRIA (COTA DIRETA)","HUGOL: ANEURISMA CEREBRAL ROTO, HEMATOMA SUBARACNOIDE, HEMATOMA SUBDURAL, NEUROCIRURGIA DESCOMPRESSIVA, ANGIOFRAFIA, CLIPAGEM, EMBOLIZAÇÃO/TROMBECTOMIA. TEM O SERVIÇO DE HEMODINâMICA","","","","","","","","","","","","","","","","","","","","",""
"CENTRO SUDESTE","HUGOL - GOIÂNIA","MÉDIA E ALTA COMPLEXIDADE","URGÊNCIA E EMERGÊNCIA ","ENFERMARIA ADULTO","CIRURGIA VASCULAR/ANGIO","INTERNAÇÃO PRÓPRIA (COTA DIRETA)","HUGOL: TEM O SERVIÇO DE HEMODINâMICA VASCULAR, EXCETO PARA DOENÇAS CRôNICAS","","","","","","","","","","","","","","","","","","","","",""
"CENTRO SUDESTE","HUGOL - GOIÂNIA","MÉDIA E ALTA COMPLEXIDADE","URGÊNCIA E EMERGÊNCIA ","ENFERMARIA ADULTO","CLÍNICA MÉDICA","INTERNAÇÃO PRÓPRIA (COTA DIRETA)","","","","","","","","","","","","","","","","","","","","","",""
"CENTRO SUDESTE","HUGOL - GOIÂNIA","MÉDIA E ALTA COMPLEXIDADE","URGÊNCIA E EMERGÊNCIA ","ENFERMARIA ADULTO","UROLOGIA","INTERNAÇÃO PRÓPRIA (COTA DIRETA)","","","","","","","","","","","","","","","","","","","","","",""
"CENTRO SUDESTE","HUGOL - GOIÂNIA","MÉDIA E ALTA COMPLEXIDADE","URGÊNCIA E EMERGÊNCIA ","ENFERMARIA ADULTO","QUEIMADOS","INTERNAÇÃO PRÓPRIA (COTA DIRETA)","HUGOL: MÉDIO E GRANDE QUEIMADO","","","","","","","","","","","","","","","","","","","","",""
"CENTRO SUDESTE","HUGOL - GOIÂNIA","MÉDIA E ALTA COMPLEXIDADE","URGÊNCIA E EMERGÊNCIA ","ENFERMARIA ADULTO","CARDIOVASCULAR","INTERNAÇÃO PRÓPRIA (COTA DIRETA)","HUGOL: CATETERISMO, ANGIOPLASTIA, MARCAPASSO, REVASCUL. MIOCARDIO, TROCA VALVAR E DEMAIS CIRURGIAS CARDIACAS - NÃO REALIZA ABLAÇÃO E IMPLANTE DE CDI","","","","","","","","","","","","","","","","","","","","",""
"CENTRO SUDOESTE","HUGOL - GOIÂNIA","MÉDIA E ALTA COMPLEXIDADE","URGÊNCIA E EMERGÊNCIA ","ENFERMARIA ADULTO","CIRURGIA BUCOMAXILOFACIAL","INTERNAÇÃO PRÓPRIA (COTA DIRETA)","","","","","","","","","","","","","","","","","","","","","",""
"CENTRO SUDOESTE","HUGOL - GOIÂNIA","MÉDIA E ALTA COMPLEXIDADE","URGÊNCIA E EMERGÊNCIA ","ENFERMARIA ADULTO","ORTOPEDIA E TRAUMATOLOGIA","INTERNAÇÃO PRÓPRIA (COTA DIRETA)","HUGOL:  TODAS AS FRATURAS E LESÕES, POLITRAUMA, INCLUINDO EXPOSTA","","","","","","","","","","","","","","","","","","","","",""
"CENTRO SUDOESTE","HUGOL - GOIÂNIA","MÉDIA E ALTA COMPLEXIDADE","URGÊNCIA E EMERGÊNCIA ","ENFERMARIA ADULTO","NEUROCIRURGIA","INTERNAÇÃO PRÓPRIA (COTA DIRETA)","HUGOL: ANEURISMA CEREBRAL ROTO, HEMATOMA SUBARACNOIDE, HEMATOMA SUBDURAL, NEUROCIRURGIA DESCOMPRESSIVA, ANGIOFRAFIA, CLIPAGEM, EMBOLIZAÇÃO/TROMBECTOMIA. TEM O SERVIÇO DE HEMODINâMICA","","","","","","","","","","","","","","","","","","","","",""
"CENTRO SUDOESTE","HUGOL - GOIÂNIA","MÉDIA E ALTA COMPLEXIDADE","URGÊNCIA E EMERGÊNCIA ","ENFERMARIA ADULTO","CIRURGIA VASCULAR/ANGIO","INTERNAÇÃO PRÓPRIA (COTA DIRETA)","HUGOL: TEM O SERVIÇO DE HEMODINâMICA VASCULAR, EXCETO DOENÇAS CRôNICAS","","","","","","","","","","","","","","","","","","","","",""
"CENTRO SUDOESTE","HUGOL - GOIÂNIA","MÉDIA E ALTA COMPLEXIDADE","URGÊNCIA E EMERGÊNCIA ","ENFERMARIA ADULTO","CLÍNICA MÉDICA","INTERNAÇÃO PRÓPRIA (COTA DIRETA)","","","","","","","","","","","","","","","","","","","","","",""
"CENTRO SUDOESTE","HUGOL - GOIÂNIA","MÉDIA E ALTA COMPLEXIDADE","URGÊNCIA E EMERGÊNCIA ","ENFERMARIA ADULTO","UROLOGIA","INTERNAÇÃO PRÓPRIA (COTA DIRETA)","","","","","","","","","","","","","","","","","","","","","",""
"CENTRO SUDOESTE","HUGOL - GOIÂNIA","MÉDIA E ALTA COMPLEXIDADE","URGÊNCIA E EMERGÊNCIA ","ENFERMARIA ADULTO","QUEIMADOS","INTERNAÇÃO PRÓPRIA (COTA DIRETA)","HUGOL: MÉDIO E GRANDE QUEIMADO","","","","","","","","","","","","","","","","","","","","",""
"CENTRO SUDOESTE","HUGOL - GOIÂNIA","MÉDIA E ALTA COMPLEXIDADE","URGÊNCIA E EMERGÊNCIA ","ENFERMARIA ADULTO","CARDIOVASCULAR","INTERNAÇÃO PRÓPRIA (COTA DIRETA)","HUGOL: CATETERISMO, ANGIOPLASTIA, MARCAPASSO, REVASCUL. MIOCARDIO, TROCA VALVAR E DEMAIS CIRURGIAS CARDIACAS - NÃO REALIZA ABLAÇÃO E IMPLANTE DE CDI","","","","","","","","","","","","","","","","","","","","",""
"NORDESTE","HUGOL - GOIÂNIA","MÉDIA E ALTA COMPLEXIDADE","URGÊNCIA E EMERGÊNCIA ","ENFERMARIA ADULTO","CIRURGIA BUCOMAXILOFACIAL","INTERNAÇÃO PRÓPRIA (COTA DIRETA)","","","","","","","","","","","","","","","","","","","","","",""
"NORDESTE","HUGOL - GOIÂNIA","MÉDIA E ALTA COMPLEXIDADE","URGÊNCIA E EMERGÊNCIA ","ENFERMARIA ADULTO","ORTOPEDIA E TRAUMATOLOGIA","INTERNAÇÃO PRÓPRIA (COTA DIRETA)","HUGOL:  TODAS AS FRATURAS E LESÕES, POLITRAUMA, INCLUINDO EXPOSTA","","","","","","","","","","","","","","","","","","","","",""
"NORDESTE","HUGOL - GOIÂNIA","MÉDIA E ALTA COMPLEXIDADE","URGÊNCIA E EMERGÊNCIA ","ENFERMARIA ADULTO","NEUROCIRURGIA","INTERNAÇÃO PRÓPRIA (COTA DIRETA)","HUGOL: ANEURISMA CEREBRAL ROTO, HEMATOMA SUBARACNOIDE, HEMATOMA SUBDURAL, NEUROCIRURGIA DESCOMPRESSIVA, ANGIOFRAFIA, CLIPAGEM, EMBOLIZAÇÃO/TROMBECTOMIA. TEM O SERVIÇO DE HEMODINâMICA","","","","","","","","","","","","","","","","","","","","",""
"NORDESTE","HUGOL - GOIÂNIA","MÉDIA E ALTA COMPLEXIDADE","URGÊNCIA E EMERGÊNCIA ","ENFERMARIA ADULTO","CIRURGIA VASCULAR/ANGIO","INTERNAÇÃO PRÓPRIA (COTA DIRETA)","HUGOL: TEM O SERVIÇO DE HEMODINâMICA VASCULAR, EXCETO DOENÇAS CRôNICAS","","","","","","","","","","","","","","","","","","","","",""
"NORDESTE","HUGOL - GOIÂNIA","MÉDIA E ALTA COMPLEXIDADE","URGÊNCIA E EMERGÊNCIA ","ENFERMARIA ADULTO","CLÍNICA MÉDICA","INTERNAÇÃO PRÓPRIA (COTA DIRETA)","","","","","","","","","","","","","","","","","","","","","",""
"NORDESTE","HUGOL - GOIÂNIA","MÉDIA E ALTA COMPLEXIDADE","URGÊNCIA E EMERGÊNCIA ","ENFERMARIA ADULTO","UROLOGIA","INTERNAÇÃO PRÓPRIA (COTA DIRETA)","","","","","","","","","","","","","","","","","","","","","",""
"NORDESTE","HUGOL - GOIÂNIA","MÉDIA E ALTA COMPLEXIDADE","URGÊNCIA E EMERGÊNCIA ","ENFERMARIA ADULTO","QUEIMADOS","INTERNAÇÃO PRÓPRIA (COTA DIRETA)","HUGOL: MÉDIO E GRANDE QUEIMADO","","","","","","","","","","","","","","","","","","","","",""
"NORDESTE","HUGOL - GOIÂNIA","MÉDIA E ALTA COMPLEXIDADE","URGÊNCIA E EMERGÊNCIA ","ENFERMARIA ADULTO","CARDIOVASCULAR","INTERNAÇÃO PRÓPRIA (COTA DIRETA)","HUGOL: CATETERISMO, ANGIOPLASTIA, MARCAPASSO, REVASCUL. MIOCARDIO, TROCA VALVAR E DEMAIS CIRURGIAS CARDIACAS - NÃO REALIZA ABLAÇÃO E IMPLANTE DE CDI","","","","","","","","","","","","","","","","","","","","",""
"CENTRO OESTE","HUGOL - GOIÂNIA","MÉDIA E ALTA COMPLEXIDADE","URGÊNCIA E EMERGÊNCIA ","ENFERMARIA ADULTO","CIRURGIA BUCOMAXILOFACIAL","INTERNAÇÃO PRÓPRIA (COTA DIRETA)","","","","","","","","","","","","","","","","","","","","","",""
"CENTRO OESTE","HUGOL - GOIÂNIA","MÉDIA E ALTA COMPLEXIDADE","URGÊNCIA E EMERGÊNCIA ","ENFERMARIA ADULTO","ORTOPEDIA E TRAUMATOLOGIA","INTERNAÇÃO PRÓPRIA (COTA DIRETA)","HUGOL:  TODAS AS FRATURAS E LESÕES, POLITRAUMA, INCLUINDO EXPOSTA","","","","","","","","","","","","","","","","","","","","",""
"CENTRO OESTE","HUGOL - GOIÂNIA","MÉDIA E ALTA COMPLEXIDADE","URGÊNCIA E EMERGÊNCIA ","ENFERMARIA ADULTO","NEUROCIRURGIA","INTERNAÇÃO PRÓPRIA (COTA DIRETA)","HUGOL: ANEURISMA CEREBRAL ROTO, HEMATOMA SUBARACNOIDE, HEMATOMA SUBDURAL, NEUROCIRURGIA DESCOMPRESSIVA, ANGIOFRAFIA, CLIPAGEM, EMBOLIZAÇÃO/TROMBECTOMIA. TEM O SERVIÇO DE HEMODINâMICA","","","","","","","","","","","","","","","","","","","","",""
"CENTRO OESTE","HUGOL - GOIÂNIA","MÉDIA E ALTA COMPLEXIDADE","URGÊNCIA E EMERGÊNCIA ","ENFERMARIA ADULTO","CIRURGIA VASCULAR/ANGIO","INTERNAÇÃO PRÓPRIA (COTA DIRETA)","HUGOL: TEM O SERVIÇO DE HEMODINâMICA VASCULAR, EXCETO DOENÇAS CRôNICAS","","","","","","","","","","","","","","","","","","","","",""
"CENTRO OESTE","HUGOL - GOIÂNIA","MÉDIA E ALTA COMPLEXIDADE","URGÊNCIA E EMERGÊNCIA ","ENFERMARIA ADULTO","CLÍNICA MÉDICA","INTERNAÇÃO PRÓPRIA (COTA DIRETA)","","","","","","","","","","","","","","","","","","","","","",""
"CENTRO OESTE","HUGOL - GOIÂNIA","MÉDIA E ALTA COMPLEXIDADE","URGÊNCIA E EMERGÊNCIA ","ENFERMARIA ADULTO","UROLOGIA","INTERNAÇÃO PRÓPRIA (COTA DIRETA)","","","","","","","","","","","","","","","","","","","","","",""
"CENTRO OESTE","HUGOL - GOIÂNIA","MÉDIA E ALTA COMPLEXIDADE","URGÊNCIA E EMERGÊNCIA ","ENFERMARIA ADULTO","QUEIMADOS","INTERNAÇÃO PRÓPRIA (COTA DIRETA)","HUGOL: MÉDIO E GRANDE QUEIMADO","","","","","","","","","","","","","","","","","","","","",""
"CENTRO OESTE","HUGOL - GOIÂNIA","MÉDIA E ALTA COMPLEXIDADE","URGÊNCIA E EMERGÊNCIA ","ENFERMARIA ADULTO","CARDIOVASCULAR","INTERNAÇÃO PRÓPRIA (COTA DIRETA)","HUGOL: CATETERISMO, ANGIOPLASTIA, MARCAPASSO, REVASCUL. MIOCARDIO, TROCA VALVAR E DEMAIS CIRURGIAS CARDIACAS - NÃO REALIZA ABLAÇÃO E IMPLANTE DE CDI","","","","","","","","","","","","","","","","","","","","",""
"CENTRO NORTE","HUGOL - GOIÂNIA","MÉDIA E ALTA COMPLEXIDADE","URGÊNCIA E EMERGÊNCIA ","ENFERMARIA ADULTO","CIRURGIA BUCOMAXILOFACIAL","INTERNAÇÃO PRÓPRIA (COTA DIRETA)","","","","","","","","","","","","","","","","","","","","","",""
"CENTRO NORTE","HUGOL - GOIÂNIA","MÉDIA E ALTA COMPLEXIDADE","URGÊNCIA E EMERGÊNCIA ","ENFERMARIA ADULTO","ORTOPEDIA E TRAUMATOLOGIA","INTERNAÇÃO PRÓPRIA (COTA DIRETA)","HUGOL:  TODAS AS FRATURAS E LESÕES, POLITRAUMA, INCLUINDO EXPOSTA","","","","","","","","","","","","","","","","","","","","",""
"CENTRO NORTE","HUGOL - GOIÂNIA","MÉDIA E ALTA COMPLEXIDADE","URGÊNCIA E EMERGÊNCIA ","ENFERMARIA ADULTO","NEUROCIRURGIA","INTERNAÇÃO PRÓPRIA (COTA DIRETA)","HUGOL: ANEURISMA CEREBRAL ROTO, HEMATOMA SUBARACNOIDE, HEMATOMA SUBDURAL, NEUROCIRURGIA DESCOMPRESSIVA, ANGIOFRAFIA, CLIPAGEM, EMBOLIZAÇÃO/TROMBECTOMIA. TEM O SERVIÇO DE HEMODINâMICA","","","","","","","","","","","","","","","","","","","","",""
"CENTRO NORTE","HUGOL - GOIÂNIA","MÉDIA E ALTA COMPLEXIDADE","URGÊNCIA E EMERGÊNCIA ","ENFERMARIA ADULTO","CIRURGIA VASCULAR/ANGIO","INTERNAÇÃO PRÓPRIA (COTA DIRETA)","HUGOL: TEM O SERVIÇO DE HEMODINâMICA VASCULAR, EXCETO DOENÇAS CRôNICAS","","","","","","","","","","","","","","","","","","","","",""
"CENTRO NORTE","HUGOL - GOIÂNIA","MÉDIA E ALTA COMPLEXIDADE","URGÊNCIA E EMERGÊNCIA ","ENFERMARIA ADULTO","CLÍNICA MÉDICA","INTERNAÇÃO PRÓPRIA (COTA DIRETA)","","","","","","","","","","","","","","","","","","","","","",""
"CENTRO NORTE","HUGOL - GOIÂNIA","MÉDIA E ALTA COMPLEXIDADE","URGÊNCIA E EMERGÊNCIA ","ENFERMARIA ADULTO","UROLOGIA","INTERNAÇÃO PRÓPRIA (COTA DIRETA)","","","","","","","","","","","","","","","","","","","","","",""
"CENTRO NORTE","HUGOL - GOIÂNIA","MÉDIA E ALTA COMPLEXIDADE","URGÊNCIA E EMERGÊNCIA ","ENFERMARIA ADULTO","QUEIMADOS","INTERNAÇÃO PRÓPRIA (COTA DIRETA)","HUGOL: MÉDIO E GRANDE QUEIMADO","","","","","","","","","","","","","","","","","","","","",""
"CENTRO NORTE","HUGOL - GOIÂNIA","MÉDIA E ALTA COMPLEXIDADE","URGÊNCIA E EMERGÊNCIA ","ENFERMARIA ADULTO","CARDIOVASCULAR","INTERNAÇÃO PRÓPRIA (COTA DIRETA)","HUGOL: CATETERISMO, ANGIOPLASTIA, MARCAPASSO, REVASCUL. MIOCARDIO, TROCA VALVAR E DEMAIS CIRURGIAS CARDIACAS - NÃO REALIZA ABLAÇÃO E IMPLANTE DE CDI","","","","","","","","","","","","","","","","","","","","",""
"CENTRO SUDESTE","HUGOL - GOIÂNIA","MÉDIA E ALTA COMPLEXIDADE","URGÊNCIA E EMERGÊNCIA ","ENFERMARIA ADULTO","CIRURGIA BUCOMAXILOFACIAL","INTERNAÇÃO PRÓPRIA (COTA DIRETA)","","","","","","","","","","","","","","","","","","","","","",""
"CENTRO SUDESTE","HUGOL - GOIÂNIA","MÉDIA E ALTA COMPLEXIDADE","URGÊNCIA E EMERGÊNCIA ","ENFERMARIA ADULTO","ORTOPEDIA E TRAUMATOLOGIA","INTERNAÇÃO PRÓPRIA (COTA DIRETA)","HUGOL:  TODAS AS FRATURAS E LESÕES, POLITRAUMA, INCLUINDO EXPOSTA","","","","","","","","","","","","","","","","","","","","",""
"CENTRO SUDESTE","HUGOL - GOIÂNIA","MÉDIA E ALTA COMPLEXIDADE","URGÊNCIA E EMERGÊNCIA ","ENFERMARIA ADULTO","NEUROCIRURGIA","INTERNAÇÃO PRÓPRIA (COTA DIRETA)","HUGOL: ANEURISMA CEREBRAL ROTO, HEMATOMA SUBARACNOIDE, HEMATOMA SUBDURAL, NEUROCIRURGIA DESCOMPRESSIVA, ANGIOFRAFIA, CLIPAGEM, EMBOLIZAÇÃO/TROMBECTOMIA. TEM O SERVIÇO DE HEMODINâMICA","","","","","","","","","","","","","","","","","","","","",""
"CENTRO SUDESTE","HUGOL - GOIÂNIA","MÉDIA E ALTA COMPLEXIDADE","URGÊNCIA E EMERGÊNCIA ","ENFERMARIA ADULTO","CIRURGIA VASCULAR/ANGIO","INTERNAÇÃO PRÓPRIA (COTA DIRETA)","HUGOL: TEM O SERVIÇO DE HEMODINâMICA VASCULAR, EXCETO DOENÇAS CRôNICAS","","","","","","","","","","","","","","","","","","","","",""
"CENTRO SUDESTE","HUGOL - GOIÂNIA","MÉDIA E ALTA COMPLEXIDADE","URGÊNCIA E EMERGÊNCIA ","ENFERMARIA ADULTO","CLÍNICA MÉDICA","INTERNAÇÃO PRÓPRIA (COTA DIRETA)","","","","","","","","","","","","","","","","","","","","","",""
"CENTRO SUDESTE","HUGOL - GOIÂNIA","MÉDIA E ALTA COMPLEXIDADE","URGÊNCIA E EMERGÊNCIA ","ENFERMARIA ADULTO","UROLOGIA","INTERNAÇÃO PRÓPRIA (COTA DIRETA)","","","","","","","","","","","","","","","","","","","","","",""
"CENTRO SUDESTE","HUGOL - GOIÂNIA","MÉDIA E ALTA COMPLEXIDADE","URGÊNCIA E EMERGÊNCIA ","ENFERMARIA ADULTO","QUEIMADOS","INTERNAÇÃO PRÓPRIA (COTA DIRETA)","HUGOL: MÉDIO E GRANDE QUEIMADO","","","","","","","","","","","","","","","","","","","","",""
"CENTRO SUDESTE","HUGOL - GOIÂNIA","MÉDIA E ALTA COMPLEXIDADE","URGÊNCIA E EMERGÊNCIA ","ENFERMARIA ADULTO","CARDIOVASCULAR","INTERNAÇÃO PRÓPRIA (COTA DIRETA)","HUGOL: CATETERISMO, ANGIOPLASTIA, MARCAPASSO, REVASCUL. MIOCARDIO, TROCA VALVAR E DEMAIS CIRURGIAS CARDIACAS - NÃO REALIZA ABLAÇÃO E IMPLANTE DE CDI","","","","","","","","","","","","","","","","","","","","",""
"CENTRO SUDOESTE","HUGOL - GOIÂNIA","MÉDIA E ALTA COMPLEXIDADE","URGÊNCIA E EMERGÊNCIA ","ENFERMARIA ADULTO","CIRURGIA BUCOMAXILOFACIAL","INTERNAÇÃO PRÓPRIA (COTA DIRETA)","","","","","","","","","","","","","","","","","","","","","",""
"CENTRO SUDOESTE","HUGOL - GOIÂNIA","MÉDIA E ALTA COMPLEXIDADE","URGÊNCIA E EMERGÊNCIA ","ENFERMARIA ADULTO","ORTOPEDIA E TRAUMATOLOGIA","INTERNAÇÃO PRÓPRIA (COTA DIRETA)","HUGOL:  TODAS AS FRATURAS E LESÕES, POLITRAUMA, INCLUINDO EXPOSTA","","","","","","","","","","","","","","","","","","","","",""
"CENTRO SUDOESTE","HUGOL - GOIÂNIA","MÉDIA E ALTA COMPLEXIDADE","URGÊNCIA E EMERGÊNCIA ","ENFERMARIA ADULTO","NEUROCIRURGIA","INTERNAÇÃO PRÓPRIA (COTA DIRETA)","HUGOL: ANEURISMA CEREBRAL ROTO, HEMATOMA SUBARACNOIDE, HEMATOMA SUBDURAL, NEUROCIRURGIA DESCOMPRESSIVA, ANGIOFRAFIA, CLIPAGEM, EMBOLIZAÇÃO/TROMBECTOMIA. TEM O SERVIÇO DE HEMODINâMICA","","","","","","","","","","","","","","","","","","","","",""
"CENTRO SUDOESTE","HUGOL - GOIÂNIA","MÉDIA E ALTA COMPLEXIDADE","URGÊNCIA E EMERGÊNCIA ","ENFERMARIA ADULTO","CIRURGIA VASCULAR/ANGIO","INTERNAÇÃO PRÓPRIA (COTA DIRETA)","HUGOL: TEM O SERVIÇO DE HEMODINâMICA VASCULAR, EXCETO DOENÇAS CRôNICAS","","","","","","","","","","","","","","","","","","","","",""
"CENTRO SUDOESTE","HUGOL - GOIÂNIA","MÉDIA E ALTA COMPLEXIDADE","URGÊNCIA E EMERGÊNCIA ","ENFERMARIA ADULTO","CLÍNICA MÉDICA","INTERNAÇÃO PRÓPRIA (COTA DIRETA)","","","","","","","","","","","","","","","","","","","","","",""
"CENTRO SUDOESTE","HUGOL - GOIÂNIA","MÉDIA E ALTA COMPLEXIDADE","URGÊNCIA E EMERGÊNCIA ","ENFERMARIA ADULTO","UROLOGIA","INTERNAÇÃO PRÓPRIA (COTA DIRETA)","","","","","","","","","","","","","","","","","","","","","",""
"CENTRO SUDOESTE","HUGOL - GOIÂNIA","MÉDIA E ALTA COMPLEXIDADE","URGÊNCIA E EMERGÊNCIA ","ENFERMARIA ADULTO","QUEIMADOS","INTERNAÇÃO PRÓPRIA (COTA DIRETA)","HUGOL: MÉDIO E GRANDE QUEIMADO","","","","","","","","","","","","","","","","","","","","",""
"CENTRO SUDOESTE","HUGOL - GOIÂNIA","MÉDIA E ALTA COMPLEXIDADE","URGÊNCIA E EMERGÊNCIA ","ENFERMARIA ADULTO","CARDIOVASCULAR","INTERNAÇÃO PRÓPRIA (COTA DIRETA)","HUGOL: CATETERISMO, ANGIOPLASTIA, MARCAPASSO, REVASCUL. MIOCARDIO, TROCA VALVAR E DEMAIS CIRURGIAS CARDIACAS - NÃO REALIZA ABLAÇÃO E IMPLANTE DE CDI","","","","","","","","","","","","","","","","","","","","",""
"NORDESTE","HUGOL - GOIÂNIA","MÉDIA E ALTA COMPLEXIDADE","URGÊNCIA E EMERGÊNCIA ","ENFERMARIA ADULTO","CIRURGIA BUCOMAXILOFACIAL","INTERNAÇÃO PRÓPRIA (COTA DIRETA)","","","","","","","","","","","","","","","","","","","","","",""
"NORDESTE","HUGOL - GOIÂNIA","MÉDIA E ALTA COMPLEXIDADE","URGÊNCIA E EMERGÊNCIA ","ENFERMARIA ADULTO","ORTOPEDIA E TRAUMATOLOGIA","INTERNAÇÃO PRÓPRIA (COTA DIRETA)","HUGOL:  TODAS AS FRATURAS E LESÕES, POLITRAUMA, INCLUINDO EXPOSTA","","","","","","","","","","","","","","","","","","","","",""
"NORDESTE","HUGOL - GOIÂNIA","MÉDIA E ALTA COMPLEXIDADE","URGÊNCIA E EMERGÊNCIA ","ENFERMARIA ADULTO","NEUROCIRURGIA","INTERNAÇÃO PRÓPRIA (COTA DIRETA)","HUGOL: ANEURISMA CEREBRAL ROTO, HEMATOMA SUBARACNOIDE, HEMATOMA SUBDURAL, NEUROCIRURGIA DESCOMPRESSIVA, ANGIOFRAFIA, CLIPAGEM, EMBOLIZAÇÃO/TROMBECTOMIA. TEM O SERVIÇO DE HEMODINâMICA","","","","","","","","","","","","","","","","","","","","",""
"NORDESTE","HUGOL - GOIÂNIA","MÉDIA E ALTA COMPLEXIDADE","URGÊNCIA E EMERGÊNCIA ","ENFERMARIA ADULTO","CIRURGIA VASCULAR/ANGIO","INTERNAÇÃO PRÓPRIA (COTA DIRETA)","HUGOL: TEM O SERVIÇO DE HEMODINâMICA VASCULAR, EXCETO DOENÇAS CRôNICAS","","","","","","","","","","","","","","","","","","","","",""
"NORDESTE","HUGOL - GOIÂNIA","MÉDIA E ALTA COMPLEXIDADE","URGÊNCIA E EMERGÊNCIA ","ENFERMARIA ADULTO","CLÍNICA MÉDICA","INTERNAÇÃO PRÓPRIA (COTA DIRETA)","","","","","","","","","","","","","","","","","","","","","",""
"NORDESTE","HUGOL - GOIÂNIA","MÉDIA E ALTA COMPLEXIDADE","URGÊNCIA E EMERGÊNCIA ","ENFERMARIA ADULTO","UROLOGIA","INTERNAÇÃO PRÓPRIA (COTA DIRETA)","","","","","","","","","","","","","","","","","","","","","",""
"NORDESTE","HUGOL - GOIÂNIA","MÉDIA E ALTA COMPLEXIDADE","URGÊNCIA E EMERGÊNCIA ","ENFERMARIA ADULTO","QUEIMADOS","INTERNAÇÃO PRÓPRIA (COTA DIRETA)","HUGOL: MÉDIO E GRANDE QUEIMADO","","","","","","","","","","","","","","","","","","","","",""
"NORDESTE","HUGOL - GOIÂNIA","MÉDIA E ALTA COMPLEXIDADE","URGÊNCIA E EMERGÊNCIA ","ENFERMARIA ADULTO","CARDIOVASCULAR","INTERNAÇÃO PRÓPRIA (COTA DIRETA)","HUGOL: CATETERISMO, ANGIOPLASTIA, MARCAPASSO, REVASCUL. MIOCARDIO, TROCA VALVAR E DEMAIS CIRURGIAS CARDIACAS - NÃO REALIZA ABLAÇÃO E IMPLANTE DE CDI","","","","","","","","","","","","","","","","","","","","",""
"CENTRO OESTE","HUGOL - GOIÂNIA","MÉDIA E ALTA COMPLEXIDADE","URGÊNCIA E EMERGÊNCIA ","UTI PEDIATRICA","PEDIATRIA","INTERNAÇÃO PRÓPRIA (COTA DIRETA)","HUGOL - TRAUMA PEDIÁTRICO/QUEIMADO / CPRE PARA CRIANÇAS A PARTIR DE 10KG","","","","","","","","","","","","","","","","","","","","",""
"CENTRO OESTE","HUGOL - GOIÂNIA","MÉDIA E ALTA COMPLEXIDADE","URGÊNCIA E EMERGÊNCIA ","UTI PEDIATRICA","ORTOPEDIA E TRAUMATOLOGIA PEDIÁTRICA","INTERNAÇÃO PRÓPRIA (COTA DIRETA)","","","","","","","","","","","","","","","","","","","","","",""
"CENTRO NORTE","HUGOL - GOIÂNIA","MÉDIA E ALTA COMPLEXIDADE","URGÊNCIA E EMERGÊNCIA ","UTI PEDIATRICA","PEDIATRIA","INTERNAÇÃO PRÓPRIA (COTA DIRETA)","HUGOL - TRAUMA PEDIÁTRICO/QUEIMADO / CPRE PARA CRIANÇAS A PARTIR DE 10KG","","","","","","","","","","","","","","","","","","","","",""
"CENTRO NORTE","HUGOL - GOIÂNIA","MÉDIA E ALTA COMPLEXIDADE","URGÊNCIA E EMERGÊNCIA ","UTI PEDIATRICA","ORTOPEDIA E TRAUMATOLOGIA PEDIÁTRICA","INTERNAÇÃO PRÓPRIA (COTA DIRETA)","","","","","","","","","","","","","","","","","","","","","",""
"CENTRO SUDESTE","HUGOL - GOIÂNIA","MÉDIA E ALTA COMPLEXIDADE","URGÊNCIA E EMERGÊNCIA ","UTI PEDIATRICA","PEDIATRIA","INTERNAÇÃO PRÓPRIA (COTA DIRETA)","HUGOL - TRAUMA PEDIÁTRICO/QUEIMADO / CPRE PARA CRIANÇAS A PARTIR DE 10KG","","","","","","","","","","","","","","","","","","","","",""
"CENTRO SUDESTE","HUGOL - GOIÂNIA","MÉDIA E ALTA COMPLEXIDADE","URGÊNCIA E EMERGÊNCIA ","UTI PEDIATRICA","ORTOPEDIA E TRAUMATOLOGIA PEDIÁTRICA","INTERNAÇÃO PRÓPRIA (COTA DIRETA)","","","","","","","","","","","","","","","","","","","","","",""
"CENTRO SUDOESTE","HUGOL - GOIÂNIA","MÉDIA E ALTA COMPLEXIDADE","URGÊNCIA E EMERGÊNCIA ","UTI PEDIATRICA","PEDIATRIA","INTERNAÇÃO PRÓPRIA (COTA DIRETA)","HUGOL - TRAUMA PEDIÁTRICO/QUEIMADO / CPRE PARA CRIANÇAS A PARTIR DE 10KG","","","","","","","","","","","","","","","","","","","","",""
"CENTRO SUDOESTE","HUGOL - GOIÂNIA","MÉDIA E ALTA COMPLEXIDADE","URGÊNCIA E EMERGÊNCIA ","UTI PEDIATRICA","ORTOPEDIA E TRAUMATOLOGIA PEDIÁTRICA","INTERNAÇÃO PRÓPRIA (COTA DIRETA)","","","","","","","","","","","","","","","","","","","","","",""
"NORDESTE","HUGOL - GOIÂNIA","MÉDIA E ALTA COMPLEXIDADE","URGÊNCIA E EMERGÊNCIA ","UTI PEDIATRICA","PEDIATRIA","INTERNAÇÃO PRÓPRIA (COTA DIRETA)","HUGOL - TRAUMA PEDIÁTRICO/QUEIMADO / CPRE PARA CRIANÇAS A PARTIR DE 10KG","","","","","","","","","","","","","","","","","","","","",""
"NORDESTE","HUGOL - GOIÂNIA","MÉDIA E ALTA COMPLEXIDADE","URGÊNCIA E EMERGÊNCIA ","UTI PEDIATRICA","ORTOPEDIA E TRAUMATOLOGIA PEDIÁTRICA","INTERNAÇÃO PRÓPRIA (COTA DIRETA)","","","","","","","","","","","","","","","","","","","","","",""
"CENTRO OESTE","HUGOL - GOIÂNIA","MÉDIA E ALTA COMPLEXIDADE","URGÊNCIA E EMERGÊNCIA ","ENFERMARIA PEDIATRICA","NEUROCIRURGIA PEDIÁTRICA","INTERNAÇÃO PRÓPRIA (COTA DIRETA)","HUGOL: RN COM PATOLOGIA NEUROCIRURGICA (MIELOMENINGOCELE E HIDROCEFALIA AGUDA);","","","","","","","","","","","","","","","","","","","","",""
"CENTRO OESTE","HUGOL - GOIÂNIA","MÉDIA E ALTA COMPLEXIDADE","URGÊNCIA E EMERGÊNCIA ","ENFERMARIA PEDIATRICA","CARDIOLOGIA PEDIÁTRICA CIRÚRGICA","INTERNAÇÃO PRÓPRIA (COTA DIRETA)","HUGOL: RN GRAVE COM CARDIOPATIA CONGÊNITA CONFIRMADA (APENAS PERFIL CIRÚRGICO, PRONTO PARA OPERAR)","","","","","","","","","","","","","","","","","","","","",""
"CENTRO NORTE","HUGOL - GOIÂNIA","MÉDIA E ALTA COMPLEXIDADE","URGÊNCIA E EMERGÊNCIA ","ENFERMARIA PEDIATRICA","NEUROCIRURGIA PEDIÁTRICA","INTERNAÇÃO PRÓPRIA (COTA DIRETA)","HUGOL: RN COM PATOLOGIA NEUROCIRURGICA (MIELOMENINGOCELE E HIDROCEFALIA AGUDA);","","","","","","","","","","","","","","","","","","","","",""
"CENTRO NORTE","HUGOL - GOIÂNIA","MÉDIA E ALTA COMPLEXIDADE","URGÊNCIA E EMERGÊNCIA ","ENFERMARIA PEDIATRICA","CARDIOLOGIA PEDIÁTRICA CIRÚRGICA","INTERNAÇÃO PRÓPRIA (COTA DIRETA)","HUGOL: RN GRAVE COM CARDIOPATIA CONGÊNITA CONFIRMADA (APENAS PERFIL CIRÚRGICO, PRONTO PARA OPERAR)","","","","","","","","","","","","","","","","","","","","",""
"CENTRO SUDESTE","HUGOL - GOIÂNIA","MÉDIA E ALTA COMPLEXIDADE","URGÊNCIA E EMERGÊNCIA ","ENFERMARIA PEDIATRICA","NEUROCIRURGIA PEDIÁTRICA","INTERNAÇÃO PRÓPRIA (COTA DIRETA)","HUGOL: RN COM PATOLOGIA NEUROCIRURGICA (MIELOMENINGOCELE E HIDROCEFALIA AGUDA);","","","","","","","","","","","","","","","","","","","","",""
"CENTRO SUDESTE","HUGOL - GOIÂNIA","MÉDIA E ALTA COMPLEXIDADE","URGÊNCIA E EMERGÊNCIA ","ENFERMARIA PEDIATRICA","CARDIOLOGIA PEDIÁTRICA CIRÚRGICA","INTERNAÇÃO PRÓPRIA (COTA DIRETA)","HUGOL: RN GRAVE COM CARDIOPATIA CONGÊNITA CONFIRMADA (APENAS PERFIL CIRÚRGICO, PRONTO PARA OPERAR)","","","","","","","","","","","","","","","","","","","","",""
"CENTRO SUDOESTE","HUGOL - GOIÂNIA","MÉDIA E ALTA COMPLEXIDADE","URGÊNCIA E EMERGÊNCIA ","ENFERMARIA PEDIATRICA","NEUROCIRURGIA PEDIÁTRICA","INTERNAÇÃO PRÓPRIA (COTA DIRETA)","HUGOL: RN COM PATOLOGIA NEUROCIRURGICA (MIELOMENINGOCELE E HIDROCEFALIA AGUDA);","","","","","","","","","","","","","","","","","","","","",""
"CENTRO SUDOESTE","HUGOL - GOIÂNIA","MÉDIA E ALTA COMPLEXIDADE","URGÊNCIA E EMERGÊNCIA ","ENFERMARIA PEDIATRICA","CARDIOLOGIA PEDIÁTRICA CIRÚRGICA","INTERNAÇÃO PRÓPRIA (COTA DIRETA)","HUGOL: RN GRAVE COM CARDIOPATIA CONGÊNITA CONFIRMADA (APENAS PERFIL CIRÚRGICO, PRONTO PARA OPERAR)","","","","","","","","","","","","","","","","","","","","",""
"NORDESTE","HUGOL - GOIÂNIA","MÉDIA E ALTA COMPLEXIDADE","URGÊNCIA E EMERGÊNCIA ","ENFERMARIA PEDIATRICA","NEUROCIRURGIA PEDIÁTRICA","INTERNAÇÃO PRÓPRIA (COTA DIRETA)","HUGOL: RN COM PATOLOGIA NEUROCIRURGICA (MIELOMENINGOCELE E HIDROCEFALIA AGUDA);","","","","","","","","","","","","","","","","","","","","",""
"NORDESTE","HUGOL - GOIÂNIA","MÉDIA E ALTA COMPLEXIDADE","URGÊNCIA E EMERGÊNCIA ","ENFERMARIA PEDIATRICA","CARDIOLOGIA PEDIÁTRICA CIRÚRGICA","INTERNAÇÃO PRÓPRIA (COTA DIRETA)","HUGOL: RN GRAVE COM CARDIOPATIA CONGÊNITA CONFIRMADA (APENAS PERFIL CIRÚRGICO, PRONTO PARA OPERAR)","","","","","","","","","","","","","","","","","","","","",""
"CENTRO OESTE","HUGOL - GOIÂNIA","MÉDIA E ALTA COMPLEXIDADE","URGÊNCIA E EMERGÊNCIA ","UTI NEONATAL","NEONATOLOGIA","INTERNAÇÃO PRÓPRIA (COTA DIRETA)","HUGOL: RN COM PATOLOGIA NEUROCIRURGICA (MIELOMENINGOCELE E HIDROCEFALIA AGUDA);","","","","","","","","","","","","","","","","","","","","",""
"CENTRO OESTE","HUGOL - GOIÂNIA","MÉDIA E ALTA COMPLEXIDADE","URGÊNCIA E EMERGÊNCIA ","UTI NEONATAL","NEONATOLOGIA","INTERNAÇÃO PRÓPRIA (COTA DIRETA)","HUGOL: RN GRAVE COM CARDIOPATIA CONGÊNITA CONFIRMADA (APENAS PERFIL CIRÚRGICO, PRONTO PARA OPERAR)","","","","","","","","","","","","","","","","","","","","",""
"CENTRO NORTE","HUGOL - GOIÂNIA","MÉDIA E ALTA COMPLEXIDADE","URGÊNCIA E EMERGÊNCIA ","UTI NEONATAL","NEONATOLOGIA","INTERNAÇÃO PRÓPRIA (COTA DIRETA)","HUGOL: RN COM PATOLOGIA NEUROCIRURGICA (MIELOMENINGOCELE E HIDROCEFALIA AGUDA);","","","","","","","","","","","","","","","","","","","","",""
"CENTRO NORTE","HUGOL - GOIÂNIA","MÉDIA E ALTA COMPLEXIDADE","URGÊNCIA E EMERGÊNCIA ","UTI NEONATAL","NEONATOLOGIA","INTERNAÇÃO PRÓPRIA (COTA DIRETA)","HUGOL: RN GRAVE COM CARDIOPATIA CONGÊNITA CONFIRMADA (APENAS PERFIL CIRÚRGICO, PRONTO PARA OPERAR)","","","","","","","","","","","","","","","","","","","","",""
"CENTRO SUDESTE","HUGOL - GOIÂNIA","MÉDIA E ALTA COMPLEXIDADE","URGÊNCIA E EMERGÊNCIA ","UTI NEONATAL","NEONATOLOGIA","INTERNAÇÃO PRÓPRIA (COTA DIRETA)","HUGOL: RN COM PATOLOGIA NEUROCIRURGICA (MIELOMENINGOCELE E HIDROCEFALIA AGUDA);","","","","","","","","","","","","","","","","","","","","",""
"CENTRO SUDESTE","HUGOL - GOIÂNIA","MÉDIA E ALTA COMPLEXIDADE","URGÊNCIA E EMERGÊNCIA ","UTI NEONATAL","NEONATOLOGIA","INTERNAÇÃO PRÓPRIA (COTA DIRETA)","HUGOL: RN GRAVE COM CARDIOPATIA CONGÊNITA CONFIRMADA (APENAS PERFIL CIRÚRGICO, PRONTO PARA OPERAR)","","","","","","","","","","","","","","","","","","","","",""
"CENTRO SUDOESTE","HUGOL - GOIÂNIA","MÉDIA E ALTA COMPLEXIDADE","URGÊNCIA E EMERGÊNCIA ","UTI NEONATAL","NEONATOLOGIA","INTERNAÇÃO PRÓPRIA (COTA DIRETA)","HUGOL: RN COM PATOLOGIA NEUROCIRURGICA (MIELOMENINGOCELE E HIDROCEFALIA AGUDA);","","","","","","","","","","","","","","","","","","","","",""
"CENTRO SUDOESTE","HUGOL - GOIÂNIA","MÉDIA E ALTA COMPLEXIDADE","URGÊNCIA E EMERGÊNCIA ","UTI NEONATAL","NEONATOLOGIA","INTERNAÇÃO PRÓPRIA (COTA DIRETA)","HUGOL: RN GRAVE COM CARDIOPATIA CONGÊNITA CONFIRMADA (APENAS PERFIL CIRÚRGICO, PRONTO PARA OPERAR)","","","","","","","","","","","","","","","","","","","","",""
"NORDESTE","HUGOL - GOIÂNIA","MÉDIA E ALTA COMPLEXIDADE","URGÊNCIA E EMERGÊNCIA ","UTI NEONATAL","NEONATOLOGIA","INTERNAÇÃO PRÓPRIA (COTA DIRETA)","HUGOL: RN COM PATOLOGIA NEUROCIRURGICA (MIELOMENINGOCELE E HIDROCEFALIA AGUDA);","","","","","","","","","","","","","","","","","","","","",""
"NORDESTE","HUGOL - GOIÂNIA","MÉDIA E ALTA COMPLEXIDADE","URGÊNCIA E EMERGÊNCIA ","UTI NEONATAL","NEONATOLOGIA","INTERNAÇÃO PRÓPRIA (COTA DIRETA)","HUGOL: RN GRAVE COM CARDIOPATIA CONGÊNITA CONFIRMADA (APENAS PERFIL CIRÚRGICO, PRONTO PARA OPERAR)","","","","","","","","","","","","","","","","","","","","",""
"CENTRO OESTE","HUGOL - GOIÂNIA","MÉDIA E ALTA COMPLEXIDADE","URGÊNCIA E EMERGÊNCIA ","UTI ADULTO","CIRURGIA BUCOMAXILOFACIAL","ACEITE DA UNIDADE EXECUTANTE","-","","","","","","","","","","","","","","","","","","","","",""
"CENTRO OESTE","HUGOL - GOIÂNIA","MÉDIA E ALTA COMPLEXIDADE","URGÊNCIA E EMERGÊNCIA ","UTI ADULTO","CIRURGIA GERAL","ACEITE DA UNIDADE EXECUTANTE","HUGOL: CPRE (CONFORME DISPONIBILIDADE DA UNIDADE), FAB E FAF, ABDOME AGUDO, HDA COM REPERCUSSÃO HEMODINÂMICA.","","","","","","","","","","","","","","","","","","","","",""
"CENTRO OESTE","HUGOL - GOIÂNIA","MÉDIA E ALTA COMPLEXIDADE","URGÊNCIA E EMERGÊNCIA ","UTI ADULTO","ORTOPEDIA E TRAUMATOLOGIA","ACEITE DA UNIDADE EXECUTANTE","HUGOL:  TODAS AS FRATURAS E LESÕES, POLITRAUMA, INCLUINDO EXPOSTA","","","","","","","","","","","","","","","","","","","","",""
"CENTRO OESTE","HUGOL - GOIÂNIA","MÉDIA E ALTA COMPLEXIDADE","URGÊNCIA E EMERGÊNCIA ","UTI ADULTO","NEUROCIRURGIA","ACEITE DA UNIDADE EXECUTANTE","HUGOL: ANEURISMA CEREBRAL ROTO, HEMATOMA SUBARACNOIDE, HEMATOMA SUBDURAL, NEUROCIRURGIA DESCOMPRESSIVA, ANGIOFRAFIA, CLIPAGEM, EMBOLIZAÇÃO/TROMBECTOMIA. TEM O SERVIÇO DE HEMODINâMICA","","","","","","","","","","","","","","","","","","","","",""
"CENTRO OESTE","HUGOL - GOIÂNIA","MÉDIA E ALTA COMPLEXIDADE","URGÊNCIA E EMERGÊNCIA ","UTI PEDIATRICA","NEUROCIRURGIA PEDIÁTRICA","ACEITE DA UNIDADE EXECUTANTE","HUGOL: RN COM PATOLOGIA NEUROCIRURGICA (MIELOMENINGOCELE E HIDROCEFALIA AGUDA);","","","","","","","","","","","","","","","","","","","","",""
"CENTRO OESTE","HUGOL - GOIÂNIA","MÉDIA E ALTA COMPLEXIDADE","URGÊNCIA E EMERGÊNCIA ","UTI ADULTO","CIRURGIA VASCULAR/ANGIO","ACEITE DA UNIDADE EXECUTANTE","HUGOL: TEM O SERVIÇO DE HEMODINâMICA VASCULAR, EXCETO PARA DOENÇAS CRôNICAS","","","","","","","","","","","","","","","","","","","","",""
"CENTRO OESTE","HUGOL - GOIÂNIA","MÉDIA E ALTA COMPLEXIDADE","URGÊNCIA E EMERGÊNCIA ","UTI ADULTO","CLÍNICA MÉDICA","ACEITE DA UNIDADE EXECUTANTE","HUGOL: NEFROLOGIA, CARDIOLOGIA, NEUROLOGIA (TORÁCICA E HEMATO APENAS PARA PACIENTES INTERNADOS)","","","","","","","","","","","","","","","","","","","","",""
"CENTRO OESTE","HUGOL - GOIÂNIA","MÉDIA E ALTA COMPLEXIDADE","URGÊNCIA E EMERGÊNCIA ","UTI ADULTO","UROLOGIA","ACEITE DA UNIDADE EXECUTANTE","HUGOL: TRAUMA UROLÓGICO","","","","","","","","","","","","","","","","","","","","",""
"CENTRO OESTE","HUGOL - GOIÂNIA","MÉDIA E ALTA COMPLEXIDADE","URGÊNCIA E EMERGÊNCIA ","UTI ADULTO","QUEIMADOS","ACEITE DA UNIDADE EXECUTANTE","HUGOL: MÉDIO E GRANDE QUEIMADO","","","","","","","","","","","","","","","","","","","","",""
"CENTRO OESTE","HUGOL - GOIÂNIA","MÉDIA E ALTA COMPLEXIDADE","URGÊNCIA E EMERGÊNCIA ","UTI ADULTO","CARDIOVASCULAR","ACEITE DA UNIDADE EXECUTANTE","HUGOL: CATETERISMO, ANGIOPLASTIA, MARCAPASSO, REVASCUL. MIOCARDIO, TROCA VALVAR E DEMAIS CIRURGIAS CARDIACAS - NÃO REALIZA ABLAÇÃO E IMPLANTE DE CDI","","","","","","","","","","","","","","","","","","","","",""
"CENTRO OESTE","HUGOL - GOIÂNIA","MÉDIA E ALTA COMPLEXIDADE","URGÊNCIA E EMERGÊNCIA ","UTI PEDIATRICA","CARDIOLOGIA PEDIÁTRICA CIRÚRGICA","ACEITE DA UNIDADE EXECUTANTE","HUGOL: RN GRAVE COM CARDIOPATIA CONGÊNITA CONFIRMADA (APENAS PERFIL CIRÚRGICO, PRONTO PARA OPERAR)","","","","","","","","","","","","","","","","","","","","",""
"CENTRO OESTE","HUGOL - GOIÂNIA","MÉDIA E ALTA COMPLEXIDADE","URGÊNCIA E EMERGÊNCIA ","ENFERMARIA PEDIATRICA","PEDIATRIA","ACEITE DA UNIDADE EXECUTANTE","HUGOL - TRAUMA PEDIÁTRICO/QUEIMADO / CPRE PARA CRIANÇAS A PARTIR DE 10KG","","","","","","","","","","","","","","","","","","","","",""
"CENTRO OESTE","HUGOL - GOIÂNIA","MÉDIA E ALTA COMPLEXIDADE","URGÊNCIA E EMERGÊNCIA ","ENFERMARIA PEDIATRICA","ORTOPEDIA E TRAUMATOLOGIA PEDIÁTRICA","ACEITE DA UNIDADE EXECUTANTE","-","","","","","","","","","","","","","","","","","","","","",""
"CENTRO NORTE","HUGOL - GOIÂNIA","MÉDIA E ALTA COMPLEXIDADE","URGÊNCIA E EMERGÊNCIA ","UTI ADULTO","CIRURGIA BUCOMAXILOFACIAL","ACEITE DA UNIDADE EXECUTANTE","-","","","","","","","","","","","","","","","","","","","","",""
"CENTRO NORTE","HUGOL - GOIÂNIA","MÉDIA E ALTA COMPLEXIDADE","URGÊNCIA E EMERGÊNCIA ","UTI ADULTO","ORTOPEDIA E TRAUMATOLOGIA","ACEITE DA UNIDADE EXECUTANTE","HUGOL:  TODAS AS FRATURAS E LESÕES, POLITRAUMA, INCLUINDO EXPOSTA","","","","","","","","","","","","","","","","","","","","",""
"CENTRO NORTE","HUGOL - GOIÂNIA","MÉDIA E ALTA COMPLEXIDADE","URGÊNCIA E EMERGÊNCIA ","UTI ADULTO","NEUROCIRURGIA","ACEITE DA UNIDADE EXECUTANTE","HUGOL: ANEURISMA CEREBRAL ROTO, HEMATOMA SUBARACNOIDE, HEMATOMA SUBDURAL, NEUROCIRURGIA DESCOMPRESSIVA, ANGIOFRAFIA, CLIPAGEM, EMBOLIZAÇÃO/TROMBECTOMIA. TEM O SERVIÇO DE HEMODINâMICA","","","","","","","","","","","","","","","","","","","","",""
"CENTRO NORTE","HUGOL - GOIÂNIA","MÉDIA E ALTA COMPLEXIDADE","URGÊNCIA E EMERGÊNCIA ","UTI PEDIATRICA","NEUROCIRURGIA PEDIÁTRICA","ACEITE DA UNIDADE EXECUTANTE","HUGOL: RN COM PATOLOGIA NEUROCIRURGICA (MIELOMENINGOCELE E HIDROCEFALIA AGUDA);","","","","","","","","","","","","","","","","","","","","",""
"CENTRO NORTE","HUGOL - GOIÂNIA","MÉDIA E ALTA COMPLEXIDADE","URGÊNCIA E EMERGÊNCIA ","UTI ADULTO","CIRURGIA VASCULAR/ANGIO","ACEITE DA UNIDADE EXECUTANTE","HUGOL: TEM O SERVIÇO DE HEMODINâMICA VASCULAR, EXCETO PARA DOENÇAS CRôNICAS","","","","","","","","","","","","","","","","","","","","",""
"CENTRO NORTE","HUGOL - GOIÂNIA","MÉDIA E ALTA COMPLEXIDADE","URGÊNCIA E EMERGÊNCIA ","UTI ADULTO","CLÍNICA MÉDICA","ACEITE DA UNIDADE EXECUTANTE","HUGOL: NEFROLOGIA, CARDIOLOGIA, NEUROLOGIA (TORÁCICA E HEMATO APENAS PARA PACIENTES INTERNADOS)","","","","","","","","","","","","","","","","","","","","",""
"CENTRO NORTE","HUGOL - GOIÂNIA","MÉDIA E ALTA COMPLEXIDADE","URGÊNCIA E EMERGÊNCIA ","UTI ADULTO","UROLOGIA","ACEITE DA UNIDADE EXECUTANTE","HUGOL: TRAUMA UROLÓGICO","","","","","","","","","","","","","","","","","","","","",""
"CENTRO NORTE","HUGOL - GOIÂNIA","MÉDIA E ALTA COMPLEXIDADE","URGÊNCIA E EMERGÊNCIA ","UTI ADULTO","QUEIMADOS","ACEITE DA UNIDADE EXECUTANTE","HUGOL: MÉDIO E GRANDE QUEIMADO","","","","","","","","","","","","","","","","","","","","",""
"CENTRO NORTE","HUGOL - GOIÂNIA","MÉDIA E ALTA COMPLEXIDADE","URGÊNCIA E EMERGÊNCIA ","UTI ADULTO","CARDIOVASCULAR","ACEITE DA UNIDADE EXECUTANTE","HUGOL: CATETERISMO, ANGIOPLASTIA, MARCAPASSO, REVASCUL. MIOCARDIO, TROCA VALVAR E DEMAIS CIRURGIAS CARDIACAS - NÃO REALIZA ABLAÇÃO E IMPLANTE DE CDI","","","","","","","","","","","","","","","","","","","","",""
"CENTRO NORTE","HUGOL - GOIÂNIA","MÉDIA E ALTA COMPLEXIDADE","URGÊNCIA E EMERGÊNCIA ","UTI PEDIATRICA","CARDIOLOGIA PEDIÁTRICA CIRÚRGICA","ACEITE DA UNIDADE EXECUTANTE","HUGOL: RN GRAVE COM CARDIOPATIA CONGÊNITA CONFIRMADA (APENAS PERFIL CIRÚRGICO, PRONTO PARA OPERAR)","","","","","","","","","","","","","","","","","","","","",""
"CENTRO NORTE","HUGOL - GOIÂNIA","MÉDIA E ALTA COMPLEXIDADE","URGÊNCIA E EMERGÊNCIA ","ENFERMARIA PEDIATRICA","PEDIATRIA","ACEITE DA UNIDADE EXECUTANTE","HUGOL - TRAUMA PEDIÁTRICO/QUEIMADO / CPRE PARA CRIANÇAS A PARTIR DE 10KG","","","","","","","","","","","","","","","","","","","","",""
"CENTRO NORTE","HUGOL - GOIÂNIA","MÉDIA E ALTA COMPLEXIDADE","URGÊNCIA E EMERGÊNCIA ","ENFERMARIA PEDIATRICA","ORTOPEDIA E TRAUMATOLOGIA PEDIÁTRICA","ACEITE DA UNIDADE EXECUTANTE","-","","","","","","","","","","","","","","","","","","","","",""
"CENTRO SUDESTE","HUGOL - GOIÂNIA","MÉDIA E ALTA COMPLEXIDADE","URGÊNCIA E EMERGÊNCIA ","UTI ADULTO","CIRURGIA BUCOMAXILOFACIAL","ACEITE DA UNIDADE EXECUTANTE","-","","","","","","","","","","","","","","","","","","","","",""
"CENTRO SUDESTE","HUGOL - GOIÂNIA","MÉDIA E ALTA COMPLEXIDADE","URGÊNCIA E EMERGÊNCIA ","UTI ADULTO","ORTOPEDIA E TRAUMATOLOGIA","ACEITE DA UNIDADE EXECUTANTE","HUGOL:  TODAS AS FRATURAS E LESÕES, POLITRAUMA, INCLUINDO EXPOSTA","","","","","","","","","","","","","","","","","","","","",""
"CENTRO SUDESTE","HUGOL - GOIÂNIA","MÉDIA E ALTA COMPLEXIDADE","URGÊNCIA E EMERGÊNCIA ","UTI ADULTO","NEUROCIRURGIA","ACEITE DA UNIDADE EXECUTANTE","HUGOL: ANEURISMA CEREBRAL ROTO, HEMATOMA SUBARACNOIDE, HEMATOMA SUBDURAL, NEUROCIRURGIA DESCOMPRESSIVA, ANGIOFRAFIA, CLIPAGEM, EMBOLIZAÇÃO/TROMBECTOMIA. TEM O SERVIÇO DE HEMODINâMICA","","","","","","","","","","","","","","","","","","","","",""
"CENTRO SUDESTE","HUGOL - GOIÂNIA","MÉDIA E ALTA COMPLEXIDADE","URGÊNCIA E EMERGÊNCIA ","UTI PEDIATRICA","NEUROCIRURGIA PEDIÁTRICA","ACEITE DA UNIDADE EXECUTANTE","HUGOL: RN COM PATOLOGIA NEUROCIRURGICA (MIELOMENINGOCELE E HIDROCEFALIA AGUDA);","","","","","","","","","","","","","","","","","","","","",""
"CENTRO SUDESTE","HUGOL - GOIÂNIA","MÉDIA E ALTA COMPLEXIDADE","URGÊNCIA E EMERGÊNCIA ","UTI ADULTO","CIRURGIA VASCULAR/ANGIO","ACEITE DA UNIDADE EXECUTANTE","HUGOL: TEM O SERVIÇO DE HEMODINâMICA VASCULAR, EXCETO PARA DOENÇAS CRôNICAS","","","","","","","","","","","","","","","","","","","","",""
"CENTRO SUDESTE","HUGOL - GOIÂNIA","MÉDIA E ALTA COMPLEXIDADE","URGÊNCIA E EMERGÊNCIA ","UTI ADULTO","CLÍNICA MÉDICA","ACEITE DA UNIDADE EXECUTANTE","HUGOL: NEFROLOGIA, CARDIOLOGIA, NEUROLOGIA (TORÁCICA E HEMATO APENAS PARA PACIENTES INTERNADOS)","","","","","","","","","","","","","","","","","","","","",""
"CENTRO SUDESTE","HUGOL - GOIÂNIA","MÉDIA E ALTA COMPLEXIDADE","URGÊNCIA E EMERGÊNCIA ","UTI ADULTO","UROLOGIA","ACEITE DA UNIDADE EXECUTANTE","HUGOL: TRAUMA UROLÓGICO","","","","","","","","","","","","","","","","","","","","",""
"CENTRO SUDESTE","HUGOL - GOIÂNIA","MÉDIA E ALTA COMPLEXIDADE","URGÊNCIA E EMERGÊNCIA ","UTI ADULTO","QUEIMADOS","ACEITE DA UNIDADE EXECUTANTE","HUGOL: MÉDIO E GRANDE QUEIMADO","","","","","","","","","","","","","","","","","","","","",""
"CENTRO SUDESTE","HUGOL - GOIÂNIA","MÉDIA E ALTA COMPLEXIDADE","URGÊNCIA E EMERGÊNCIA ","UTI ADULTO","CARDIOVASCULAR","ACEITE DA UNIDADE EXECUTANTE","HUGOL: CATETERISMO, ANGIOPLASTIA, MARCAPASSO, REVASCUL. MIOCARDIO, TROCA VALVAR E DEMAIS CIRURGIAS CARDIACAS - NÃO REALIZA ABLAÇÃO E IMPLANTE DE CDI","","","","","","","","","","","","","","","","","","","","",""
"CENTRO SUDESTE","HUGOL - GOIÂNIA","MÉDIA E ALTA COMPLEXIDADE","URGÊNCIA E EMERGÊNCIA ","UTI PEDIATRICA","CARDIOLOGIA PEDIÁTRICA CIRÚRGICA","ACEITE DA UNIDADE EXECUTANTE","HUGOL: RN GRAVE COM CARDIOPATIA CONGÊNITA CONFIRMADA (APENAS PERFIL CIRÚRGICO, PRONTO PARA OPERAR)","","","","","","","","","","","","","","","","","","","","",""
"CENTRO SUDESTE","HUGOL - GOIÂNIA","MÉDIA E ALTA COMPLEXIDADE","URGÊNCIA E EMERGÊNCIA ","ENFERMARIA PEDIATRICA","PEDIATRIA","ACEITE DA UNIDADE EXECUTANTE","HUGOL - TRAUMA PEDIÁTRICO/QUEIMADO / CPRE PARA CRIANÇAS A PARTIR DE 10KG","","","","","","","","","","","","","","","","","","","","",""
"CENTRO SUDESTE","HUGOL - GOIÂNIA","MÉDIA E ALTA COMPLEXIDADE","URGÊNCIA E EMERGÊNCIA ","ENFERMARIA PEDIATRICA","ORTOPEDIA E TRAUMATOLOGIA PEDIÁTRICA","ACEITE DA UNIDADE EXECUTANTE","-","","","","","","","","","","","","","","","","","","","","",""
"CENTRO SUDOESTE","HUGOL - GOIÂNIA","MÉDIA E ALTA COMPLEXIDADE","URGÊNCIA E EMERGÊNCIA ","UTI ADULTO","CIRURGIA BUCOMAXILOFACIAL","ACEITE DA UNIDADE EXECUTANTE","-","","","","","","","","","","","","","","","","","","","","",""
"CENTRO SUDOESTE","HUGOL - GOIÂNIA","MÉDIA E ALTA COMPLEXIDADE","URGÊNCIA E EMERGÊNCIA ","UTI ADULTO","ORTOPEDIA E TRAUMATOLOGIA","ACEITE DA UNIDADE EXECUTANTE","HUGOL:  TODAS AS FRATURAS E LESÕES, POLITRAUMA, INCLUINDO EXPOSTA","","","","","","","","","","","","","","","","","","","","",""
"CENTRO SUDOESTE","HUGOL - GOIÂNIA","MÉDIA E ALTA COMPLEXIDADE","URGÊNCIA E EMERGÊNCIA ","UTI ADULTO","NEUROCIRURGIA","ACEITE DA UNIDADE EXECUTANTE","HUGOL: ANEURISMA CEREBRAL ROTO, HEMATOMA SUBARACNOIDE, HEMATOMA SUBDURAL, NEUROCIRURGIA DESCOMPRESSIVA, ANGIOFRAFIA, CLIPAGEM, EMBOLIZAÇÃO/TROMBECTOMIA. TEM O SERVIÇO DE HEMODINâMICA","","","","","","","","","","","","","","","","","","","","",""
"CENTRO SUDOESTE","HUGOL - GOIÂNIA","MÉDIA E ALTA COMPLEXIDADE","URGÊNCIA E EMERGÊNCIA ","UTI PEDIATRICA","NEUROCIRURGIA PEDIÁTRICA","ACEITE DA UNIDADE EXECUTANTE","HUGOL: RN COM PATOLOGIA NEUROCIRURGICA (MIELOMENINGOCELE E HIDROCEFALIA AGUDA);","","","","","","","","","","","","","","","","","","","","",""
"CENTRO SUDOESTE","HUGOL - GOIÂNIA","MÉDIA E ALTA COMPLEXIDADE","URGÊNCIA E EMERGÊNCIA ","UTI ADULTO","CIRURGIA VASCULAR/ANGIO","ACEITE DA UNIDADE EXECUTANTE","HUGOL: TEM O SERVIÇO DE HEMODINâMICA VASCULAR, EXCETO PARA DOENÇAS CRôNICAS","","","","","","","","","","","","","","","","","","","","",""
"CENTRO SUDOESTE","HUGOL - GOIÂNIA","MÉDIA E ALTA COMPLEXIDADE","URGÊNCIA E EMERGÊNCIA ","UTI ADULTO","CLÍNICA MÉDICA","ACEITE DA UNIDADE EXECUTANTE","HUGOL: NEFROLOGIA, CARDIOLOGIA, NEUROLOGIA (TORÁCICA E HEMATO APENAS PARA PACIENTES INTERNADOS)","","","","","","","","","","","","","","","","","","","","",""
"CENTRO SUDOESTE","HUGOL - GOIÂNIA","MÉDIA E ALTA COMPLEXIDADE","URGÊNCIA E EMERGÊNCIA ","UTI ADULTO","UROLOGIA","ACEITE DA UNIDADE EXECUTANTE","HUGOL: TRAUMA UROLÓGICO","","","","","","","","","","","","","","","","","","","","",""
"CENTRO SUDOESTE","HUGOL - GOIÂNIA","MÉDIA E ALTA COMPLEXIDADE","URGÊNCIA E EMERGÊNCIA ","UTI ADULTO","QUEIMADOS","ACEITE DA UNIDADE EXECUTANTE","HUGOL: MÉDIO E GRANDE QUEIMADO","","","","","","","","","","","","","","","","","","","","",""
"CENTRO SUDOESTE","HUGOL - GOIÂNIA","MÉDIA E ALTA COMPLEXIDADE","URGÊNCIA E EMERGÊNCIA ","UTI ADULTO","CARDIOVASCULAR","ACEITE DA UNIDADE EXECUTANTE","HUGOL: CATETERISMO, ANGIOPLASTIA, MARCAPASSO, REVASCUL. MIOCARDIO, TROCA VALVAR E DEMAIS CIRURGIAS CARDIACAS - NÃO REALIZA ABLAÇÃO E IMPLANTE DE CDI","","","","","","","","","","","","","","","","","","","","",""
"CENTRO SUDOESTE","HUGOL - GOIÂNIA","MÉDIA E ALTA COMPLEXIDADE","URGÊNCIA E EMERGÊNCIA ","UTI PEDIATRICA","CARDIOLOGIA PEDIÁTRICA CIRÚRGICA","ACEITE DA UNIDADE EXECUTANTE","HUGOL: RN GRAVE COM CARDIOPATIA CONGÊNITA CONFIRMADA (APENAS PERFIL CIRÚRGICO, PRONTO PARA OPERAR)","","","","","","","","","","","","","","","","","","","","",""
"CENTRO SUDOESTE","HUGOL - GOIÂNIA","MÉDIA E ALTA COMPLEXIDADE","URGÊNCIA E EMERGÊNCIA ","ENFERMARIA PEDIATRICA","PEDIATRIA","ACEITE DA UNIDADE EXECUTANTE","HUGOL - TRAUMA PEDIÁTRICO/QUEIMADO / CPRE PARA CRIANÇAS A PARTIR DE 10KG","","","","","","","","","","","","","","","","","","","","",""
"CENTRO SUDOESTE","HUGOL - GOIÂNIA","MÉDIA E ALTA COMPLEXIDADE","URGÊNCIA E EMERGÊNCIA ","ENFERMARIA PEDIATRICA","ORTOPEDIA E TRAUMATOLOGIA PEDIÁTRICA","ACEITE DA UNIDADE EXECUTANTE","-","","","","","","","","","","","","","","","","","","","","",""
"NORDESTE","HUGOL - GOIÂNIA","MÉDIA E ALTA COMPLEXIDADE","URGÊNCIA E EMERGÊNCIA ","UTI ADULTO","CIRURGIA BUCOMAXILOFACIAL","ACEITE DA UNIDADE EXECUTANTE","","","","","","","","","","","","","","","","","","","","","",""
"NORDESTE","HUGOL - GOIÂNIA","MÉDIA E ALTA COMPLEXIDADE","URGÊNCIA E EMERGÊNCIA ","UTI ADULTO","ORTOPEDIA E TRAUMATOLOGIA","ACEITE DA UNIDADE EXECUTANTE","HUGOL:  TODAS AS FRATURAS E LESÕES, POLITRAUMA, INCLUINDO EXPOSTA","","","","","","","","","","","","","","","","","","","","",""
"NORDESTE","HUGOL - GOIÂNIA","MÉDIA E ALTA COMPLEXIDADE","URGÊNCIA E EMERGÊNCIA ","UTI ADULTO","NEUROCIRURGIA","ACEITE DA UNIDADE EXECUTANTE","HUGOL: ANEURISMA CEREBRAL ROTO, HEMATOMA SUBARACNOIDE, HEMATOMA SUBDURAL, NEUROCIRURGIA DESCOMPRESSIVA, ANGIOFRAFIA, CLIPAGEM, EMBOLIZAÇÃO/TROMBECTOMIA. TEM O SERVIÇO DE HEMODINâMICA","","","","","","","","","","","","","","","","","","","","",""
"NORDESTE","HUGOL - GOIÂNIA","MÉDIA E ALTA COMPLEXIDADE","URGÊNCIA E EMERGÊNCIA ","UTI PEDIATRICA","NEUROCIRURGIA PEDIÁTRICA","ACEITE DA UNIDADE EXECUTANTE","HUGOL: RN COM PATOLOGIA NEUROCIRURGICA (MIELOMENINGOCELE E HIDROCEFALIA AGUDA);","","","","","","","","","","","","","","","","","","","","",""
"NORDESTE","HUGOL - GOIÂNIA","MÉDIA E ALTA COMPLEXIDADE","URGÊNCIA E EMERGÊNCIA ","UTI ADULTO","CIRURGIA VASCULAR/ANGIO","ACEITE DA UNIDADE EXECUTANTE","HUGOL: TEM O SERVIÇO DE HEMODINâMICA VASCULAR, EXCETO PARA DOENÇAS CRôNICAS","","","","","","","","","","","","","","","","","","","","",""
"NORDESTE","HUGOL - GOIÂNIA","MÉDIA E ALTA COMPLEXIDADE","URGÊNCIA E EMERGÊNCIA ","UTI ADULTO","CLÍNICA MÉDICA","ACEITE DA UNIDADE EXECUTANTE","","","","","","","","","","","","","","","","","","","","","",""
"NORDESTE","HUGOL - GOIÂNIA","MÉDIA E ALTA COMPLEXIDADE","URGÊNCIA E EMERGÊNCIA ","UTI ADULTO","UROLOGIA","ACEITE DA UNIDADE EXECUTANTE","","","","","","","","","","","","","","","","","","","","","",""
"NORDESTE","HUGOL - GOIÂNIA","MÉDIA E ALTA COMPLEXIDADE","URGÊNCIA E EMERGÊNCIA ","UTI ADULTO","QUEIMADOS","ACEITE DA UNIDADE EXECUTANTE","HUGOL: MÉDIO E GRANDE QUEIMADO","","","","","","","","","","","","","","","","","","","","",""
"NORDESTE","HUGOL - GOIÂNIA","MÉDIA E ALTA COMPLEXIDADE","URGÊNCIA E EMERGÊNCIA ","UTI ADULTO","CARDIOVASCULAR","ACEITE DA UNIDADE EXECUTANTE","HUGOL: CATETERISMO, ANGIOPLASTIA, MARCAPASSO, REVASCUL. MIOCARDIO, TROCA VALVAR E DEMAIS CIRURGIAS CARDIACAS - NÃO REALIZA ABLAÇÃO E IMPLANTE DE CDI","","","","","","","","","","","","","","","","","","","","",""
"NORDESTE","HUGOL - GOIÂNIA","MÉDIA E ALTA COMPLEXIDADE","URGÊNCIA E EMERGÊNCIA ","UTI PEDIATRICA","CARDIOLOGIA PEDIÁTRICA CIRÚRGICA","ACEITE DA UNIDADE EXECUTANTE","HUGOL: RN GRAVE COM CARDIOPATIA CONGÊNITA CONFIRMADA (APENAS PERFIL CIRÚRGICO, PRONTO PARA OPERAR)","","","","","","","","","","","","","","","","","","","","",""
"NORDESTE","HUGOL - GOIÂNIA","MÉDIA E ALTA COMPLEXIDADE","URGÊNCIA E EMERGÊNCIA ","ENFERMARIA PEDIATRICA","PEDIATRIA","ACEITE DA UNIDADE EXECUTANTE","HUGOL - TRAUMA PEDIÁTRICO/QUEIMADO / CPRE PARA CRIANÇAS A PARTIR DE 10KG","","","","","","","","","","","","","","","","","","","","",""
"NORDESTE","HUGOL - GOIÂNIA","MÉDIA E ALTA COMPLEXIDADE","URGÊNCIA E EMERGÊNCIA ","ENFERMARIA PEDIATRICA","ORTOPEDIA E TRAUMATOLOGIA PEDIÁTRICA","ACEITE DA UNIDADE EXECUTANTE","","","","","","","","","","","","","","","","","","","","","",""
"CENTRO OESTE","HUGOL - GOIÂNIA","MÉDIA E ALTA COMPLEXIDADE","URGÊNCIA E EMERGÊNCIA ","UTI ADULTO","CIRURGIA BUCOMAXILOFACIAL","ACEITE DA UNIDADE EXECUTANTE","","","","","","","","","","","","","","","","","","","","","",""
"CENTRO OESTE","HUGOL - GOIÂNIA","MÉDIA E ALTA COMPLEXIDADE","URGÊNCIA E EMERGÊNCIA ","UTI ADULTO","ORTOPEDIA E TRAUMATOLOGIA","ACEITE DA UNIDADE EXECUTANTE","HUGOL:  TODAS AS FRATURAS E LESÕES, POLITRAUMA, INCLUINDO EXPOSTA","","","","","","","","","","","","","","","","","","","","",""
"CENTRO OESTE","HUGOL - GOIÂNIA","MÉDIA E ALTA COMPLEXIDADE","URGÊNCIA E EMERGÊNCIA ","UTI ADULTO","NEUROCIRURGIA","ACEITE DA UNIDADE EXECUTANTE","HUGOL: ANEURISMA CEREBRAL ROTO, HEMATOMA SUBARACNOIDE, HEMATOMA SUBDURAL, NEUROCIRURGIA DESCOMPRESSIVA, ANGIOFRAFIA, CLIPAGEM, EMBOLIZAÇÃO/TROMBECTOMIA. TEM O SERVIÇO DE HEMODINâMICA","","","","","","","","","","","","","","","","","","","","",""
"CENTRO OESTE","HUGOL - GOIÂNIA","MÉDIA E ALTA COMPLEXIDADE","URGÊNCIA E EMERGÊNCIA ","UTI ADULTO","CIRURGIA VASCULAR/ANGIO","ACEITE DA UNIDADE EXECUTANTE","HUGOL: TEM O SERVIÇO DE HEMODINâMICA VASCULAR, EXCETO PARA DOENÇAS CRôNICAS","","","","","","","","","","","","","","","","","","","","",""
"CENTRO OESTE","HUGOL - GOIÂNIA","MÉDIA E ALTA COMPLEXIDADE","URGÊNCIA E EMERGÊNCIA ","UTI ADULTO","CLÍNICA MÉDICA","ACEITE DA UNIDADE EXECUTANTE","","","","","","","","","","","","","","","","","","","","","",""
"CENTRO OESTE","HUGOL - GOIÂNIA","MÉDIA E ALTA COMPLEXIDADE","URGÊNCIA E EMERGÊNCIA ","UTI ADULTO","UROLOGIA","ACEITE DA UNIDADE EXECUTANTE","","","","","","","","","","","","","","","","","","","","","",""
"CENTRO OESTE","HUGOL - GOIÂNIA","MÉDIA E ALTA COMPLEXIDADE","URGÊNCIA E EMERGÊNCIA ","UTI ADULTO","QUEIMADOS","ACEITE DA UNIDADE EXECUTANTE","HUGOL: MÉDIO E GRANDE QUEIMADO","","","","","","","","","","","","","","","","","","","","",""
"CENTRO OESTE","HUGOL - GOIÂNIA","MÉDIA E ALTA COMPLEXIDADE","URGÊNCIA E EMERGÊNCIA ","UTI ADULTO","CARDIOVASCULAR","ACEITE DA UNIDADE EXECUTANTE","HUGOL: CATETERISMO, ANGIOPLASTIA, MARCAPASSO, REVASCUL. MIOCARDIO, TROCA VALVAR E DEMAIS CIRURGIAS CARDIACAS - NÃO REALIZA ABLAÇÃO E IMPLANTE DE CDI","","","","","","","","","","","","","","","","","","","","",""
"CENTRO NORTE","HUGOL - GOIÂNIA","MÉDIA E ALTA COMPLEXIDADE","URGÊNCIA E EMERGÊNCIA ","UTI ADULTO","CIRURGIA BUCOMAXILOFACIAL","ACEITE DA UNIDADE EXECUTANTE","","","","","","","","","","","","","","","","","","","","","",""
"CENTRO NORTE","HUGOL - GOIÂNIA","MÉDIA E ALTA COMPLEXIDADE","URGÊNCIA E EMERGÊNCIA ","UTI ADULTO","ORTOPEDIA E TRAUMATOLOGIA","ACEITE DA UNIDADE EXECUTANTE","HUGOL:  TODAS AS FRATURAS E LESÕES, POLITRAUMA, INCLUINDO EXPOSTA","","","","","","","","","","","","","","","","","","","","",""
"CENTRO NORTE","HUGOL - GOIÂNIA","MÉDIA E ALTA COMPLEXIDADE","URGÊNCIA E EMERGÊNCIA ","UTI ADULTO","NEUROCIRURGIA","ACEITE DA UNIDADE EXECUTANTE","HUGOL: TCE, AVCH. TEM O SERVIÇO DE HEMODINÂMICA (ANGIOGRAFIA, CLIPAGEM, EMBOLIZAÇÃO/TROMBECTOMIA)","","","","","","","","","","","","","","","","","","","","",""
"CENTRO NORTE","HUGOL - GOIÂNIA","MÉDIA E ALTA COMPLEXIDADE","URGÊNCIA E EMERGÊNCIA ","UTI ADULTO","CIRURGIA VASCULAR/ANGIO","ACEITE DA UNIDADE EXECUTANTE","HUGOL: TEM O SERVIÇO DE HEMODINâMICA VASCULAR, EXCETO PARA DOENÇAS CRôNICAS","","","","","","","","","","","","","","","","","","","","",""
"CENTRO NORTE","HUGOL - GOIÂNIA","MÉDIA E ALTA COMPLEXIDADE","URGÊNCIA E EMERGÊNCIA ","UTI ADULTO","CLÍNICA MÉDICA","ACEITE DA UNIDADE EXECUTANTE","","","","","","","","","","","","","","","","","","","","","",""
"CENTRO NORTE","HUGOL - GOIÂNIA","MÉDIA E ALTA COMPLEXIDADE","URGÊNCIA E EMERGÊNCIA ","UTI ADULTO","UROLOGIA","ACEITE DA UNIDADE EXECUTANTE","","","","","","","","","","","","","","","","","","","","","",""
"CENTRO NORTE","HUGOL - GOIÂNIA","MÉDIA E ALTA COMPLEXIDADE","URGÊNCIA E EMERGÊNCIA ","UTI ADULTO","QUEIMADOS","ACEITE DA UNIDADE EXECUTANTE","HUGOL: MÉDIO E GRANDE QUEIMADO","","","","","","","","","","","","","","","","","","","","",""
"CENTRO NORTE","HUGOL - GOIÂNIA","MÉDIA E ALTA COMPLEXIDADE","URGÊNCIA E EMERGÊNCIA ","UTI ADULTO","CARDIOVASCULAR","ACEITE DA UNIDADE EXECUTANTE","HUGOL: CATETERISMO, ANGIOPLASTIA, MARCAPASSO, REVASCUL. MIOCARDIO, TROCA VALVAR E DEMAIS CIRURGIAS CARDIACAS - NÃO REALIZA ABLAÇÃO E IMPLANTE DE CDI","","","","","","","","","","","","","","","","","","","","",""
"CENTRO SUDESTE","HUGOL - GOIÂNIA","MÉDIA E ALTA COMPLEXIDADE","URGÊNCIA E EMERGÊNCIA ","UTI ADULTO","CIRURGIA BUCOMAXILOFACIAL","ACEITE DA UNIDADE EXECUTANTE","","","","","","","","","","","","","","","","","","","","","",""
"CENTRO SUDESTE","HUGOL - GOIÂNIA","MÉDIA E ALTA COMPLEXIDADE","URGÊNCIA E EMERGÊNCIA ","UTI ADULTO","ORTOPEDIA E TRAUMATOLOGIA","ACEITE DA UNIDADE EXECUTANTE","HUGOL:  TODAS AS FRATURAS E LESÕES, POLITRAUMA, INCLUINDO EXPOSTA","","","","","","","","","","","","","","","","","","","","",""
"CENTRO SUDESTE","HUGOL - GOIÂNIA","MÉDIA E ALTA COMPLEXIDADE","URGÊNCIA E EMERGÊNCIA ","UTI ADULTO","NEUROCIRURGIA","ACEITE DA UNIDADE EXECUTANTE","HUGOL: ANEURISMA CEREBRAL ROTO, HEMATOMA SUBARACNOIDE, HEMATOMA SUBDURAL, NEUROCIRURGIA DESCOMPRESSIVA, ANGIOFRAFIA, CLIPAGEM, EMBOLIZAÇÃO/TROMBECTOMIA. TEM O SERVIÇO DE HEMODINâMICA","","","","","","","","","","","","","","","","","","","","",""
"CENTRO SUDESTE","HUGOL - GOIÂNIA","MÉDIA E ALTA COMPLEXIDADE","URGÊNCIA E EMERGÊNCIA ","UTI ADULTO","CIRURGIA VASCULAR/ANGIO","ACEITE DA UNIDADE EXECUTANTE","HUGOL: TEM O SERVIÇO DE HEMODINâMICA VASCULAR, EXCETO PARA DOENÇAS CRôNICAS","","","","","","","","","","","","","","","","","","","","",""
"CENTRO SUDESTE","HUGOL - GOIÂNIA","MÉDIA E ALTA COMPLEXIDADE","URGÊNCIA E EMERGÊNCIA ","UTI ADULTO","CLÍNICA MÉDICA","ACEITE DA UNIDADE EXECUTANTE","","","","","","","","","","","","","","","","","","","","","",""
"CENTRO SUDESTE","HUGOL - GOIÂNIA","MÉDIA E ALTA COMPLEXIDADE","URGÊNCIA E EMERGÊNCIA ","UTI ADULTO","UROLOGIA","ACEITE DA UNIDADE EXECUTANTE","","","","","","","","","","","","","","","","","","","","","",""
"CENTRO SUDESTE","HUGOL - GOIÂNIA","MÉDIA E ALTA COMPLEXIDADE","URGÊNCIA E EMERGÊNCIA ","UTI ADULTO","QUEIMADOS","ACEITE DA UNIDADE EXECUTANTE","HUGOL: MÉDIO E GRANDE QUEIMADO","","","","","","","","","","","","","","","","","","","","",""
"CENTRO SUDESTE","HUGOL - GOIÂNIA","MÉDIA E ALTA COMPLEXIDADE","URGÊNCIA E EMERGÊNCIA ","UTI ADULTO","CARDIOVASCULAR","ACEITE DA UNIDADE EXECUTANTE","HUGOL: CATETERISMO, ANGIOPLASTIA, MARCAPASSO, REVASCUL. MIOCARDIO, TROCA VALVAR E DEMAIS CIRURGIAS CARDIACAS - NÃO REALIZA ABLAÇÃO E IMPLANTE DE CDI","","","","","","","","","","","","","","","","","","","","",""
"CENTRO SUDOESTE","HUGOL - GOIÂNIA","MÉDIA E ALTA COMPLEXIDADE","URGÊNCIA E EMERGÊNCIA ","UTI ADULTO","CIRURGIA BUCOMAXILOFACIAL","ACEITE DA UNIDADE EXECUTANTE","","","","","","","","","","","","","","","","","","","","","",""
"CENTRO SUDOESTE","HUGOL - GOIÂNIA","MÉDIA E ALTA COMPLEXIDADE","URGÊNCIA E EMERGÊNCIA ","UTI ADULTO","ORTOPEDIA E TRAUMATOLOGIA","ACEITE DA UNIDADE EXECUTANTE","HUGOL:  TODAS AS FRATURAS E LESÕES, POLITRAUMA, INCLUINDO EXPOSTA","","","","","","","","","","","","","","","","","","","","",""
"CENTRO SUDOESTE","HUGOL - GOIÂNIA","MÉDIA E ALTA COMPLEXIDADE","URGÊNCIA E EMERGÊNCIA ","UTI ADULTO","NEUROCIRURGIA","ACEITE DA UNIDADE EXECUTANTE","HUGOL: ANEURISMA CEREBRAL ROTO, HEMATOMA SUBARACNOIDE, HEMATOMA SUBDURAL, NEUROCIRURGIA DESCOMPRESSIVA, ANGIOFRAFIA, CLIPAGEM, EMBOLIZAÇÃO/TROMBECTOMIA. TEM O SERVIÇO DE HEMODINâMICA","","","","","","","","","","","","","","","","","","","","",""
"CENTRO SUDOESTE","HUGOL - GOIÂNIA","MÉDIA E ALTA COMPLEXIDADE","URGÊNCIA E EMERGÊNCIA ","UTI ADULTO","CIRURGIA VASCULAR/ANGIO","ACEITE DA UNIDADE EXECUTANTE","HUGOL: TEM O SERVIÇO DE HEMODINâMICA VASCULAR, EXCETO PARA DOENÇAS CRôNICAS","","","","","","","","","","","","","","","","","","","","",""
"CENTRO SUDOESTE","HUGOL - GOIÂNIA","MÉDIA E ALTA COMPLEXIDADE","URGÊNCIA E EMERGÊNCIA ","UTI ADULTO","CLÍNICA MÉDICA","ACEITE DA UNIDADE EXECUTANTE","","","","","","","","","","","","","","","","","","","","","",""
"CENTRO SUDOESTE","HUGOL - GOIÂNIA","MÉDIA E ALTA COMPLEXIDADE","URGÊNCIA E EMERGÊNCIA ","UTI ADULTO","UROLOGIA","ACEITE DA UNIDADE EXECUTANTE","","","","","","","","","","","","","","","","","","","","","",""
"CENTRO SUDOESTE","HUGOL - GOIÂNIA","MÉDIA E ALTA COMPLEXIDADE","URGÊNCIA E EMERGÊNCIA ","UTI ADULTO","QUEIMADOS","ACEITE DA UNIDADE EXECUTANTE","HUGOL: MÉDIO E GRANDE QUEIMADO","","","","","","","","","","","","","","","","","","","","",""
"CENTRO SUDOESTE","HUGOL - GOIÂNIA","MÉDIA E ALTA COMPLEXIDADE","URGÊNCIA E EMERGÊNCIA ","UTI ADULTO","CARDIOVASCULAR","ACEITE DA UNIDADE EXECUTANTE","HUGOL: CATETERISMO, ANGIOPLASTIA, MARCAPASSO, REVASCUL. MIOCARDIO, TROCA VALVAR E DEMAIS CIRURGIAS CARDIACAS - NÃO REALIZA ABLAÇÃO E IMPLANTE DE CDI","","","","","","","","","","","","","","","","","","","","",""
"NORDESTE","HUGOL - GOIÂNIA","MÉDIA E ALTA COMPLEXIDADE","URGÊNCIA E EMERGÊNCIA ","UTI ADULTO","CIRURGIA BUCOMAXILOFACIAL","ACEITE DA UNIDADE EXECUTANTE","","","","","","","","","","","","","","","","","","","","","",""
"NORDESTE","HUGOL - GOIÂNIA","MÉDIA E ALTA COMPLEXIDADE","URGÊNCIA E EMERGÊNCIA ","UTI ADULTO","ORTOPEDIA E TRAUMATOLOGIA","ACEITE DA UNIDADE EXECUTANTE","HUGOL:  TODAS AS FRATURAS E LESÕES, POLITRAUMA, INCLUINDO EXPOSTA","","","","","","","","","","","","","","","","","","","","",""
"NORDESTE","HUGOL - GOIÂNIA","MÉDIA E ALTA COMPLEXIDADE","URGÊNCIA E EMERGÊNCIA ","UTI ADULTO","NEUROCIRURGIA","ACEITE DA UNIDADE EXECUTANTE","HUGOL: ANEURISMA CEREBRAL ROTO, HEMATOMA SUBARACNOIDE, HEMATOMA SUBDURAL, NEUROCIRURGIA DESCOMPRESSIVA, ANGIOFRAFIA, CLIPAGEM, EMBOLIZAÇÃO/TROMBECTOMIA. TEM O SERVIÇO DE HEMODINâMICA","","","","","","","","","","","","","","","","","","","","",""
"NORDESTE","HUGOL - GOIÂNIA","MÉDIA E ALTA COMPLEXIDADE","URGÊNCIA E EMERGÊNCIA ","UTI ADULTO","CIRURGIA VASCULAR/ANGIO","ACEITE DA UNIDADE EXECUTANTE","HUGOL: TEM O SERVIÇO DE HEMODINâMICA VASCULAR, EXCETO PARA DOENÇAS CRôNICAS","","","","","","","","","","","","","","","","","","","","",""
"NORDESTE","HUGOL - GOIÂNIA","MÉDIA E ALTA COMPLEXIDADE","URGÊNCIA E EMERGÊNCIA ","UTI ADULTO","CLÍNICA MÉDICA","ACEITE DA UNIDADE EXECUTANTE","","","","","","","","","","","","","","","","","","","","","",""
"NORDESTE","HUGOL - GOIÂNIA","MÉDIA E ALTA COMPLEXIDADE","URGÊNCIA E EMERGÊNCIA ","UTI ADULTO","UROLOGIA","ACEITE DA UNIDADE EXECUTANTE","HEJ: URGÊNCIAS UROLÓGICAS","","","","","","","","","","","","","","","","","","","","",""
"NORDESTE","HUGOL - GOIÂNIA","MÉDIA E ALTA COMPLEXIDADE","URGÊNCIA E EMERGÊNCIA ","UTI ADULTO","QUEIMADOS","ACEITE DA UNIDADE EXECUTANTE","HUGOL: MÉDIO E GRANDE QUEIMADO","","","","","","","","","","","","","","","","","","","","",""
"NORDESTE","HUGOL - GOIÂNIA","MÉDIA E ALTA COMPLEXIDADE","URGÊNCIA E EMERGÊNCIA ","UTI ADULTO","CARDIOVASCULAR","ACEITE DA UNIDADE EXECUTANTE","HUGOL: CATETERISMO, ANGIOPLASTIA, MARCAPASSO, REVASCUL. MIOCARDIO, TROCA VALVAR E DEMAIS CIRURGIAS CARDIACAS - NÃO REALIZA ABLAÇÃO E IMPLANTE DE CDI","","","","","","","","","","","","","","","","","","","","",""
"CENTRO OESTE","HUGOL - GOIÂNIA","MÉDIA E ALTA COMPLEXIDADE","URGÊNCIA E EMERGÊNCIA ","ENFERMARIA ADULTO","CIRURGIA BUCOMAXILOFACIAL","ACEITE DA UNIDADE EXECUTANTE","","","","","","","","","","","","","","","","","","","","","",""
"CENTRO OESTE","HUGOL - GOIÂNIA","MÉDIA E ALTA COMPLEXIDADE","URGÊNCIA E EMERGÊNCIA ","ENFERMARIA ADULTO","CIRURGIA GERAL","ACEITE DA UNIDADE EXECUTANTE","HUGOL: CPRE (CONFORME DISPONIBILIDADE DA UNIDADE), FAB E FAF, ABDOME AGUDO, HDA COM REPERCUSSÃO HEMODINÂMICA.","","","","","","","","","","","","","","","","","","","","",""
"CENTRO OESTE","HUGOL - GOIÂNIA","MÉDIA E ALTA COMPLEXIDADE","URGÊNCIA E EMERGÊNCIA ","ENFERMARIA ADULTO","ORTOPEDIA E TRAUMATOLOGIA","ACEITE DA UNIDADE EXECUTANTE","HUGOL:  TODAS AS FRATURAS E LESÕES, POLITRAUMA, INCLUINDO EXPOSTA","","","","","","","","","","","","","","","","","","","","",""
"CENTRO OESTE","HUGOL - GOIÂNIA","MÉDIA E ALTA COMPLEXIDADE","URGÊNCIA E EMERGÊNCIA ","ENFERMARIA ADULTO","NEUROCIRURGIA","ACEITE DA UNIDADE EXECUTANTE","HUGOL: ANEURISMA CEREBRAL ROTO, HEMATOMA SUBARACNOIDE, HEMATOMA SUBDURAL, NEUROCIRURGIA DESCOMPRESSIVA, ANGIOFRAFIA, CLIPAGEM, EMBOLIZAÇÃO/TROMBECTOMIA. TEM O SERVIÇO DE HEMODINâMICA","","","","","","","","","","","","","","","","","","","","",""
"CENTRO OESTE","HUGOL - GOIÂNIA","MÉDIA E ALTA COMPLEXIDADE","URGÊNCIA E EMERGÊNCIA ","ENFERMARIA ADULTO","CIRURGIA VASCULAR/ANGIO","ACEITE DA UNIDADE EXECUTANTE","HUGOL: TEM O SERVIÇO DE HEMODINâMICA VASCULAR, EXCETO PARA DOENÇAS CRôNICAS","","","","","","","","","","","","","","","","","","","","",""
"CENTRO OESTE","HUGOL - GOIÂNIA","MÉDIA E ALTA COMPLEXIDADE","URGÊNCIA E EMERGÊNCIA ","ENFERMARIA ADULTO","CLÍNICA MÉDICA","ACEITE DA UNIDADE EXECUTANTE","","","","","","","","","","","","","","","","","","","","","",""
"CENTRO OESTE","HUGOL - GOIÂNIA","MÉDIA E ALTA COMPLEXIDADE","URGÊNCIA E EMERGÊNCIA ","ENFERMARIA ADULTO","UROLOGIA","ACEITE DA UNIDADE EXECUTANTE","","","","","","","","","","","","","","","","","","","","","",""
"CENTRO OESTE","HUGOL - GOIÂNIA","MÉDIA E ALTA COMPLEXIDADE","URGÊNCIA E EMERGÊNCIA ","ENFERMARIA ADULTO","QUEIMADOS","ACEITE DA UNIDADE EXECUTANTE","HUGOL: MÉDIO E GRANDE QUEIMADO","","","","","","","","","","","","","","","","","","","","",""
"CENTRO OESTE","HUGOL - GOIÂNIA","MÉDIA E ALTA COMPLEXIDADE","URGÊNCIA E EMERGÊNCIA ","ENFERMARIA ADULTO","CARDIOVASCULAR","ACEITE DA UNIDADE EXECUTANTE","HUGOL: CATETERISMO, ANGIOPLASTIA, MARCAPASSO, REVASCUL. MIOCARDIO, TROCA VALVAR E DEMAIS CIRURGIAS CARDIACAS - NÃO REALIZA ABLAÇÃO E IMPLANTE DE CDI","","","","","","","","","","","","","","","","","","","","",""
"CENTRO NORTE","HUGOL - GOIÂNIA","MÉDIA E ALTA COMPLEXIDADE","URGÊNCIA E EMERGÊNCIA ","ENFERMARIA ADULTO","CIRURGIA BUCOMAXILOFACIAL","ACEITE DA UNIDADE EXECUTANTE","","","","","","","","","","","","","","","","","","","","","",""
"CENTRO NORTE","HUGOL - GOIÂNIA","MÉDIA E ALTA COMPLEXIDADE","URGÊNCIA E EMERGÊNCIA ","ENFERMARIA ADULTO","ORTOPEDIA E TRAUMATOLOGIA","ACEITE DA UNIDADE EXECUTANTE","HUGOL:  TODAS AS FRATURAS E LESÕES, POLITRAUMA, INCLUINDO EXPOSTA","","","","","","","","","","","","","","","","","","","","",""
"CENTRO NORTE","HUGOL - GOIÂNIA","MÉDIA E ALTA COMPLEXIDADE","URGÊNCIA E EMERGÊNCIA ","ENFERMARIA ADULTO","NEUROCIRURGIA","ACEITE DA UNIDADE EXECUTANTE","HUGOL: ANEURISMA CEREBRAL ROTO, HEMATOMA SUBARACNOIDE, HEMATOMA SUBDURAL, NEUROCIRURGIA DESCOMPRESSIVA, ANGIOFRAFIA, CLIPAGEM, EMBOLIZAÇÃO/TROMBECTOMIA. TEM O SERVIÇO DE HEMODINâMICA","","","","","","","","","","","","","","","","","","","","",""
"CENTRO NORTE","HUGOL - GOIÂNIA","MÉDIA E ALTA COMPLEXIDADE","URGÊNCIA E EMERGÊNCIA ","ENFERMARIA ADULTO","CIRURGIA VASCULAR/ANGIO","ACEITE DA UNIDADE EXECUTANTE","HUGOL: TEM O SERVIÇO DE HEMODINâMICA VASCULAR, EXCETO PARA DOENÇAS CRôNICAS","","","","","","","","","","","","","","","","","","","","",""
"CENTRO NORTE","HUGOL - GOIÂNIA","MÉDIA E ALTA COMPLEXIDADE","URGÊNCIA E EMERGÊNCIA ","ENFERMARIA ADULTO","CLÍNICA MÉDICA","ACEITE DA UNIDADE EXECUTANTE","","","","","","","","","","","","","","","","","","","","","",""
"CENTRO NORTE","HUGOL - GOIÂNIA","MÉDIA E ALTA COMPLEXIDADE","URGÊNCIA E EMERGÊNCIA ","ENFERMARIA ADULTO","UROLOGIA","ACEITE DA UNIDADE EXECUTANTE","","","","","","","","","","","","","","","","","","","","","",""
"CENTRO NORTE","HUGOL - GOIÂNIA","MÉDIA E ALTA COMPLEXIDADE","URGÊNCIA E EMERGÊNCIA ","ENFERMARIA ADULTO","QUEIMADOS","ACEITE DA UNIDADE EXECUTANTE","HUGOL: MÉDIO E GRANDE QUEIMADO","","","","","","","","","","","","","","","","","","","","",""
"CENTRO NORTE","HUGOL - GOIÂNIA","MÉDIA E ALTA COMPLEXIDADE","URGÊNCIA E EMERGÊNCIA ","ENFERMARIA ADULTO","CARDIOVASCULAR","ACEITE DA UNIDADE EXECUTANTE","HUGOL: CATETERISMO, ANGIOPLASTIA, MARCAPASSO, REVASCUL. MIOCARDIO, TROCA VALVAR E DEMAIS CIRURGIAS CARDIACAS - NÃO REALIZA ABLAÇÃO E IMPLANTE DE CDI","","","","","","","","","","","","","","","","","","","","",""
"CENTRO SUDESTE","HUGOL - GOIÂNIA","MÉDIA E ALTA COMPLEXIDADE","URGÊNCIA E EMERGÊNCIA ","ENFERMARIA ADULTO","CIRURGIA BUCOMAXILOFACIAL","ACEITE DA UNIDADE EXECUTANTE","","","","","","","","","","","","","","","","","","","","","",""
"CENTRO SUDESTE","HUGOL - GOIÂNIA","MÉDIA E ALTA COMPLEXIDADE","URGÊNCIA E EMERGÊNCIA ","ENFERMARIA ADULTO","ORTOPEDIA E TRAUMATOLOGIA","ACEITE DA UNIDADE EXECUTANTE","HUGOL:  TODAS AS FRATURAS E LESÕES, POLITRAUMA, INCLUINDO EXPOSTA","","","","","","","","","","","","","","","","","","","","",""
"CENTRO SUDESTE","HUGOL - GOIÂNIA","MÉDIA E ALTA COMPLEXIDADE","URGÊNCIA E EMERGÊNCIA ","ENFERMARIA ADULTO","NEUROCIRURGIA","ACEITE DA UNIDADE EXECUTANTE","HUGOL: ANEURISMA CEREBRAL ROTO, HEMATOMA SUBARACNOIDE, HEMATOMA SUBDURAL, NEUROCIRURGIA DESCOMPRESSIVA, ANGIOFRAFIA, CLIPAGEM, EMBOLIZAÇÃO/TROMBECTOMIA. TEM O SERVIÇO DE HEMODINâMICA","","","","","","","","","","","","","","","","","","","","",""
"CENTRO SUDESTE","HUGOL - GOIÂNIA","MÉDIA E ALTA COMPLEXIDADE","URGÊNCIA E EMERGÊNCIA ","ENFERMARIA ADULTO","CIRURGIA VASCULAR/ANGIO","ACEITE DA UNIDADE EXECUTANTE","HUGOL: TEM O SERVIÇO DE HEMODINâMICA VASCULAR, EXCETO PARA DOENÇAS CRôNICAS","","","","","","","","","","","","","","","","","","","","",""
"CENTRO SUDESTE","HUGOL - GOIÂNIA","MÉDIA E ALTA COMPLEXIDADE","URGÊNCIA E EMERGÊNCIA ","ENFERMARIA ADULTO","CLÍNICA MÉDICA","ACEITE DA UNIDADE EXECUTANTE","","","","","","","","","","","","","","","","","","","","","",""
"CENTRO SUDESTE","HUGOL - GOIÂNIA","MÉDIA E ALTA COMPLEXIDADE","URGÊNCIA E EMERGÊNCIA ","ENFERMARIA ADULTO","UROLOGIA","ACEITE DA UNIDADE EXECUTANTE","","","","","","","","","","","","","","","","","","","","","",""
"CENTRO SUDESTE","HUGOL - GOIÂNIA","MÉDIA E ALTA COMPLEXIDADE","URGÊNCIA E EMERGÊNCIA ","ENFERMARIA ADULTO","QUEIMADOS","ACEITE DA UNIDADE EXECUTANTE","HUGOL: MÉDIO E GRANDE QUEIMADO","","","","","","","","","","","","","","","","","","","","",""
"CENTRO SUDESTE","HUGOL - GOIÂNIA","MÉDIA E ALTA COMPLEXIDADE","URGÊNCIA E EMERGÊNCIA ","ENFERMARIA ADULTO","CARDIOVASCULAR","ACEITE DA UNIDADE EXECUTANTE","HUGOL: CATETERISMO, ANGIOPLASTIA, MARCAPASSO, REVASCUL. MIOCARDIO, TROCA VALVAR E DEMAIS CIRURGIAS CARDIACAS - NÃO REALIZA ABLAÇÃO E IMPLANTE DE CDI","","","","","","","","","","","","","","","","","","","","",""
"CENTRO SUDOESTE","HUGOL - GOIÂNIA","MÉDIA E ALTA COMPLEXIDADE","URGÊNCIA E EMERGÊNCIA ","ENFERMARIA ADULTO","CIRURGIA BUCOMAXILOFACIAL","ACEITE DA UNIDADE EXECUTANTE","","","","","","","","","","","","","","","","","","","","","",""
"CENTRO SUDOESTE","HUGOL - GOIÂNIA","MÉDIA E ALTA COMPLEXIDADE","URGÊNCIA E EMERGÊNCIA ","ENFERMARIA ADULTO","ORTOPEDIA E TRAUMATOLOGIA","ACEITE DA UNIDADE EXECUTANTE","HUGOL:  TODAS AS FRATURAS E LESÕES, POLITRAUMA, INCLUINDO EXPOSTA","","","","","","","","","","","","","","","","","","","","",""
"CENTRO SUDOESTE","HUGOL - GOIÂNIA","MÉDIA E ALTA COMPLEXIDADE","URGÊNCIA E EMERGÊNCIA ","ENFERMARIA ADULTO","NEUROCIRURGIA","ACEITE DA UNIDADE EXECUTANTE","HUGOL: ANEURISMA CEREBRAL ROTO, HEMATOMA SUBARACNOIDE, HEMATOMA SUBDURAL, NEUROCIRURGIA DESCOMPRESSIVA, ANGIOFRAFIA, CLIPAGEM, EMBOLIZAÇÃO/TROMBECTOMIA. TEM O SERVIÇO DE HEMODINâMICA","","","","","","","","","","","","","","","","","","","","",""
"CENTRO SUDOESTE","HUGOL - GOIÂNIA","MÉDIA E ALTA COMPLEXIDADE","URGÊNCIA E EMERGÊNCIA ","ENFERMARIA ADULTO","CIRURGIA VASCULAR/ANGIO","ACEITE DA UNIDADE EXECUTANTE","HUGOL: TEM O SERVIÇO DE HEMODINâMICA VASCULAR, EXCETO PARA DOENÇAS CRôNICAS","","","","","","","","","","","","","","","","","","","","",""
"CENTRO SUDOESTE","HUGOL - GOIÂNIA","MÉDIA E ALTA COMPLEXIDADE","URGÊNCIA E EMERGÊNCIA ","ENFERMARIA ADULTO","CLÍNICA MÉDICA","ACEITE DA UNIDADE EXECUTANTE","","","","","","","","","","","","","","","","","","","","","",""
"CENTRO SUDOESTE","HUGOL - GOIÂNIA","MÉDIA E ALTA COMPLEXIDADE","URGÊNCIA E EMERGÊNCIA ","ENFERMARIA ADULTO","UROLOGIA","ACEITE DA UNIDADE EXECUTANTE","","","","","","","","","","","","","","","","","","","","","",""
"CENTRO SUDOESTE","HUGOL - GOIÂNIA","MÉDIA E ALTA COMPLEXIDADE","URGÊNCIA E EMERGÊNCIA ","ENFERMARIA ADULTO","QUEIMADOS","ACEITE DA UNIDADE EXECUTANTE","HUGOL: MÉDIO E GRANDE QUEIMADO","","","","","","","","","","","","","","","","","","","","",""
"CENTRO SUDOESTE","HUGOL - GOIÂNIA","MÉDIA E ALTA COMPLEXIDADE","URGÊNCIA E EMERGÊNCIA ","ENFERMARIA ADULTO","CARDIOVASCULAR","ACEITE DA UNIDADE EXECUTANTE","HUGOL: CATETERISMO, ANGIOPLASTIA, MARCAPASSO, REVASCUL. MIOCARDIO, TROCA VALVAR E DEMAIS CIRURGIAS CARDIACAS - NÃO REALIZA ABLAÇÃO E IMPLANTE DE CDI","","","","","","","","","","","","","","","","","","","","",""
"NORDESTE","HUGOL - GOIÂNIA","MÉDIA E ALTA COMPLEXIDADE","URGÊNCIA E EMERGÊNCIA ","ENFERMARIA ADULTO","CIRURGIA BUCOMAXILOFACIAL","ACEITE DA UNIDADE EXECUTANTE","","","","","","","","","","","","","","","","","","","","","",""
"NORDESTE","HUGOL - GOIÂNIA","MÉDIA E ALTA COMPLEXIDADE","URGÊNCIA E EMERGÊNCIA ","ENFERMARIA ADULTO","ORTOPEDIA E TRAUMATOLOGIA","ACEITE DA UNIDADE EXECUTANTE","HUGOL:  TODAS AS FRATURAS E LESÕES, POLITRAUMA, INCLUINDO EXPOSTA","","","","","","","","","","","","","","","","","","","","",""
"NORDESTE","HUGOL - GOIÂNIA","MÉDIA E ALTA COMPLEXIDADE","URGÊNCIA E EMERGÊNCIA ","ENFERMARIA ADULTO","NEUROCIRURGIA","ACEITE DA UNIDADE EXECUTANTE","HUGOL: ANEURISMA CEREBRAL ROTO, HEMATOMA SUBARACNOIDE, HEMATOMA SUBDURAL, NEUROCIRURGIA DESCOMPRESSIVA, ANGIOFRAFIA, CLIPAGEM, EMBOLIZAÇÃO/TROMBECTOMIA. TEM O SERVIÇO DE HEMODINâMICA","","","","","","","","","","","","","","","","","","","","",""
"NORDESTE","HUGOL - GOIÂNIA","MÉDIA E ALTA COMPLEXIDADE","URGÊNCIA E EMERGÊNCIA ","ENFERMARIA ADULTO","CIRURGIA VASCULAR/ANGIO","ACEITE DA UNIDADE EXECUTANTE","HUGOL: TEM O SERVIÇO DE HEMODINâMICA VASCULAR, EXCETO DOENÇAS CRôNICAS","","","","","","","","","","","","","","","","","","","","",""
"NORDESTE","HUGOL - GOIÂNIA","MÉDIA E ALTA COMPLEXIDADE","URGÊNCIA E EMERGÊNCIA ","ENFERMARIA ADULTO","CLÍNICA MÉDICA","ACEITE DA UNIDADE EXECUTANTE","","","","","","","","","","","","","","","","","","","","","",""
"NORDESTE","HUGOL - GOIÂNIA","MÉDIA E ALTA COMPLEXIDADE","URGÊNCIA E EMERGÊNCIA ","ENFERMARIA ADULTO","UROLOGIA","ACEITE DA UNIDADE EXECUTANTE","","","","","","","","","","","","","","","","","","","","","",""
"NORDESTE","HUGOL - GOIÂNIA","MÉDIA E ALTA COMPLEXIDADE","URGÊNCIA E EMERGÊNCIA ","ENFERMARIA ADULTO","QUEIMADOS","ACEITE DA UNIDADE EXECUTANTE","HUGOL: MÉDIO E GRANDE QUEIMADO","","","","","","","","","","","","","","","","","","","","",""
"NORDESTE","HUGOL - GOIÂNIA","MÉDIA E ALTA COMPLEXIDADE","URGÊNCIA E EMERGÊNCIA ","ENFERMARIA ADULTO","CARDIOVASCULAR","ACEITE DA UNIDADE EXECUTANTE","HUGOL: CATETERISMO, ANGIOPLASTIA, MARCAPASSO, REVASCUL. MIOCARDIO, TROCA VALVAR E DEMAIS CIRURGIAS CARDIACAS - NÃO REALIZA ABLAÇÃO E IMPLANTE DE CDI","","","","","","","","","","","","","","","","","","","","",""
"CENTRO OESTE","HUGOL - GOIÂNIA","MÉDIA E ALTA COMPLEXIDADE","URGÊNCIA E EMERGÊNCIA ","ENFERMARIA ADULTO","CIRURGIA BUCOMAXILOFACIAL","ACEITE DA UNIDADE EXECUTANTE","","","","","","","","","","","","","","","","","","","","","",""
"CENTRO OESTE","HUGOL - GOIÂNIA","MÉDIA E ALTA COMPLEXIDADE","URGÊNCIA E EMERGÊNCIA ","ENFERMARIA ADULTO","ORTOPEDIA E TRAUMATOLOGIA","ACEITE DA UNIDADE EXECUTANTE","HUGOL:  TODAS AS FRATURAS E LESÕES, POLITRAUMA, INCLUINDO EXPOSTA","","","","","","","","","","","","","","","","","","","","",""
"CENTRO OESTE","HUGOL - GOIÂNIA","MÉDIA E ALTA COMPLEXIDADE","URGÊNCIA E EMERGÊNCIA ","ENFERMARIA ADULTO","NEUROCIRURGIA","ACEITE DA UNIDADE EXECUTANTE","HUGOL: ANEURISMA CEREBRAL ROTO, HEMATOMA SUBARACNOIDE, HEMATOMA SUBDURAL, NEUROCIRURGIA DESCOMPRESSIVA, ANGIOFRAFIA, CLIPAGEM, EMBOLIZAÇÃO/TROMBECTOMIA. TEM O SERVIÇO DE HEMODINâMICA","","","","","","","","","","","","","","","","","","","","",""
"CENTRO OESTE","HUGOL - GOIÂNIA","MÉDIA E ALTA COMPLEXIDADE","URGÊNCIA E EMERGÊNCIA ","ENFERMARIA ADULTO","CIRURGIA VASCULAR/ANGIO","ACEITE DA UNIDADE EXECUTANTE","HUGOL: TEM O SERVIÇO DE HEMODINâMICA VASCULAR, EXCETO DOENÇAS CRôNICAS","","","","","","","","","","","","","","","","","","","","",""
"CENTRO OESTE","HUGOL - GOIÂNIA","MÉDIA E ALTA COMPLEXIDADE","URGÊNCIA E EMERGÊNCIA ","ENFERMARIA ADULTO","CLÍNICA MÉDICA","ACEITE DA UNIDADE EXECUTANTE","","","","","","","","","","","","","","","","","","","","","",""
"CENTRO OESTE","HUGOL - GOIÂNIA","MÉDIA E ALTA COMPLEXIDADE","URGÊNCIA E EMERGÊNCIA ","ENFERMARIA ADULTO","UROLOGIA","ACEITE DA UNIDADE EXECUTANTE","","","","","","","","","","","","","","","","","","","","","",""
"CENTRO OESTE","HUGOL - GOIÂNIA","MÉDIA E ALTA COMPLEXIDADE","URGÊNCIA E EMERGÊNCIA ","ENFERMARIA ADULTO","QUEIMADOS","ACEITE DA UNIDADE EXECUTANTE","HUGOL: MÉDIO E GRANDE QUEIMADO","","","","","","","","","","","","","","","","","","","","",""
"CENTRO OESTE","HUGOL - GOIÂNIA","MÉDIA E ALTA COMPLEXIDADE","URGÊNCIA E EMERGÊNCIA ","ENFERMARIA ADULTO","CARDIOVASCULAR","ACEITE DA UNIDADE EXECUTANTE","HUGOL: CATETERISMO, ANGIOPLASTIA, MARCAPASSO, REVASCUL. MIOCARDIO, TROCA VALVAR E DEMAIS CIRURGIAS CARDIACAS - NÃO REALIZA ABLAÇÃO E IMPLANTE DE CDI","","","","","","","","","","","","","","","","","","","","",""
"CENTRO NORTE","HUGOL - GOIÂNIA","MÉDIA E ALTA COMPLEXIDADE","URGÊNCIA E EMERGÊNCIA ","ENFERMARIA ADULTO","CIRURGIA BUCOMAXILOFACIAL","ACEITE DA UNIDADE EXECUTANTE","","","","","","","","","","","","","","","","","","","","","",""
"CENTRO NORTE","HUGOL - GOIÂNIA","MÉDIA E ALTA COMPLEXIDADE","URGÊNCIA E EMERGÊNCIA ","ENFERMARIA ADULTO","ORTOPEDIA E TRAUMATOLOGIA","ACEITE DA UNIDADE EXECUTANTE","HUGOL:  TODAS AS FRATURAS E LESÕES, POLITRAUMA, INCLUINDO EXPOSTA","","","","","","","","","","","","","","","","","","","","",""
"CENTRO NORTE","HUGOL - GOIÂNIA","MÉDIA E ALTA COMPLEXIDADE","URGÊNCIA E EMERGÊNCIA ","ENFERMARIA ADULTO","NEUROCIRURGIA","ACEITE DA UNIDADE EXECUTANTE","HUGOL: ANEURISMA CEREBRAL ROTO, HEMATOMA SUBARACNOIDE, HEMATOMA SUBDURAL, NEUROCIRURGIA DESCOMPRESSIVA, ANGIOFRAFIA, CLIPAGEM, EMBOLIZAÇÃO/TROMBECTOMIA. TEM O SERVIÇO DE HEMODINâMICA","","","","","","","","","","","","","","","","","","","","",""
"CENTRO NORTE","HUGOL - GOIÂNIA","MÉDIA E ALTA COMPLEXIDADE","URGÊNCIA E EMERGÊNCIA ","ENFERMARIA ADULTO","CIRURGIA VASCULAR/ANGIO","ACEITE DA UNIDADE EXECUTANTE","HUGOL: TEM O SERVIÇO DE HEMODINâMICA VASCULAR, EXCETO DOENÇAS CRôNICAS","","","","","","","","","","","","","","","","","","","","",""
"CENTRO NORTE","HUGOL - GOIÂNIA","MÉDIA E ALTA COMPLEXIDADE","URGÊNCIA E EMERGÊNCIA ","ENFERMARIA ADULTO","CLÍNICA MÉDICA","ACEITE DA UNIDADE EXECUTANTE","","","","","","","","","","","","","","","","","","","","","",""
"CENTRO NORTE","HUGOL - GOIÂNIA","MÉDIA E ALTA COMPLEXIDADE","URGÊNCIA E EMERGÊNCIA ","ENFERMARIA ADULTO","UROLOGIA","ACEITE DA UNIDADE EXECUTANTE","","","","","","","","","","","","","","","","","","","","","",""
"CENTRO NORTE","HUGOL - GOIÂNIA","MÉDIA E ALTA COMPLEXIDADE","URGÊNCIA E EMERGÊNCIA ","ENFERMARIA ADULTO","QUEIMADOS","ACEITE DA UNIDADE EXECUTANTE","HUGOL: MÉDIO E GRANDE QUEIMADO","","","","","","","","","","","","","","","","","","","","",""
"CENTRO NORTE","HUGOL - GOIÂNIA","MÉDIA E ALTA COMPLEXIDADE","URGÊNCIA E EMERGÊNCIA ","ENFERMARIA ADULTO","CARDIOVASCULAR","ACEITE DA UNIDADE EXECUTANTE","HUGOL: CATETERISMO, ANGIOPLASTIA, MARCAPASSO, REVASCUL. MIOCARDIO, TROCA VALVAR E DEMAIS CIRURGIAS CARDIACAS - NÃO REALIZA ABLAÇÃO E IMPLANTE DE CDI","","","","","","","","","","","","","","","","","","","","",""
"CENTRO SUDESTE","HUGOL - GOIÂNIA","MÉDIA E ALTA COMPLEXIDADE","URGÊNCIA E EMERGÊNCIA ","ENFERMARIA ADULTO","CIRURGIA BUCOMAXILOFACIAL","ACEITE DA UNIDADE EXECUTANTE","","","","","","","","","","","","","","","","","","","","","",""
"CENTRO SUDESTE","HUGOL - GOIÂNIA","MÉDIA E ALTA COMPLEXIDADE","URGÊNCIA E EMERGÊNCIA ","ENFERMARIA ADULTO","ORTOPEDIA E TRAUMATOLOGIA","ACEITE DA UNIDADE EXECUTANTE","HUGOL:  TODAS AS FRATURAS E LESÕES, POLITRAUMA, INCLUINDO EXPOSTA","","","","","","","","","","","","","","","","","","","","",""
"CENTRO SUDESTE","HUGOL - GOIÂNIA","MÉDIA E ALTA COMPLEXIDADE","URGÊNCIA E EMERGÊNCIA ","ENFERMARIA ADULTO","NEUROCIRURGIA","ACEITE DA UNIDADE EXECUTANTE","HUGOL: ANEURISMA CEREBRAL ROTO, HEMATOMA SUBARACNOIDE, HEMATOMA SUBDURAL, NEUROCIRURGIA DESCOMPRESSIVA, ANGIOFRAFIA, CLIPAGEM, EMBOLIZAÇÃO/TROMBECTOMIA. TEM O SERVIÇO DE HEMODINâMICA","","","","","","","","","","","","","","","","","","","","",""
"CENTRO SUDESTE","HUGOL - GOIÂNIA","MÉDIA E ALTA COMPLEXIDADE","URGÊNCIA E EMERGÊNCIA ","ENFERMARIA ADULTO","CIRURGIA VASCULAR/ANGIO","ACEITE DA UNIDADE EXECUTANTE","HUGOL: TEM O SERVIÇO DE HEMODINâMICA VASCULAR, EXCETO DOENÇAS CRôNICAS","","","","","","","","","","","","","","","","","","","","",""
"CENTRO SUDESTE","HUGOL - GOIÂNIA","MÉDIA E ALTA COMPLEXIDADE","URGÊNCIA E EMERGÊNCIA ","ENFERMARIA ADULTO","CLÍNICA MÉDICA","ACEITE DA UNIDADE EXECUTANTE","","","","","","","","","","","","","","","","","","","","","",""
"CENTRO SUDESTE","HUGOL - GOIÂNIA","MÉDIA E ALTA COMPLEXIDADE","URGÊNCIA E EMERGÊNCIA ","ENFERMARIA ADULTO","UROLOGIA","ACEITE DA UNIDADE EXECUTANTE","","","","","","","","","","","","","","","","","","","","","",""
"CENTRO SUDESTE","HUGOL - GOIÂNIA","MÉDIA E ALTA COMPLEXIDADE","URGÊNCIA E EMERGÊNCIA ","ENFERMARIA ADULTO","QUEIMADOS","ACEITE DA UNIDADE EXECUTANTE","HUGOL: MÉDIO E GRANDE QUEIMADO","","","","","","","","","","","","","","","","","","","","",""
"CENTRO SUDESTE","HUGOL - GOIÂNIA","MÉDIA E ALTA COMPLEXIDADE","URGÊNCIA E EMERGÊNCIA ","ENFERMARIA ADULTO","CARDIOVASCULAR","ACEITE DA UNIDADE EXECUTANTE","HUGOL: CATETERISMO, ANGIOPLASTIA, MARCAPASSO, REVASCUL. MIOCARDIO, TROCA VALVAR E DEMAIS CIRURGIAS CARDIACAS - NÃO REALIZA ABLAÇÃO E IMPLANTE DE CDI","","","","","","","","","","","","","","","","","","","","",""
"CENTRO SUDOESTE","HUGOL - GOIÂNIA","MÉDIA E ALTA COMPLEXIDADE","URGÊNCIA E EMERGÊNCIA ","ENFERMARIA ADULTO","CIRURGIA BUCOMAXILOFACIAL","ACEITE DA UNIDADE EXECUTANTE","","","","","","","","","","","","","","","","","","","","","",""
"CENTRO SUDOESTE","HUGOL - GOIÂNIA","MÉDIA E ALTA COMPLEXIDADE","URGÊNCIA E EMERGÊNCIA ","ENFERMARIA ADULTO","ORTOPEDIA E TRAUMATOLOGIA","ACEITE DA UNIDADE EXECUTANTE","HUGOL:  TODAS AS FRATURAS E LESÕES, POLITRAUMA, INCLUINDO EXPOSTA","","","","","","","","","","","","","","","","","","","","",""
"CENTRO SUDOESTE","HUGOL - GOIÂNIA","MÉDIA E ALTA COMPLEXIDADE","URGÊNCIA E EMERGÊNCIA ","ENFERMARIA ADULTO","NEUROCIRURGIA","ACEITE DA UNIDADE EXECUTANTE","HUGOL: ANEURISMA CEREBRAL ROTO, HEMATOMA SUBARACNOIDE, HEMATOMA SUBDURAL, NEUROCIRURGIA DESCOMPRESSIVA, ANGIOFRAFIA, CLIPAGEM, EMBOLIZAÇÃO/TROMBECTOMIA. TEM O SERVIÇO DE HEMODINâMICA","","","","","","","","","","","","","","","","","","","","",""
"CENTRO SUDOESTE","HUGOL - GOIÂNIA","MÉDIA E ALTA COMPLEXIDADE","URGÊNCIA E EMERGÊNCIA ","ENFERMARIA ADULTO","CIRURGIA VASCULAR/ANGIO","ACEITE DA UNIDADE EXECUTANTE","HUGOL: TEM O SERVIÇO DE HEMODINâMICA VASCULAR, EXCETO DOENÇAS CRôNICAS","","","","","","","","","","","","","","","","","","","","",""
"CENTRO SUDOESTE","HUGOL - GOIÂNIA","MÉDIA E ALTA COMPLEXIDADE","URGÊNCIA E EMERGÊNCIA ","ENFERMARIA ADULTO","CLÍNICA MÉDICA","ACEITE DA UNIDADE EXECUTANTE","","","","","","","","","","","","","","","","","","","","","",""
"CENTRO SUDOESTE","HUGOL - GOIÂNIA","MÉDIA E ALTA COMPLEXIDADE","URGÊNCIA E EMERGÊNCIA ","ENFERMARIA ADULTO","UROLOGIA","ACEITE DA UNIDADE EXECUTANTE","","","","","","","","","","","","","","","","","","","","","",""
"CENTRO SUDOESTE","HUGOL - GOIÂNIA","MÉDIA E ALTA COMPLEXIDADE","URGÊNCIA E EMERGÊNCIA ","ENFERMARIA ADULTO","QUEIMADOS","ACEITE DA UNIDADE EXECUTANTE","HUGOL: MÉDIO E GRANDE QUEIMADO","","","","","","","","","","","","","","","","","","","","",""
"CENTRO SUDOESTE","HUGOL - GOIÂNIA","MÉDIA E ALTA COMPLEXIDADE","URGÊNCIA E EMERGÊNCIA ","ENFERMARIA ADULTO","CARDIOVASCULAR","ACEITE DA UNIDADE EXECUTANTE","HUGOL: CATETERISMO, ANGIOPLASTIA, MARCAPASSO, REVASCUL. MIOCARDIO, TROCA VALVAR E DEMAIS CIRURGIAS CARDIACAS - NÃO REALIZA ABLAÇÃO E IMPLANTE DE CDI","","","","","","","","","","","","","","","","","","","","",""
"NORDESTE","HUGOL - GOIÂNIA","MÉDIA E ALTA COMPLEXIDADE","URGÊNCIA E EMERGÊNCIA ","ENFERMARIA ADULTO","CIRURGIA BUCOMAXILOFACIAL","ACEITE DA UNIDADE EXECUTANTE","","","","","","","","","","","","","","","","","","","","","",""
"NORDESTE","HUGOL - GOIÂNIA","MÉDIA E ALTA COMPLEXIDADE","URGÊNCIA E EMERGÊNCIA ","ENFERMARIA ADULTO","ORTOPEDIA E TRAUMATOLOGIA","ACEITE DA UNIDADE EXECUTANTE","HUGOL:  TODAS AS FRATURAS E LESÕES, POLITRAUMA, INCLUINDO EXPOSTA","","","","","","","","","","","","","","","","","","","","",""
"NORDESTE","HUGOL - GOIÂNIA","MÉDIA E ALTA COMPLEXIDADE","URGÊNCIA E EMERGÊNCIA ","ENFERMARIA ADULTO","NEUROCIRURGIA","ACEITE DA UNIDADE EXECUTANTE","HUGOL: ANEURISMA CEREBRAL ROTO, HEMATOMA SUBARACNOIDE, HEMATOMA SUBDURAL, NEUROCIRURGIA DESCOMPRESSIVA, ANGIOFRAFIA, CLIPAGEM, EMBOLIZAÇÃO/TROMBECTOMIA. TEM O SERVIÇO DE HEMODINâMICA","","","","","","","","","","","","","","","","","","","","",""
"NORDESTE","HUGOL - GOIÂNIA","MÉDIA E ALTA COMPLEXIDADE","URGÊNCIA E EMERGÊNCIA ","ENFERMARIA ADULTO","CIRURGIA VASCULAR/ANGIO","ACEITE DA UNIDADE EXECUTANTE","HUGOL: TEM O SERVIÇO DE HEMODINâMICA VASCULAR, EXCETO DOENÇAS CRôNICAS","","","","","","","","","","","","","","","","","","","","",""
"NORDESTE","HUGOL - GOIÂNIA","MÉDIA E ALTA COMPLEXIDADE","URGÊNCIA E EMERGÊNCIA ","ENFERMARIA ADULTO","CLÍNICA MÉDICA","ACEITE DA UNIDADE EXECUTANTE","","","","","","","","","","","","","","","","","","","","","",""
"NORDESTE","HUGOL - GOIÂNIA","MÉDIA E ALTA COMPLEXIDADE","URGÊNCIA E EMERGÊNCIA ","ENFERMARIA ADULTO","UROLOGIA","ACEITE DA UNIDADE EXECUTANTE","","","","","","","","","","","","","","","","","","","","","",""
"NORDESTE","HUGOL - GOIÂNIA","MÉDIA E ALTA COMPLEXIDADE","URGÊNCIA E EMERGÊNCIA ","ENFERMARIA ADULTO","QUEIMADOS","ACEITE DA UNIDADE EXECUTANTE","HUGOL: MÉDIO E GRANDE QUEIMADO","","","","","","","","","","","","","","","","","","","","",""
"NORDESTE","HUGOL - GOIÂNIA","MÉDIA E ALTA COMPLEXIDADE","URGÊNCIA E EMERGÊNCIA ","ENFERMARIA ADULTO","CARDIOVASCULAR","ACEITE DA UNIDADE EXECUTANTE","HUGOL: CATETERISMO, ANGIOPLASTIA, MARCAPASSO, REVASCUL. MIOCARDIO, TROCA VALVAR E DEMAIS CIRURGIAS CARDIACAS - NÃO REALIZA ABLAÇÃO E IMPLANTE DE CDI","","","","","","","","","","","","","","","","","","","","",""
"CENTRO OESTE","HUGOL - GOIÂNIA","MÉDIA E ALTA COMPLEXIDADE","URGÊNCIA E EMERGÊNCIA ","UTI PEDIATRICA","PEDIATRIA","ACEITE DA UNIDADE EXECUTANTE","HUGOL - TRAUMA PEDIÁTRICO/QUEIMADO / CPRE PARA CRIANÇAS A PARTIR DE 10KG","","","","","","","","","","","","","","","","","","","","",""
"CENTRO OESTE","HUGOL - GOIÂNIA","MÉDIA E ALTA COMPLEXIDADE","URGÊNCIA E EMERGÊNCIA ","UTI PEDIATRICA","ORTOPEDIA E TRAUMATOLOGIA PEDIÁTRICA","ACEITE DA UNIDADE EXECUTANTE","","","","","","","","","","","","","","","","","","","","","",""
"CENTRO NORTE","HUGOL - GOIÂNIA","MÉDIA E ALTA COMPLEXIDADE","URGÊNCIA E EMERGÊNCIA ","UTI PEDIATRICA","PEDIATRIA","ACEITE DA UNIDADE EXECUTANTE","HUGOL - TRAUMA PEDIÁTRICO/QUEIMADO / CPRE PARA CRIANÇAS A PARTIR DE 10KG","","","","","","","","","","","","","","","","","","","","",""
"CENTRO NORTE","HUGOL - GOIÂNIA","MÉDIA E ALTA COMPLEXIDADE","URGÊNCIA E EMERGÊNCIA ","UTI PEDIATRICA","ORTOPEDIA E TRAUMATOLOGIA PEDIÁTRICA","ACEITE DA UNIDADE EXECUTANTE","","","","","","","","","","","","","","","","","","","","","",""
"CENTRO SUDESTE","HUGOL - GOIÂNIA","MÉDIA E ALTA COMPLEXIDADE","URGÊNCIA E EMERGÊNCIA ","UTI PEDIATRICA","PEDIATRIA","ACEITE DA UNIDADE EXECUTANTE","HUGOL - TRAUMA PEDIÁTRICO/QUEIMADO / CPRE PARA CRIANÇAS A PARTIR DE 10KG","","","","","","","","","","","","","","","","","","","","",""
"CENTRO SUDESTE","HUGOL - GOIÂNIA","MÉDIA E ALTA COMPLEXIDADE","URGÊNCIA E EMERGÊNCIA ","UTI PEDIATRICA","ORTOPEDIA E TRAUMATOLOGIA PEDIÁTRICA","ACEITE DA UNIDADE EXECUTANTE","","","","","","","","","","","","","","","","","","","","","",""
"CENTRO SUDOESTE","HUGOL - GOIÂNIA","MÉDIA E ALTA COMPLEXIDADE","URGÊNCIA E EMERGÊNCIA ","UTI PEDIATRICA","PEDIATRIA","ACEITE DA UNIDADE EXECUTANTE","HUGOL - TRAUMA PEDIÁTRICO/QUEIMADO / CPRE PARA CRIANÇAS A PARTIR DE 10KG","","","","","","","","","","","","","","","","","","","","",""
"CENTRO SUDOESTE","HUGOL - GOIÂNIA","MÉDIA E ALTA COMPLEXIDADE","URGÊNCIA E EMERGÊNCIA ","UTI PEDIATRICA","ORTOPEDIA E TRAUMATOLOGIA PEDIÁTRICA","ACEITE DA UNIDADE EXECUTANTE","","","","","","","","","","","","","","","","","","","","","",""
"NORDESTE","HUGOL - GOIÂNIA","MÉDIA E ALTA COMPLEXIDADE","URGÊNCIA E EMERGÊNCIA ","UTI PEDIATRICA","PEDIATRIA","ACEITE DA UNIDADE EXECUTANTE","HUGOL - TRAUMA PEDIÁTRICO/QUEIMADO / CPRE PARA CRIANÇAS A PARTIR DE 10KG","","","","","","","","","","","","","","","","","","","","",""
"NORDESTE","HUGOL - GOIÂNIA","MÉDIA E ALTA COMPLEXIDADE","URGÊNCIA E EMERGÊNCIA ","UTI PEDIATRICA","ORTOPEDIA E TRAUMATOLOGIA PEDIÁTRICA","ACEITE DA UNIDADE EXECUTANTE","","","","","","","","","","","","","","","","","","","","","",""
"CENTRO OESTE","HUGOL - GOIÂNIA","MÉDIA E ALTA COMPLEXIDADE","URGÊNCIA E EMERGÊNCIA ","ENFERMARIA PEDIATRICA","NEUROCIRURGIA PEDIÁTRICA","ACEITE DA UNIDADE EXECUTANTE","HUGOL: RN COM PATOLOGIA NEUROCIRURGICA (MIELOMENINGOCELE E HIDROCEFALIA AGUDA);","","","","","","","","","","","","","","","","","","","","",""
"CENTRO OESTE","HUGOL - GOIÂNIA","MÉDIA E ALTA COMPLEXIDADE","URGÊNCIA E EMERGÊNCIA ","ENFERMARIA PEDIATRICA","CARDIOLOGIA PEDIÁTRICA CIRÚRGICA","ACEITE DA UNIDADE EXECUTANTE","HUGOL: RN GRAVE COM CARDIOPATIA CONGÊNITA CONFIRMADA (APENAS PERFIL CIRÚRGICO, PRONTO PARA OPERAR)","","","","","","","","","","","","","","","","","","","","",""
"CENTRO NORTE","HUGOL - GOIÂNIA","MÉDIA E ALTA COMPLEXIDADE","URGÊNCIA E EMERGÊNCIA ","ENFERMARIA PEDIATRICA","NEUROCIRURGIA PEDIÁTRICA","ACEITE DA UNIDADE EXECUTANTE","HUGOL: RN COM PATOLOGIA NEUROCIRURGICA (MIELOMENINGOCELE E HIDROCEFALIA AGUDA);","","","","","","","","","","","","","","","","","","","","",""
"CENTRO NORTE","HUGOL - GOIÂNIA","MÉDIA E ALTA COMPLEXIDADE","URGÊNCIA E EMERGÊNCIA ","ENFERMARIA PEDIATRICA","CARDIOLOGIA PEDIÁTRICA CIRÚRGICA","ACEITE DA UNIDADE EXECUTANTE","HUGOL: RN GRAVE COM CARDIOPATIA CONGÊNITA CONFIRMADA (APENAS PERFIL CIRÚRGICO, PRONTO PARA OPERAR)","","","","","","","","","","","","","","","","","","","","",""
"CENTRO SUDESTE","HUGOL - GOIÂNIA","MÉDIA E ALTA COMPLEXIDADE","URGÊNCIA E EMERGÊNCIA ","ENFERMARIA PEDIATRICA","NEUROCIRURGIA PEDIÁTRICA","ACEITE DA UNIDADE EXECUTANTE","HUGOL: RN COM PATOLOGIA NEUROCIRURGICA (MIELOMENINGOCELE E HIDROCEFALIA AGUDA);","","","","","","","","","","","","","","","","","","","","",""
"CENTRO SUDESTE","HUGOL - GOIÂNIA","MÉDIA E ALTA COMPLEXIDADE","URGÊNCIA E EMERGÊNCIA ","ENFERMARIA PEDIATRICA","CARDIOLOGIA PEDIÁTRICA CIRÚRGICA","ACEITE DA UNIDADE EXECUTANTE","HUGOL: RN GRAVE COM CARDIOPATIA CONGÊNITA CONFIRMADA (APENAS PERFIL CIRÚRGICO, PRONTO PARA OPERAR)","","","","","","","","","","","","","","","","","","","","",""
"CENTRO SUDOESTE","HUGOL - GOIÂNIA","MÉDIA E ALTA COMPLEXIDADE","URGÊNCIA E EMERGÊNCIA ","ENFERMARIA PEDIATRICA","NEUROCIRURGIA PEDIÁTRICA","ACEITE DA UNIDADE EXECUTANTE","HUGOL: RN COM PATOLOGIA NEUROCIRURGICA (MIELOMENINGOCELE E HIDROCEFALIA AGUDA);","","","","","","","","","","","","","","","","","","","","",""
"CENTRO SUDOESTE","HUGOL - GOIÂNIA","MÉDIA E ALTA COMPLEXIDADE","URGÊNCIA E EMERGÊNCIA ","ENFERMARIA PEDIATRICA","CARDIOLOGIA PEDIÁTRICA CIRÚRGICA","ACEITE DA UNIDADE EXECUTANTE","HUGOL: RN GRAVE COM CARDIOPATIA CONGÊNITA CONFIRMADA (APENAS PERFIL CIRÚRGICO, PRONTO PARA OPERAR)","","","","","","","","","","","","","","","","","","","","",""
"NORDESTE","HUGOL - GOIÂNIA","MÉDIA E ALTA COMPLEXIDADE","URGÊNCIA E EMERGÊNCIA ","ENFERMARIA PEDIATRICA","NEUROCIRURGIA PEDIÁTRICA","ACEITE DA UNIDADE EXECUTANTE","HUGOL: RN COM PATOLOGIA NEUROCIRURGICA (MIELOMENINGOCELE E HIDROCEFALIA AGUDA);","","","","","","","","","","","","","","","","","","","","",""
"NORDESTE","HUGOL - GOIÂNIA","MÉDIA E ALTA COMPLEXIDADE","URGÊNCIA E EMERGÊNCIA ","ENFERMARIA PEDIATRICA","CARDIOLOGIA PEDIÁTRICA CIRÚRGICA","ACEITE DA UNIDADE EXECUTANTE","HUGOL: RN GRAVE COM CARDIOPATIA CONGÊNITA CONFIRMADA (APENAS PERFIL CIRÚRGICO, PRONTO PARA OPERAR)","","","","","","","","","","","","","","","","","","","","",""
"CENTRO OESTE","HUGOL - GOIÂNIA","MÉDIA E ALTA COMPLEXIDADE","URGÊNCIA E EMERGÊNCIA ","UTI NEONATAL","NEONATOLOGIA","ACEITE DA UNIDADE EXECUTANTE","HUGOL: RN COM PATOLOGIA NEUROCIRURGICA (MIELOMENINGOCELE E HIDROCEFALIA AGUDA);","","","","","","","","","","","","","","","","","","","","",""
"CENTRO OESTE","HUGOL - GOIÂNIA","MÉDIA E ALTA COMPLEXIDADE","URGÊNCIA E EMERGÊNCIA ","UTI NEONATAL","NEONATOLOGIA","ACEITE DA UNIDADE EXECUTANTE","HUGOL: RN GRAVE COM CARDIOPATIA CONGÊNITA CONFIRMADA (APENAS PERFIL CIRÚRGICO, PRONTO PARA OPERAR)","","","","","","","","","","","","","","","","","","","","",""
"CENTRO NORTE","HUGOL - GOIÂNIA","MÉDIA E ALTA COMPLEXIDADE","URGÊNCIA E EMERGÊNCIA ","UTI NEONATAL","NEONATOLOGIA","ACEITE DA UNIDADE EXECUTANTE","HUGOL: RN COM PATOLOGIA NEUROCIRURGICA (MIELOMENINGOCELE E HIDROCEFALIA AGUDA);","","","","","","","","","","","","","","","","","","","","",""
"CENTRO NORTE","HUGOL - GOIÂNIA","MÉDIA E ALTA COMPLEXIDADE","URGÊNCIA E EMERGÊNCIA ","UTI NEONATAL","NEONATOLOGIA","ACEITE DA UNIDADE EXECUTANTE","HUGOL: RN GRAVE COM CARDIOPATIA CONGÊNITA CONFIRMADA (APENAS PERFIL CIRÚRGICO, PRONTO PARA OPERAR)","","","","","","","","","","","","","","","","","","","","",""
"CENTRO SUDESTE","HUGOL - GOIÂNIA","MÉDIA E ALTA COMPLEXIDADE","URGÊNCIA E EMERGÊNCIA ","UTI NEONATAL","NEONATOLOGIA","ACEITE DA UNIDADE EXECUTANTE","HUGOL: RN COM PATOLOGIA NEUROCIRURGICA (MIELOMENINGOCELE E HIDROCEFALIA AGUDA);","","","","","","","","","","","","","","","","","","","","",""
"CENTRO SUDESTE","HUGOL - GOIÂNIA","MÉDIA E ALTA COMPLEXIDADE","URGÊNCIA E EMERGÊNCIA ","UTI NEONATAL","NEONATOLOGIA","ACEITE DA UNIDADE EXECUTANTE","HUGOL: RN GRAVE COM CARDIOPATIA CONGÊNITA CONFIRMADA (APENAS PERFIL CIRÚRGICO, PRONTO PARA OPERAR)","","","","","","","","","","","","","","","","","","","","",""
"CENTRO SUDOESTE","HUGOL - GOIÂNIA","MÉDIA E ALTA COMPLEXIDADE","URGÊNCIA E EMERGÊNCIA ","UTI NEONATAL","NEONATOLOGIA","ACEITE DA UNIDADE EXECUTANTE","HUGOL: RN COM PATOLOGIA NEUROCIRURGICA (MIELOMENINGOCELE E HIDROCEFALIA AGUDA);","","","","","","","","","","","","","","","","","","","","",""
"CENTRO SUDOESTE","HUGOL - GOIÂNIA","MÉDIA E ALTA COMPLEXIDADE","URGÊNCIA E EMERGÊNCIA ","UTI NEONATAL","NEONATOLOGIA","ACEITE DA UNIDADE EXECUTANTE","HUGOL: RN GRAVE COM CARDIOPATIA CONGÊNITA CONFIRMADA (APENAS PERFIL CIRÚRGICO, PRONTO PARA OPERAR)","","","","","","","","","","","","","","","","","","","","",""
"NORDESTE","HUGOL - GOIÂNIA","MÉDIA E ALTA COMPLEXIDADE","URGÊNCIA E EMERGÊNCIA ","UTI NEONATAL","NEONATOLOGIA","ACEITE DA UNIDADE EXECUTANTE","HUGOL: RN COM PATOLOGIA NEUROCIRURGICA (MIELOMENINGOCELE E HIDROCEFALIA AGUDA);","","","","","","","","","","","","","","","","","","","","",""
"NORDESTE","HUGOL - GOIÂNIA","MÉDIA E ALTA COMPLEXIDADE","URGÊNCIA E EMERGÊNCIA ","UTI NEONATAL","NEONATOLOGIA","ACEITE DA UNIDADE EXECUTANTE","HUGOL: RN GRAVE COM CARDIOPATIA CONGÊNITA CONFIRMADA (APENAS PERFIL CIRÚRGICO, PRONTO PARA OPERAR)","","","","","","","","","","","","","","","","","","","","",""
"CENTRO OESTE","HUGOL - GOIÂNIA","MÉDIA E ALTA COMPLEXIDADE","URGÊNCIA E EMERGÊNCIA ","PRONTO SOCORRO","CIRURGIA BUCOMAXILOFACIAL","ENCAMINHAMENTO DE URGÊNCIA ","-","","","","","","","","","","","","","","","","","","","","",""
"CENTRO OESTE","HUGOL - GOIÂNIA","MÉDIA E ALTA COMPLEXIDADE","URGÊNCIA E EMERGÊNCIA ","PRONTO SOCORRO","CIRURGIA GERAL","ENCAMINHAMENTO DE URGÊNCIA ","HUGOL: CPRE (CONFORME DISPONIBILIDADE DA UNIDADE), FAB E FAF, ABDOME AGUDO, HDA COM REPERCUSSÃO HEMODINÂMICA.","","","","","","","","","","","","","","","","","","","","",""
"CENTRO OESTE","HUGOL - GOIÂNIA","MÉDIA E ALTA COMPLEXIDADE","URGÊNCIA E EMERGÊNCIA ","PRONTO SOCORRO","ORTOPEDIA E TRAUMATOLOGIA","ENCAMINHAMENTO DE URGÊNCIA ","HUGOL:  TODAS AS FRATURAS E LESÕES, POLITRAUMA, INCLUINDO EXPOSTA","","","","","","","","","","","","","","","","","","","","",""
"CENTRO OESTE","HUGOL - GOIÂNIA","MÉDIA E ALTA COMPLEXIDADE","URGÊNCIA E EMERGÊNCIA ","PRONTO SOCORRO","NEUROCIRURGIA","ENCAMINHAMENTO DE URGÊNCIA ","HUGOL: ANEURISMA CEREBRAL ROTO, HEMATOMA SUBARACNOIDE, HEMATOMA SUBDURAL, NEUROCIRURGIA DESCOMPRESSIVA, ANGIOFRAFIA, CLIPAGEM, EMBOLIZAÇÃO/TROMBECTOMIA. TEM O SERVIÇO DE HEMODINâMICA","","","","","","","","","","","","","","","","","","","","",""
"CENTRO OESTE","HUGOL - GOIÂNIA","MÉDIA E ALTA COMPLEXIDADE","URGÊNCIA E EMERGÊNCIA ","PRONTO SOCORRO","CIRURGIA VASCULAR/ANGIO","ENCAMINHAMENTO DE URGÊNCIA ","HUGOL: TEM O SERVIÇO DE HEMODINâMICA VASCULAR, EXCETO PARA DOENÇAS CRôNICAS","","","","","","","","","","","","","","","","","","","","",""
"CENTRO OESTE","HUGOL - GOIÂNIA","MÉDIA E ALTA COMPLEXIDADE","URGÊNCIA E EMERGÊNCIA ","PRONTO SOCORRO","UROLOGIA","ENCAMINHAMENTO DE URGÊNCIA ","HUGOL: TRAUMA UROLÓGICO","","","","","","","","","","","","","","","","","","","","",""
"CENTRO OESTE","HUGOL - GOIÂNIA","MÉDIA E ALTA COMPLEXIDADE","URGÊNCIA E EMERGÊNCIA ","PRONTO SOCORRO","QUEIMADOS","ENCAMINHAMENTO DE URGÊNCIA ","HUGOL: MÉDIO E GRANDE QUEIMADO","","","","","","","","","","","","","","","","","","","","",""
"CENTRO NORTE","HUGOL - GOIÂNIA","MÉDIA E ALTA COMPLEXIDADE","URGÊNCIA E EMERGÊNCIA ","UTI ADULTO","UTI CORONARIANA","","HUGOL: IAM/CATETERISMO, ANGIOPLASTIA, MARCAPASSO, CIRURGIA CARDÍACA, ANEURISMA DISSECAÇÃO DE AORTA - NÃO REALIZA ABLAÇÃO E IMPLANTE DE CDI","","","","","","","","","","","","","","","","","","","","",""
"CENTRO OESTE","HUGOL - GOIÂNIA","MÉDIA E ALTA COMPLEXIDADE","URGÊNCIA E EMERGÊNCIA ","PRONTO SOCORRO","PEDIATRIA","ENCAMINHAMENTO DE URGÊNCIA ","HUGOL - TRAUMA PEDIÁTRICO/QUEIMADO / CPRE PARA CRIANÇAS A PARTIR DE 10KG","","","","","","","","","","","","","","","","","","","","",""
"CENTRO OESTE","HUGOL - GOIÂNIA","MÉDIA E ALTA COMPLEXIDADE","URGÊNCIA E EMERGÊNCIA ","PRONTO SOCORRO","ORTOPEDIA E TRAUMATOLOGIA PEDIÁTRICA","ENCAMINHAMENTO DE URGÊNCIA ","-","","","","","","","","","","","","","","","","","","","","",""
"CENTRO NORTE","HUGOL - GOIÂNIA","MÉDIA E ALTA COMPLEXIDADE","URGÊNCIA E EMERGÊNCIA ","PRONTO SOCORRO","CIRURGIA BUCOMAXILOFACIAL","ENCAMINHAMENTO DE URGÊNCIA ","-","","","","","","","","","","","","","","","","","","","","",""
"CENTRO NORTE","HUGOL - GOIÂNIA","MÉDIA E ALTA COMPLEXIDADE","URGÊNCIA E EMERGÊNCIA ","PRONTO SOCORRO","ORTOPEDIA E TRAUMATOLOGIA","ENCAMINHAMENTO DE URGÊNCIA ","HUGOL:  TODAS AS FRATURAS E LESÕES, POLITRAUMA, INCLUINDO EXPOSTA","","","","","","","","","","","","","","","","","","","","",""
"CENTRO NORTE","HUGOL - GOIÂNIA","MÉDIA E ALTA COMPLEXIDADE","URGÊNCIA E EMERGÊNCIA ","PRONTO SOCORRO","NEUROCIRURGIA","ENCAMINHAMENTO DE URGÊNCIA ","HUGOL: ANEURISMA CEREBRAL ROTO, HEMATOMA SUBARACNOIDE, HEMATOMA SUBDURAL, NEUROCIRURGIA DESCOMPRESSIVA, ANGIOFRAFIA, CLIPAGEM, EMBOLIZAÇÃO/TROMBECTOMIA. TEM O SERVIÇO DE HEMODINâMICA","","","","","","","","","","","","","","","","","","","","",""
"CENTRO NORTE","HUGOL - GOIÂNIA","MÉDIA E ALTA COMPLEXIDADE","URGÊNCIA E EMERGÊNCIA ","PRONTO SOCORRO","CIRURGIA VASCULAR/ANGIO","ENCAMINHAMENTO DE URGÊNCIA ","HUGOL: TEM O SERVIÇO DE HEMODINâMICA VASCULAR, EXCETO PARA DOENÇAS CRôNICAS","","","","","","","","","","","","","","","","","","","","",""
"CENTRO NORTE","HUGOL - GOIÂNIA","MÉDIA E ALTA COMPLEXIDADE","URGÊNCIA E EMERGÊNCIA ","PRONTO SOCORRO","UROLOGIA","ENCAMINHAMENTO DE URGÊNCIA ","HUGOL: TRAUMA UROLÓGICO","","","","","","","","","","","","","","","","","","","","",""
"CENTRO NORTE","HUGOL - GOIÂNIA","MÉDIA E ALTA COMPLEXIDADE","URGÊNCIA E EMERGÊNCIA ","PRONTO SOCORRO","QUEIMADOS","ENCAMINHAMENTO DE URGÊNCIA ","HUGOL: MÉDIO E GRANDE QUEIMADO","","","","","","","","","","","","","","","","","","","","",""
"CENTRO SUDESTE","HUGOL - GOIÂNIA","MÉDIA E ALTA COMPLEXIDADE","URGÊNCIA E EMERGÊNCIA ","UTI ADULTO","UTI CORONARIANA","","HUGOL: IAM/CATETERISMO, ANGIOPLASTIA, MARCAPASSO, CIRURGIA CARDÍACA, ANEURISMA DISSECAÇÃO DE AORTA - NÃO REALIZA ABLAÇÃO E IMPLANTE DE CDI","","","","","","","","","","","","","","","","","","","","",""
"CENTRO NORTE","HUGOL - GOIÂNIA","MÉDIA E ALTA COMPLEXIDADE","URGÊNCIA E EMERGÊNCIA ","PRONTO SOCORRO","PEDIATRIA","ENCAMINHAMENTO DE URGÊNCIA ","HUGOL - TRAUMA PEDIÁTRICO/QUEIMADO / CPRE PARA CRIANÇAS A PARTIR DE 10KG","","","","","","","","","","","","","","","","","","","","",""
"CENTRO NORTE","HUGOL - GOIÂNIA","MÉDIA E ALTA COMPLEXIDADE","URGÊNCIA E EMERGÊNCIA ","PRONTO SOCORRO","ORTOPEDIA E TRAUMATOLOGIA PEDIÁTRICA","ENCAMINHAMENTO DE URGÊNCIA ","-","","","","","","","","","","","","","","","","","","","","",""
"CENTRO SUDESTE","HUGOL - GOIÂNIA","MÉDIA E ALTA COMPLEXIDADE","URGÊNCIA E EMERGÊNCIA ","PRONTO SOCORRO","CIRURGIA BUCOMAXILOFACIAL","ENCAMINHAMENTO DE URGÊNCIA ","-","","","","","","","","","","","","","","","","","","","","",""
"CENTRO SUDESTE","HUGOL - GOIÂNIA","MÉDIA E ALTA COMPLEXIDADE","URGÊNCIA E EMERGÊNCIA ","PRONTO SOCORRO","ORTOPEDIA E TRAUMATOLOGIA","ENCAMINHAMENTO DE URGÊNCIA ","HUGOL:  TODAS AS FRATURAS E LESÕES, POLITRAUMA, INCLUINDO EXPOSTA","","","","","","","","","","","","","","","","","","","","",""
"CENTRO SUDESTE","HUGOL - GOIÂNIA","MÉDIA E ALTA COMPLEXIDADE","URGÊNCIA E EMERGÊNCIA ","PRONTO SOCORRO","NEUROCIRURGIA","ENCAMINHAMENTO DE URGÊNCIA ","HUGOL: ANEURISMA CEREBRAL ROTO, HEMATOMA SUBARACNOIDE, HEMATOMA SUBDURAL, NEUROCIRURGIA DESCOMPRESSIVA, ANGIOFRAFIA, CLIPAGEM, EMBOLIZAÇÃO/TROMBECTOMIA. TEM O SERVIÇO DE HEMODINâMICA","","","","","","","","","","","","","","","","","","","","",""
"CENTRO SUDESTE","HUGOL - GOIÂNIA","MÉDIA E ALTA COMPLEXIDADE","URGÊNCIA E EMERGÊNCIA ","PRONTO SOCORRO","CIRURGIA VASCULAR/ANGIO","ENCAMINHAMENTO DE URGÊNCIA ","HUGOL: TEM O SERVIÇO DE HEMODINâMICA VASCULAR, EXCETO PARA DOENÇAS CRôNICAS","","","","","","","","","","","","","","","","","","","","",""
"CENTRO SUDESTE","HUGOL - GOIÂNIA","MÉDIA E ALTA COMPLEXIDADE","URGÊNCIA E EMERGÊNCIA ","PRONTO SOCORRO","UROLOGIA","ENCAMINHAMENTO DE URGÊNCIA ","HUGOL: TRAUMA UROLÓGICO","","","","","","","","","","","","","","","","","","","","",""
"CENTRO SUDESTE","HUGOL - GOIÂNIA","MÉDIA E ALTA COMPLEXIDADE","URGÊNCIA E EMERGÊNCIA ","PRONTO SOCORRO","QUEIMADOS","ENCAMINHAMENTO DE URGÊNCIA ","HUGOL: MÉDIO E GRANDE QUEIMADO","","","","","","","","","","","","","","","","","","","","",""
"CENTRO SUDOESTE","HUGOL - GOIÂNIA","MÉDIA E ALTA COMPLEXIDADE","URGÊNCIA E EMERGÊNCIA ","UTI ADULTO","UTI CORONARIANA","","HUGOL: IAM/CATETERISMO, ANGIOPLASTIA, MARCAPASSO, CIRURGIA CARDÍACA, ANEURISMA DISSECAÇÃO DE AORTA - NÃO REALIZA ABLAÇÃO E IMPLANTE DE CDI","","","","","","","","","","","","","","","","","","","","",""
"CENTRO SUDESTE","HUGOL - GOIÂNIA","MÉDIA E ALTA COMPLEXIDADE","URGÊNCIA E EMERGÊNCIA ","PRONTO SOCORRO","PEDIATRIA","ENCAMINHAMENTO DE URGÊNCIA ","HUGOL - TRAUMA PEDIÁTRICO/QUEIMADO / CPRE PARA CRIANÇAS A PARTIR DE 10KG","","","","","","","","","","","","","","","","","","","","",""
"CENTRO SUDESTE","HUGOL - GOIÂNIA","MÉDIA E ALTA COMPLEXIDADE","URGÊNCIA E EMERGÊNCIA ","PRONTO SOCORRO","ORTOPEDIA E TRAUMATOLOGIA PEDIÁTRICA","ENCAMINHAMENTO DE URGÊNCIA ","-","","","","","","","","","","","","","","","","","","","","",""
"CENTRO SUDOESTE","HUGOL - GOIÂNIA","MÉDIA E ALTA COMPLEXIDADE","URGÊNCIA E EMERGÊNCIA ","PRONTO SOCORRO","CIRURGIA BUCOMAXILOFACIAL","ENCAMINHAMENTO DE URGÊNCIA ","-","","","","","","","","","","","","","","","","","","","","",""
"CENTRO SUDOESTE","HUGOL - GOIÂNIA","MÉDIA E ALTA COMPLEXIDADE","URGÊNCIA E EMERGÊNCIA ","PRONTO SOCORRO","ORTOPEDIA E TRAUMATOLOGIA","ENCAMINHAMENTO DE URGÊNCIA ","HUGOL:  TODAS AS FRATURAS E LESÕES, POLITRAUMA, INCLUINDO EXPOSTA","","","","","","","","","","","","","","","","","","","","",""
"CENTRO SUDOESTE","HUGOL - GOIÂNIA","MÉDIA E ALTA COMPLEXIDADE","URGÊNCIA E EMERGÊNCIA ","PRONTO SOCORRO","NEUROCIRURGIA","ENCAMINHAMENTO DE URGÊNCIA ","HUGOL: ANEURISMA CEREBRAL ROTO, HEMATOMA SUBARACNOIDE, HEMATOMA SUBDURAL, NEUROCIRURGIA DESCOMPRESSIVA, ANGIOFRAFIA, CLIPAGEM, EMBOLIZAÇÃO/TROMBECTOMIA. TEM O SERVIÇO DE HEMODINâMICA","","","","","","","","","","","","","","","","","","","","",""
"CENTRO SUDOESTE","HUGOL - GOIÂNIA","MÉDIA E ALTA COMPLEXIDADE","URGÊNCIA E EMERGÊNCIA ","PRONTO SOCORRO","CIRURGIA VASCULAR/ANGIO","ENCAMINHAMENTO DE URGÊNCIA ","HUGOL: TEM O SERVIÇO DE HEMODINâMICA VASCULAR, EXCETO PARA DOENÇAS CRôNICAS","","","","","","","","","","","","","","","","","","","","",""
"CENTRO SUDOESTE","HUGOL - GOIÂNIA","MÉDIA E ALTA COMPLEXIDADE","URGÊNCIA E EMERGÊNCIA ","PRONTO SOCORRO","UROLOGIA","ENCAMINHAMENTO DE URGÊNCIA ","HUGOL: TRAUMA UROLÓGICO","","","","","","","","","","","","","","","","","","","","",""
"CENTRO SUDOESTE","HUGOL - GOIÂNIA","MÉDIA E ALTA COMPLEXIDADE","URGÊNCIA E EMERGÊNCIA ","PRONTO SOCORRO","QUEIMADOS","ENCAMINHAMENTO DE URGÊNCIA ","HUGOL: MÉDIO E GRANDE QUEIMADO","","","","","","","","","","","","","","","","","","","","",""
"NORDESTE","HUGOL - GOIÂNIA","MÉDIA E ALTA COMPLEXIDADE","URGÊNCIA E EMERGÊNCIA ","UTI ADULTO","UTI CORONARIANA","","HUGOL: IAM/CATETERISMO, ANGIOPLASTIA, MARCAPASSO, CIRURGIA CARDÍACA, ANEURISMA DISSECAÇÃO DE AORTA - NÃO REALIZA ABLAÇÃO E IMPLANTE DE CDI","","","","","","","","","","","","","","","","","","","","",""
"CENTRO SUDOESTE","HUGOL - GOIÂNIA","MÉDIA E ALTA COMPLEXIDADE","URGÊNCIA E EMERGÊNCIA ","PRONTO SOCORRO","PEDIATRIA","ENCAMINHAMENTO DE URGÊNCIA ","HUGOL - TRAUMA PEDIÁTRICO/QUEIMADO / CPRE PARA CRIANÇAS A PARTIR DE 10KG","","","","","","","","","","","","","","","","","","","","",""
"CENTRO SUDOESTE","HUGOL - GOIÂNIA","MÉDIA E ALTA COMPLEXIDADE","URGÊNCIA E EMERGÊNCIA ","PRONTO SOCORRO","ORTOPEDIA E TRAUMATOLOGIA PEDIÁTRICA","ENCAMINHAMENTO DE URGÊNCIA ","-","","","","","","","","","","","","","","","","","","","","",""
"NORDESTE","HUGOL - GOIÂNIA","MÉDIA E ALTA COMPLEXIDADE","URGÊNCIA E EMERGÊNCIA ","PRONTO SOCORRO","CIRURGIA BUCOMAXILOFACIAL","ENCAMINHAMENTO DE URGÊNCIA ","","","","","","","","","","","","","","","","","","","","","",""
"NORDESTE","HUGOL - GOIÂNIA","MÉDIA E ALTA COMPLEXIDADE","URGÊNCIA E EMERGÊNCIA ","PRONTO SOCORRO","ORTOPEDIA E TRAUMATOLOGIA","ENCAMINHAMENTO DE URGÊNCIA ","HUGOL:  TODAS AS FRATURAS E LESÕES, POLITRAUMA, INCLUINDO EXPOSTA","","","","","","","","","","","","","","","","","","","","",""
"NORDESTE","HUGOL - GOIÂNIA","MÉDIA E ALTA COMPLEXIDADE","URGÊNCIA E EMERGÊNCIA ","PRONTO SOCORRO","NEUROCIRURGIA","ENCAMINHAMENTO DE URGÊNCIA ","HUGOL: ANEURISMA CEREBRAL ROTO, HEMATOMA SUBARACNOIDE, HEMATOMA SUBDURAL, NEUROCIRURGIA DESCOMPRESSIVA, ANGIOFRAFIA, CLIPAGEM, EMBOLIZAÇÃO/TROMBECTOMIA. TEM O SERVIÇO DE HEMODINâMICA","","","","","","","","","","","","","","","","","","","","",""
"NORDESTE","HUGOL - GOIÂNIA","MÉDIA E ALTA COMPLEXIDADE","URGÊNCIA E EMERGÊNCIA ","PRONTO SOCORRO","CIRURGIA VASCULAR/ANGIO","ENCAMINHAMENTO DE URGÊNCIA ","HUGOL: TEM O SERVIÇO DE HEMODINâMICA VASCULAR, EXCETO PARA DOENÇAS CRôNICAS","","","","","","","","","","","","","","","","","","","","",""
"NORDESTE","HUGOL - GOIÂNIA","MÉDIA E ALTA COMPLEXIDADE","URGÊNCIA E EMERGÊNCIA ","PRONTO SOCORRO","UROLOGIA","ENCAMINHAMENTO DE URGÊNCIA ","","","","","","","","","","","","","","","","","","","","","",""
"NORDESTE","HUGOL - GOIÂNIA","MÉDIA E ALTA COMPLEXIDADE","URGÊNCIA E EMERGÊNCIA ","PRONTO SOCORRO","QUEIMADOS","ENCAMINHAMENTO DE URGÊNCIA ","HUGOL: MÉDIO E GRANDE QUEIMADO","","","","","","","","","","","","","","","","","","","","",""
"CENTRO OESTE","HESLMB - S. LUIS DE M. BELOS","MÉDIA COMPLEXIDADE","URGÊNCIA E EMERGÊNCIA ","PRONTO SOCORRO","OBSTETRÍCIA","ENCAMINHAMENTO DE URGÊNCIA ","HESLMB: AVALIAÇÃO NO PRONTO SOCORRO. GESTANTES DE RISCO HABITUAL QUE NÃO APRESENTAM COMPLICAÇÕES DURANTE A GESTAÇÃO E SÃO ACOMPANHADAS EM PRÉ-NATAL DE BAIXO RISCO OU NA ATENÇÃO PRIMÁRIA, COM IDADE GESTACIONAL IGUAL OU SUPERIOR A 37 SEMANAS.

NÃO É PERFIL: GRAVIDADE OBSTÉTRICA, TAIS COMO: DOENÇA HIPERTENSIVA ESPECÍFICA DA GESTAÇÃO (SÍNDROME HELLP); HIPERTENSÃO ARTERIAL COMPLICANDO A GRAVIDEZ E CARDIOMIOPATIAS; DIABETES MELLITUS E LÚPUS ERITEMATOSO SISTÊMICO (LES); HEMORRAGIAS RELACIONADAS AO PRIMEIRO E TERCEIRO TRIMESTRES; DESORDENS HEMATOLÓGICAS COMPLICANDO A GRAVIDEZ (EX.: ANEMIAS); ABORTAMENTO COM INDICAÇÃO DE MISOPROSTOL; PACIENTES PORTADORAS DE HIV E HEPATITES VIRAIS.","","","","","","","","","","","","","","","","","","","","",""
"NORDESTE","HUGOL - GOIÂNIA","MÉDIA E ALTA COMPLEXIDADE","URGÊNCIA E EMERGÊNCIA ","PRONTO SOCORRO","PEDIATRIA","ENCAMINHAMENTO DE URGÊNCIA ","HUGOL - TRAUMA PEDIÁTRICO/QUEIMADO / CPRE PARA CRIANÇAS A PARTIR DE 10KG","","","","","","","","","","","","","","","","","","","","",""
"NORDESTE","HUGOL - GOIÂNIA","MÉDIA E ALTA COMPLEXIDADE","URGÊNCIA E EMERGÊNCIA ","PRONTO SOCORRO","ORTOPEDIA E TRAUMATOLOGIA PEDIÁTRICA","ENCAMINHAMENTO DE URGÊNCIA ","","","","","","","","","","","","","","","","","","","","","",""
"CENTRO OESTE","HUGOL - GOIÂNIA","MÉDIA E ALTA COMPLEXIDADE","URGÊNCIA E EMERGÊNCIA ","ENFERMARIA ADULTO","ENDOVASCULAR","ACEITE DA UNIDADE EXECUTANTE","HUGOL: TEM O SERVIÇO DE HEMODINâMICA VASCULAR, EXCETO DOENÇAS CRôNICAS","","","","","","","","","","","","","","","","","","","","",""
"CENTRO NORTE","HUGOL - GOIÂNIA","MÉDIA E ALTA COMPLEXIDADE","URGÊNCIA E EMERGÊNCIA ","ENFERMARIA ADULTO","ENDOVASCULAR","ACEITE DA UNIDADE EXECUTANTE","HUGOL: TEM O SERVIÇO DE HEMODINâMICA VASCULAR, EXCETO DOENÇAS CRôNICAS","","","","","","","","","","","","","","","","","","","","",""
"CENTRO SUDESTE","HUGOL - GOIÂNIA","MÉDIA E ALTA COMPLEXIDADE","URGÊNCIA E EMERGÊNCIA ","ENFERMARIA ADULTO","ENDOVASCULAR","ACEITE DA UNIDADE EXECUTANTE","HUGOL: TEM O SERVIÇO DE HEMODINâMICA VASCULAR, EXCETO DOENÇAS CRôNICAS","","","","","","","","","","","","","","","","","","","","",""
"CENTRO SUDOESTE","HUGOL - GOIÂNIA","MÉDIA E ALTA COMPLEXIDADE","URGÊNCIA E EMERGÊNCIA ","ENFERMARIA ADULTO","ENDOVASCULAR","ACEITE DA UNIDADE EXECUTANTE","HUGOL: TEM O SERVIÇO DE HEMODINâMICA VASCULAR, EXCETO DOENÇAS CRôNICAS","","","","","","","","","","","","","","","","","","","","",""
"CENTRO OESTE","HUGOL - GOIÂNIA","MÉDIA E ALTA COMPLEXIDADE","URGÊNCIA E EMERGÊNCIA ","ENFERMARIA ADULTO","ENDOVASCULAR","INTERNAÇÃO PRÓPRIA (COTA DIRETA)","HUGOL: TEM O SERVIÇO DE HEMODINâMICA VASCULAR, EXCETO PARA DOENÇAS CRôNICAS","","","","","","","","","","","","","","","","","","","","",""
"CENTRO NORTE","HUGOL - GOIÂNIA","MÉDIA E ALTA COMPLEXIDADE","URGÊNCIA E EMERGÊNCIA ","ENFERMARIA ADULTO","ENDOVASCULAR","INTERNAÇÃO PRÓPRIA (COTA DIRETA)","HUGOL: TEM O SERVIÇO DE HEMODINâMICA VASCULAR, EXCETO PARA DOENÇAS CRôNICAS","","","","","","","","","","","","","","","","","","","","",""
"CENTRO SUDESTE","HUGOL - GOIÂNIA","MÉDIA E ALTA COMPLEXIDADE","URGÊNCIA E EMERGÊNCIA ","ENFERMARIA ADULTO","ENDOVASCULAR","INTERNAÇÃO PRÓPRIA (COTA DIRETA)","HUGOL: TEM O SERVIÇO DE HEMODINâMICA VASCULAR, EXCETO PARA DOENÇAS CRôNICAS","","","","","","","","","","","","","","","","","","","","",""
"CENTRO SUDOESTE","HUGOL - GOIÂNIA","MÉDIA E ALTA COMPLEXIDADE","URGÊNCIA E EMERGÊNCIA ","ENFERMARIA ADULTO","ENDOVASCULAR","INTERNAÇÃO PRÓPRIA (COTA DIRETA)","HUGOL: TEM O SERVIÇO DE HEMODINâMICA VASCULAR, EXCETO PARA DOENÇAS CRôNICAS","","","","","","","","","","","","","","","","","","","","",""
"NORDESTE","HUGOL - GOIÂNIA","MÉDIA E ALTA COMPLEXIDADE","URGÊNCIA E EMERGÊNCIA ","ENFERMARIA ADULTO","ENDOVASCULAR","INTERNAÇÃO PRÓPRIA (COTA DIRETA)","HUGOL: TEM O SERVIÇO DE HEMODINâMICA VASCULAR, EXCETO PARA DOENÇAS CRôNICAS","","","","","","","","","","","","","","","","","","","","",""
"CENTRO OESTE","HUGOL - GOIÂNIA","MÉDIA E ALTA COMPLEXIDADE","URGÊNCIA E EMERGÊNCIA ","UTI ADULTO","ENDOVASCULAR","ACEITE DA UNIDADE EXECUTANTE","HUGOL: TEM O SERVIÇO DE HEMODINâMICA VASCULAR, EXCETO DOENÇAS CRôNICAS","","","","","","","","","","","","","","","","","","","","",""
"CENTRO NORTE","HUGOL - GOIÂNIA","MÉDIA E ALTA COMPLEXIDADE","URGÊNCIA E EMERGÊNCIA ","UTI ADULTO","ENDOVASCULAR","ACEITE DA UNIDADE EXECUTANTE","HUGOL: TEM O SERVIÇO DE HEMODINâMICA VASCULAR, EXCETO DOENÇAS CRôNICAS","","","","","","","","","","","","","","","","","","","","",""
"CENTRO SUDESTE","HUGOL - GOIÂNIA","MÉDIA E ALTA COMPLEXIDADE","URGÊNCIA E EMERGÊNCIA ","UTI ADULTO","ENDOVASCULAR","ACEITE DA UNIDADE EXECUTANTE","HUGOL: TEM O SERVIÇO DE HEMODINâMICA VASCULAR, EXCETO DOENÇAS CRôNICAS","","","","","","","","","","","","","","","","","","","","",""
"CENTRO SUDOESTE","HUGOL - GOIÂNIA","MÉDIA E ALTA COMPLEXIDADE","URGÊNCIA E EMERGÊNCIA ","UTI ADULTO","ENDOVASCULAR","ACEITE DA UNIDADE EXECUTANTE","HUGOL: TEM O SERVIÇO DE HEMODINâMICA VASCULAR, EXCETO DOENÇAS CRôNICAS","","","","","","","","","","","","","","","","","","","","",""
"CENTRO OESTE","HUGOL - GOIÂNIA","MÉDIA E ALTA COMPLEXIDADE","URGÊNCIA E EMERGÊNCIA ","UTI ADULTO","ENDOVASCULAR","INTERNAÇÃO PRÓPRIA (COTA DIRETA)","HUGOL: TEM O SERVIÇO DE HEMODINâMICA VASCULAR, EXCETO PARA DOENÇAS CRôNICAS","","","","","","","","","","","","","","","","","","","","",""
"CENTRO NORTE","HUGOL - GOIÂNIA","MÉDIA E ALTA COMPLEXIDADE","URGÊNCIA E EMERGÊNCIA ","UTI ADULTO","ENDOVASCULAR","INTERNAÇÃO PRÓPRIA (COTA DIRETA)","HUGOL: TEM O SERVIÇO DE HEMODINâMICA VASCULAR, EXCETO PARA DOENÇAS CRôNICAS","","","","","","","","","","","","","","","","","","","","",""
"CENTRO SUDESTE","HUGOL - GOIÂNIA","MÉDIA E ALTA COMPLEXIDADE","URGÊNCIA E EMERGÊNCIA ","UTI ADULTO","ENDOVASCULAR","INTERNAÇÃO PRÓPRIA (COTA DIRETA)","HUGOL: TEM O SERVIÇO DE HEMODINâMICA VASCULAR, EXCETO PARA DOENÇAS CRôNICAS","","","","","","","","","","","","","","","","","","","","",""
"CENTRO SUDOESTE","HUGOL - GOIÂNIA","MÉDIA E ALTA COMPLEXIDADE","URGÊNCIA E EMERGÊNCIA ","UTI ADULTO","ENDOVASCULAR","INTERNAÇÃO PRÓPRIA (COTA DIRETA)","HUGOL: TEM O SERVIÇO DE HEMODINâMICA VASCULAR, EXCETO PARA DOENÇAS CRôNICAS","","","","","","","","","","","","","","","","","","","","",""
"NORDESTE","HUGOL - GOIÂNIA","MÉDIA E ALTA COMPLEXIDADE","URGÊNCIA E EMERGÊNCIA ","UTI ADULTO","ENDOVASCULAR","INTERNAÇÃO PRÓPRIA (COTA DIRETA)","HUGOL: TEM O SERVIÇO DE HEMODINâMICA VASCULAR, EXCETO PARA DOENÇAS CRôNICAS","","","","","","","","","","","","","","","","","","","","",""
"CENTRO SUDESTE","HU-UFCat - CATALÃO","BAIXA E MÉDIA COMPLEXIDADE","URGÊNCIA E EMERGÊNCIA ","ENFERMARIA ADULTO","CLÍNICA MÉDICA","INTERNAÇÃO PRÓPRIA (COTA DIRETA)","HU-UFCat: INTERNAÇÃO PRÓPRIA (COTA DIRETA), SOMENTE PARA PACIENTES EGRESSOS DA CIRURGIA ELETIVA OU DO AMBULAUTORIO, MEDIANTE ANEXO DA FILIPETA DO REGNET/GERCON. ","","","","","","","","","","","","","","","","","","","","",""
"CENTRO SUDESTE","HU-UFCat - CATALÃO","BAIXA E MÉDIA COMPLEXIDADE","URGÊNCIA E EMERGÊNCIA ","ENFERMARIA ADULTO","CLÍNICA MÉDICA","REGULAÇÃO PARA O LEITO","HU-UFCat: CONDIÇÕES CLÍNICAS AGUDAS OU DESCOMPENSAÇÃO DE DOENÇAS CRÔNICAS, DISTÚRBIOS HIDROELETROLÍTICOS E OUTRAS INTERCORRÊNCIAS CLÍNICAS QUE NÃO TENHAM INDICAÇÃO PRIMÁRIA CIRÚRGICA OU TRAUMÁTICA.
NÃO É PERFIL: DOENÇAS QUE NECESSITEM DE INTERVENÇÃO CIRÚRGICA GERAL, ORTOPÉDICA, NEUROCIRURGIA, TORÁCICA, UROLÓGICA, ONCOLÓGICA, HEMATOLÓGICA, INFECTOLOGIA, CARDIOLOGIA INTERVENCIONISTA, ENTRE OUTRAS ESPECIALIDADES NÃO CLÍNICAS","","","","","","","","","","","","","","","","","","","","",""
"CENTRO NORTE","INMCEB - ANÁPOLIS","MÉDIA COMPLEXIDADE","URGÊNCIA E EMERGÊNCIA ","ENFERMARIA ADULTO","PSIQUIATRIA","INTERNAÇÃO PRÓPRIA (COTA DIRETA)","INMCEB - CÓDIGO DE PROCEDIMENTO 0303170191 /  TRANSTORNO, ÁLCOOL E OUTRAS DROGAS, COMPULSÓRIO, JUDICIALIZADO, PAILI, VOLUNTÁRIO E INVOLUNTÁRIO, PRIVADO DE LIBERDADE / TEM ESTRUTURA PARA ACOMPANHANTE","","","","","","","","","","","","","","","","","","","","",""
"CENTRO NORTE","INMCEB - ANÁPOLIS","MÉDIA COMPLEXIDADE","URGÊNCIA E EMERGÊNCIA ","ENF INFANTO-JUVENIL (PSIQUIATRIA) ","PSIQUIATRIA","INTERNAÇÃO PRÓPRIA (COTA DIRETA)","INMCEB - CÓDIGO DE PROCEDIMENTO 0303170191 /  12 ANOS ACIMA TRANSTORNO, ÁLCOOL E OUTRAS DROGAS, COMPULSÓRIO, JUDICIALIZADO, PAILI, VOLUNTÁRIO E INVOLUNTÁRIO, PRIVADO DE LIBERDADE / TEM ESTRUTURA PARA ACOMPANHANTE","","","","","","","","","","","","","","","","","","","","",""
"CENTRO NORTE","INMCEB - ANÁPOLIS","MÉDIA COMPLEXIDADE","URGÊNCIA E EMERGÊNCIA ","PRONTO SOCORRO","PSIQUIATRIA ","REGULAÇÃO PARA O LEITO","INMCEB - CÓDIGO DE PROCEDIMENTO 0303170191 / ENCAMINHAMENTO DE URGÊNCIA PARA AVALIAÇÃO NO BOX / TRANSTORNO, ÁLCOOL E OUTRAS DROGAS, COMPULSÓRIO, JUDICIALIZADO, PAILI, VOLUNTÁRIO E INVOLUNTÁRIO, PRIVADO DE LIBERDADE","","","","","","","","","","","","","","","","","","","","",""
"CENTRO NORTE","INMCEB - ANÁPOLIS","MÉDIA COMPLEXIDADE","URGÊNCIA E EMERGÊNCIA ","ENF INFANTO-JUVENIL (PSIQUIATRIA) ","PSIQUIATRIA","REGULAÇÃO PARA O LEITO","INMCEB - CÓDIGO DE PROCEDIMENTO 0303170191 / 12 ANOS ACIMA ENCAMINHAMENTO DE URGÊNCIA PARA AVALIAÇÃO NO BOX / TRANSTORNO, ÁLCOOL E OUTRAS DROGAS, COMPULSÓRIO, JUDICIALIZADO, PAILI, VOLUNTÁRIO E INVOLUNTÁRIO, PRIVADO DE LIBERDADE","","","","","","","","","","","","","","","","","","","","",""
"CENTRO NORTE","INMCEB - ANÁPOLIS","MÉDIA COMPLEXIDADE","URGÊNCIA E EMERGÊNCIA ","ENFERMARIA ADULTO","PSIQUIATRIA","REGULAÇÃO PARA O LEITO","INMCEB - CÓDIGO DE PROCEDIMENTO 0303170191 /  TRANSTORNO, ÁLCOOL E OUTRAS DROGAS, COMPULSÓRIO, JUDICIALIZADO, PAILI, VOLUNTÁRIO E INVOLUNTÁRIO, PRIVADO DE LIBERDADE / TEM ESTRUTURA PARA ACOMPANHANTE","","","","","","","","","","","","","","","","","","","","",""
"CENTRO NORTE","INMCEB - ANÁPOLIS","MÉDIA COMPLEXIDADE","URGÊNCIA E EMERGÊNCIA ","ENF INFANTO-JUVENIL (PSIQUIATRIA) ","PSIQUIATRIA","REGULAÇÃO PARA O LEITO","INMCEB - CÓDIGO DE PROCEDIMENTO 0303170191 /  12 ANOS ACIMA TRANSTORNO, ÁLCOOL E OUTRAS DROGAS, COMPULSÓRIO, JUDICIALIZADO, PAILI, VOLUNTÁRIO E INVOLUNTÁRIO, PRIVADO DE LIBERDADE / TEM ESTRUTURA PARA ACOMPANHANTE","","","","","","","","","","","","","","","","","","","","",""
"CENTRO NORTE","SCMA - ANÁPOLIS","MÉDIA E ALTA COMPLEXIDADE","URGÊNCIA E EMERGÊNCIA ","PRONTO SOCORRO","OBSTETRÍCIA","REGULAÇÃO PARA O LEITO","SANTA CASA ANÁPOLIS - AUTORIZAÇÃO DE ENCAMINHAMENTO DE URGÊNCIA PELO MÉDICO REGULADOR PARA OBSTETRÍCIA - ALTO RISCO","","","","","","","","","","","","","","","","","","","","",""
"CENTRO NORTE","SCMA - ANÁPOLIS","MÉDIA E ALTA COMPLEXIDADE","URGÊNCIA E EMERGÊNCIA ","UTI ADULTO","CLÍNICA MÉDICA","REGULAÇÃO PARA O LEITO","SANTA CASA ANÁPOLIS - UTI CLINICA","","","","","","","","","","","","","","","","","","","","",""
"CENTRO NORTE","SCMA - ANÁPOLIS","MÉDIA E ALTA COMPLEXIDADE","URGÊNCIA E EMERGÊNCIA ","ENFERMARIA ADULTO","ORTOPEDIA E TRAUMATOLOGIA","REGULAÇÃO PARA O LEITO","SANTA CASA ANÁPOLIS -  FRATURA DE CLAVÍCULA, FRATURA DE METATARSO, LUXAÇÃO/FRATURA OSSOS DO CARPO, FRATURA DIAFISARIA UNICA DO RADIO/ULNA, FRATURA DIAFISARIA DE AMBOS OS OSSOS DO ANTEBRAÇO C/ SINTESE, FRATURA DA EXTREMIDADE METAFISE DISTAL DOS OSSOS DO ANTEBRAÇO, FRATURA DO PÉ CAVO,FRATURA DO PÉ TORO CONGÊNITO, REALINHAMENTO DO MECANISMO EXTENSOR DO JOELHO, AMPUTAÇÃO/DESARTICULAÇÃO DE MMII, TTO CIRURGICO DA MAO OU PÉ EM FENDA/DEDO BÍFIDO, MACRODACTILIA/POLIDACTILIA, TENORRAFIA EM TUNEL OSTEOFIBROSO, TENOPLASTIA OU ENXERTO DE TENDÃO, TENOMIOTOMIA/DESINSERÇÃO, TENÓLISE, RETIRADA DE FIO OU PINO INTRA-ÓSSEO, RESSECÇÃO SIMPLES DE TURMO ÓSSEO DE PARTES MOLES, OSTEOTECTOMIA DE OSSOS DA MÃO/PÉ, MANIPULAÇÃO ARTICULAR, PSEUDOARTROSE/RETARDO DE CONSOLIDAÇÃO/PERDA ÓSSEA DA DIAFISE DO FEMUR, ENCURTAMENTO DE OSSO LONGOS EXCETO MÃO E PÉ, TRATAMENTO CIRÚRGICO DE PSEUDOARTROSE/RETARDO DE CONSOLIDAÇÃO/PERDA ÓSSEA DA DIÁFISE DO FEMUR, ENCURTAMENTO DE OSSOS LONGOS, RETARDO DE CONSOLIDAÇÃO DA PSEUDOARTROSE DE CLAVIULAR/ESCAPULA, EPIFISIODESE FEMORAL PROXIMAL, RETIRADA DE PLACA/PARAFUSO, DESCOMPRESSÃO COM ESVAZIAMENTO MEDULAR, QUADRICEPSPLATIA, ARTROPLASTIA TOTAL PRIMARIO DO QUADRIL, TRATAOMENTO CIRURGICO DE SINDROME COMPRESSIVA EM TUNEL OSTEO-FIBROSO, TRATAMENTO CIRURGICO PE TORTO, REPARO ROTURA DO MANGUITO ROTADOR, REPARO DE ROTURA DO MANGUITO ROTADOR, ARTROPLASTIA TOTAL PRIMÁRIA DO QUADRIL CIMENTADA E NÃO CIMENTADA, RETIRADA DE PLACA/PARAFUSO, FRATURA DE FEMUR","","","","","","","","","","","","","","","","","","","","",""
"CENTRO NORTE","SCMA - ANÁPOLIS","MÉDIA E ALTA COMPLEXIDADE","URGÊNCIA E EMERGÊNCIA ","UTI PEDIATRICA","PEDIATRIA","REGULAÇÃO PARA O LEITO","SANTA CASA ANAPOLIS - INTERNAÇÕES CLÍNICAS. UNIDADE NÃO DISPÕE DE ISOLAMENTO, NÃO CODIFICAR PACIENTES COM PERFIL DE ISOLAMENTO","","","","","","","","","","","","","","","","","","","","",""
"CENTRO NORTE","SCMA - ANÁPOLIS","MÉDIA E ALTA COMPLEXIDADE","URGÊNCIA E EMERGÊNCIA ","UTI NEONATAL","NEONATOLOGIA","REGULAÇÃO PARA O LEITO","SANTA CASA ANAPOLIS - INTERNAÇÕES CLÍNICAS. UNIDADE NÃO DISPÕE DE ISOLAMENTO, NÃO CODIFICAR PACIENTES COM PERFIL DE ISOLAMENTO","","","","","","","","","","","","","","","","","","","","",""
"CENTRO SUDESTE","SCMC - CATALÃO","MÉDIA E ALTA COMPLEXIDADE","URGÊNCIA E EMERGÊNCIA ","UTI ADULTO","CLÍNICA MÉDICA","REGULAÇÃO PARA O LEITO","SCMC: UTI CLÍNICA. PODERÁ SER AUTORIZADO COTA PARA OS PACIENTES DA UNIDADE (CLÍNICO E CIRÚRGICO). FICARÁ 1 LEITO DE RESERVA TÉCNICA PARA COTA DIRETA.","","","","","","","","","","","","","","","","","","","","",""
"CENTRO SUDESTE","SCMC - CATALÃO","MÉDIA E ALTA COMPLEXIDADE","URGÊNCIA E EMERGÊNCIA ","UTI ADULTO","CLÍNICA MÉDICA","INTERNAÇÃO PRÓPRIA (COTA DIRETA)","SCMC: UTI CLÍNICA. PODERÁ SER AUTORIZADO COTA PARA OS PACIENTES DA UNIDADE (CLÍNICO E CIRÚRGICO). FICARÁ 1 LEITO DE RESERVA TÉCNICA PARA COTA DIRETA.","","","","","","","","","","","","","","","","","","","","",""
"CENTRO SUDESTE","SCMC - CATALÃO","MÉDIA E ALTA COMPLEXIDADE","URGÊNCIA E EMERGÊNCIA ","ENFERMARIA ADULTO","CIRURGIA ELETIVA","INTERNAÇÃO PRÓPRIA (COTA DIRETA)","","","","","","","","","","","","","","","","","","","","","",""
"CENTRO SUDESTE","SCMC - CATALÃO","MÉDIA E ALTA COMPLEXIDADE","URGÊNCIA E EMERGÊNCIA ","ENFERMARIA ADULTO","CLÍNICA MÉDICA","REGULAÇÃO PARA O LEITO","SCMC: ENFERMARIA CLINICA PARA RETAGUARDA DA UTI ","","","","","","","","","","","","","","","","","","","","",""
"CENTRO SUDESTE","SCMC - CATALÃO","MÉDIA E ALTA COMPLEXIDADE","URGÊNCIA E EMERGÊNCIA ","ENFERMARIA ADULTO","CIRURGIA GERAL ","REGULAÇÃO PARA O LEITO","SCMC: CIRURGIA GERAL:APENDICECTOMIA, ESPLENECTOMIA, GASTRORRAFIA, ENTERECTOMIA, COLECTOMIA, HERNIOPLASTIA ENCARCERADA, TORACOTOMIA DE URGÊNCIA, LAPAROTOMIA DE URGÊNCIA, DRENO DE TORAX, 10 COTAS MENSAIS  CIR. GERAL.","","","","","","","","","","","","","","","","","","","","",""
"CENTRO SUDESTE","SYLVIO DE MELLO - MORRINHOS","MÉDIA COMPLEXIDADE","URGÊNCIA E EMERGÊNCIA ","ENFERMARIA ADULTO","UROLOGIA","REGULAÇÃO PARA O LEITO","HOSP. SYLVIO DE MELLO (MORRINHOS): 8 COTAS MENSAIS, SENDO 2 CODIFICAÇÕES POR SEMANA, REALIZADAS DE DOMINGO A QUARTA-FEIRA;

PERFIL URGÊNCIA:  URETEROLITOTRIPSIA TRANSURETEROSCÓPICA SEMIRRÍGIDA E FLEXÍVEL; 
PASSAGEM E RETIRADA DE CATETER DUPLO J; 
URETEROLITÍASE DISTAL, MÉDIA OU PROXIMAL, COM DIÂMETRO INFERIOR A 2,0 CM; 
CÁLCULOS LOCALIZADOS NA PELVE RENAL, COM DIÂMETRO INFERIOR A 2,0 CM.

NÃO É PERFIL:  CÁLCULO > 2 CM;  CÁLCULO CORALIFORME;  NEFROLITOTOMIA PERCUTÂNEA","","","","","","","","","","","","","","","","","","","","",""
"NORDESTE","HEAL - ÁGUAS LINDAS","MÉDIA COMPLEXIDADE","URGÊNCIA E EMERGÊNCIA ","GESTAÇÃO DE ALTO RISCO - GAR","GINECOLOGIA","ENCAMINHAMENTO DE URGÊNCIA ","HEAL: PERFIL: DOR PÉLVICA AGUDA, SANGRAMENTO UTERINO AGUDO, ABORTAMENTO, GRAVIDEZ ECTÓPICA, INFECÇÕES GINECOLÓGICAS GRAVES, COMPLICAÇÕES DE CISTOS OVARIANOS, CORPOS ESTRANHOS GENITAIS E COMPLICAÇÕES PÓS-PROCEDIMENTOS GINECOLÓGICOS.
NÃO PERFIL: VIOLÊNCIA SEXUAL, COMPLICAÇÕES RELACIONADAS A DIU, CASOS QUE DEMANDEM ESPECIALIDADES NÃO DISPONÍVEIS NA UNIDADE (CIRURGIA VASCULAR, NEUROCIRURGIA, CIRURGIA CARDÍACA, UROLOGIA, PROCTOLOGIA, ORTOPEDIA E PEDIATRIA) E PACIENTES QUEIMADOS COM EXTENSA ÁREA CORPORAL ACOMETIDA.","","","","","","","","","","","","","","","","","","","","",""
"NORDESTE","HEAL - ÁGUAS LINDAS","MÉDIA COMPLEXIDADE","URGÊNCIA E EMERGÊNCIA ","GESTAÇÃO DE ALTO RISCO - GAR","GINECOLOGIA","REGULAÇÃO PARA O LEITO","HEAL: PERFIL: DOR PÉLVICA AGUDA, SANGRAMENTO UTERINO AGUDO, ABORTAMENTO, GRAVIDEZ ECTÓPICA, INFECÇÕES GINECOLÓGICAS GRAVES, COMPLICAÇÕES DE CISTOS OVARIANOS, CORPOS ESTRANHOS GENITAIS E COMPLICAÇÕES PÓS-PROCEDIMENTOS GINECOLÓGICOS.
NÃO PERFIL: VIOLÊNCIA SEXUAL, COMPLICAÇÕES RELACIONADAS A DIU, CASOS QUE DEMANDEM ESPECIALIDADES NÃO DISPONÍVEIS NA UNIDADE (CIRURGIA VASCULAR, NEUROCIRURGIA, CIRURGIA CARDÍACA, UROLOGIA, PROCTOLOGIA, ORTOPEDIA E PEDIATRIA) E PACIENTES QUEIMADOS COM EXTENSA ÁREA CORPORAL ACOMETIDA.","","","","","","","","","","","","","","","","","","","","",""
"NORDESTE","HEAL - ÁGUAS LINDAS","MÉDIA COMPLEXIDADE","URGÊNCIA E EMERGÊNCIA ","GESTAÇÃO DE ALTO RISCO - GAR","GINECOLOGIA","INTERNAÇÃO PRÓPRIA (COTA DIRETA)","HEAL: PERFIL: DOR PÉLVICA AGUDA, SANGRAMENTO UTERINO AGUDO, ABORTAMENTO, GRAVIDEZ ECTÓPICA, INFECÇÕES GINECOLÓGICAS GRAVES, COMPLICAÇÕES DE CISTOS OVARIANOS, CORPOS ESTRANHOS GENITAIS E COMPLICAÇÕES PÓS-PROCEDIMENTOS GINECOLÓGICOS.
NÃO PERFIL: VIOLÊNCIA SEXUAL, COMPLICAÇÕES RELACIONADAS A DIU, CASOS QUE DEMANDEM ESPECIALIDADES NÃO DISPONÍVEIS NA UNIDADE (CIRURGIA VASCULAR, NEUROCIRURGIA, CIRURGIA CARDÍACA, UROLOGIA, PROCTOLOGIA, ORTOPEDIA E PEDIATRIA) E PACIENTES QUEIMADOS COM EXTENSA ÁREA CORPORAL ACOMETIDA.","","","","","","","","","","","","","","","","","","","","",""
"","","","","","",""," ","","","","","","","","","","","","","","","","","","","","",""