"Município Solicitante","Município Executante","Distancia"
"Abadia de Goiás","Trindade","17,9"
"Abadia de Goiás","Trindade","17,9"
"Abadia de Goiás","Goiânia","26,9"
"Abadia de Goiás","Goiânia","26,9"
"Abadia de Goiás","Goiânia","26,9"
"Abadia de Goiás","Goiânia","26,9"
"Abadia de Goiás","Goiânia","26,9"
"Abadia de Goiás","Goiânia","26,9"
"Abadia de Goiás","Goiânia","26,9"
"Abadia de Goiás","Goiânia","26,9"
"Abadia de Goiás","Goiânia","26,9"
"Abadia de Goiás","Goiânia","26,9"
"Abadia de Goiás","Goiânia","26,9"
"Abadia de Goiás","Goiânia","26,9"
"Abadia de Goiás","Goiânia","26,9"
"Abadia de Goiás","Goiânia","26,9"
"Abadia de Goiás","Goiânia","26,9"
"Abadia de Goiás","Aparecida de Goiânia","28,8"
"Abadia de Goiás","Anápolis","89,7"
"Abadia de Goiás","São Luís de Montes Belos","126,2"
"Abadia de Goiás","Jaraguá","138,1"
"Abadia de Goiás","Pirenópolis","139,2"
"Abadia de Goiás","Goiás","145,3"
"Abadia de Goiás","Ceres","199,6"
"Abadia de Goiás","Ceres","199,6"
"Abadia de Goiás","Águas Lindas de Goiás","204,3"
"Abadia de Goiás","Luziânia","207,4"
"Abadia de Goiás","Santa Helena de Goiás","208,9"
"Abadia de Goiás","Itumbiara","227,8"
"Abadia de Goiás","Itumbiara","227,8"
"Abadia de Goiás","Catalão","267,6"
"Abadia de Goiás","Catalão","267,6"
"Abadia de Goiás","Catalão","267,6"
"Abadia de Goiás","Catalão","267,6"
"Abadia de Goiás","Uruaçu","300,5"
"Abadia de Goiás","Formosa","314,9"
"Abadia de Goiás","Jataí","326,6"
"Abadia de Goiás","Jataí","326,6"
"Abadia de Goiás","Rio Verde ","209"
"Abadiânia","Anápolis","39,9"
"Abadiânia","Anápolis","39,9"
"Abadiânia","Anápolis","39,9"
"Abadiânia","Pirenópolis","62"
"Abadiânia","Águas Lindas de Goiás","84,2"
"Abadiânia","Goiânia","102,5"
"Abadiânia","Goiânia","102,5"
"Abadiânia","Goiânia","102,5"
"Abadiânia","Goiânia","102,5"
"Abadiânia","Goiânia","102,5"
"Abadiânia","Goiânia","102,5"
"Abadiânia","Goiânia","102,5"
"Abadiânia","Goiânia","102,5"
"Abadiânia","Goiânia","102,5"
"Abadiânia","Goiânia","102,5"
"Abadiânia","Goiânia","102,5"
"Abadiânia","Goiânia","102,5"
"Abadiânia","Luziânia","102,7"
"Abadiânia","Jaraguá","105,9"
"Abadiânia","Aparecida de Goiânia","114,4"
"Abadiânia","Trindade","124,5"
"Abadiânia","Trindade","124,5"
"Abadiânia","Ceres","169,4"
"Abadiânia","Ceres","169,4"
"Abadiânia","Goiás","191,9"
"Abadiânia","Formosa","201,2"
"Abadiânia","São Luís de Montes Belos","223,2"
"Abadiânia","Uruaçu","235,9"
"Abadiânia","Catalão","280,1"
"Abadiânia","Catalão","280,1"
"Abadiânia","Catalão","280,1"
"Abadiânia","Catalão","280,1"
"Abadiânia","Itumbiara","302,3"
"Abadiânia","Itumbiara","302,3"
"Abadiânia","Santa Helena de Goiás","323,5"
"Abadiânia","Jataí","437,8"
"Abadiânia","Jataí","437,8"
"Acreúna","Santa Helena de Goiás","65,9"
"Acreúna","Rio Verde","81,4"
"Acreúna","Rio Verde","81,4"
"Acreúna","São Luís de Montes Belos","123,6"
"Acreúna","Trindade","153,9"
"Acreúna","Trindade","153,9"
"Acreúna","Aparecida de Goiânia","167,2"
"Acreúna","Goiânia","174,7"
"Acreúna","Goiânia","174,7"
"Acreúna","Goiânia","174,7"
"Acreúna","Goiânia","174,7"
"Acreúna","Goiânia","174,7"
"Acreúna","Goiânia","174,7"
"Acreúna","Goiânia","174,7"
"Acreúna","Goiânia","174,7"
"Acreúna","Goiânia","174,7"
"Acreúna","Goiânia","174,7"
"Acreúna","Goiânia","174,7"
"Acreúna","Goiânia","174,7"
"Acreúna","Jataí","187,3"
"Acreúna","Jataí","187,3"
"Acreúna","Goiás","202,5"
"Acreúna","Itumbiara","204,8"
"Acreúna","Itumbiara","204,8"
"Acreúna","Anápolis","236,5"
"Acreúna","Jaraguá","256,4"
"Acreúna","Pirenópolis","274,4"
"Acreúna","Ceres","296"
"Acreúna","Ceres","296"
"Acreúna","Catalão","325,4"
"Acreúna","Catalão","325,4"
"Acreúna","Catalão","325,4"
"Acreúna","Catalão","325,4"
"Acreúna","Águas Lindas de Goiás","345,2"
"Acreúna","Luziânia","345,2"
"Acreúna","Uruaçu","414,7"
"Acreúna","Formosa","453,2"
"Adelândia","São Luís de Montes Belos","33,1"
"Adelândia","Goiás","67,8"
"Adelândia","Trindade","97,2"
"Adelândia","Trindade","97,2"
"Adelândia","Goiânia","124"
"Adelândia","Goiânia","124"
"Adelândia","Goiânia","124"
"Adelândia","Goiânia","124"
"Adelândia","Goiânia","124"
"Adelândia","Goiânia","124"
"Adelândia","Goiânia","124"
"Adelândia","Goiânia","124"
"Adelândia","Goiânia","124"
"Adelândia","Goiânia","124"
"Adelândia","Goiânia","124"
"Adelândia","Goiânia","124"
"Adelândia","Aparecida de Goiânia","132,7"
"Adelândia","Jaraguá","141,7"
"Adelândia","Anápolis","159,5"
"Adelândia","Ceres","168,6"
"Adelândia","Ceres","168,6"
"Adelândia","Pirenópolis","176,3"
"Adelândia","Santa Helena de Goiás","199,5"
"Adelândia","Águas Lindas de Goiás","256,7"
"Adelândia","Jataí","278,5"
"Adelândia","Jataí","278,5"
"Adelândia","Luziânia","284,5"
"Adelândia","Uruaçu","284,5"
"Adelândia","Itumbiara","292,6"
"Adelândia","Itumbiara","292,6"
"Adelândia","Catalão","367,2"
"Adelândia","Catalão","367,2"
"Adelândia","Catalão","367,2"
"Adelândia","Catalão","367,2"
"Adelândia","Formosa","381,1"
"Alexânia","Águas Lindas de Goiás","57"
"Alexânia","Pirenópolis","69,5"
"Alexânia","Anápolis","69,6"
"Alexânia","Anápolis","69,6"
"Alexânia","Anápolis","69,6"
"Alexânia","Luziânia","79,4"
"Alexânia","Jaraguá","121,5"
"Alexânia","Goiânia","129"
"Alexânia","Goiânia","129"
"Alexânia","Goiânia","129"
"Alexânia","Goiânia","129"
"Alexânia","Goiânia","129"
"Alexânia","Goiânia","129"
"Alexânia","Goiânia","129"
"Alexânia","Goiânia","129"
"Alexânia","Goiânia","129"
"Alexânia","Goiânia","129"
"Alexânia","Goiânia","129"
"Alexânia","Goiânia","129"
"Alexânia","Aparecida de Goiânia","139,9"
"Alexânia","Trindade","150,8"
"Alexânia","Trindade","150,8"
"Alexânia","Formosa","171,1"
"Alexânia","Ceres","178,8"
"Alexânia","Ceres","178,8"
"Alexânia","Goiás","215,6"
"Alexânia","Uruaçu","229"
"Alexânia","São Luís de Montes Belos","245,9"
"Alexânia","Catalão","287"
"Alexânia","Catalão","287"
"Alexânia","Catalão","287"
"Alexânia","Catalão","287"
"Alexânia","Itumbiara","323,2"
"Alexânia","Itumbiara","323,2"
"Alexânia","Santa Helena de Goiás","352,6"
"Alexânia","Jataí","466,9"
"Alexânia","Jataí","466,9"
"Aloândia","Itumbiara","102,2"
"Aloândia","Itumbiara","102,2"
"Aloândia","Itumbiara","102,2"
"Aloândia","Aparecida de Goiânia","127,9"
"Aloândia","Goiânia","145,3"
"Aloândia","Goiânia","145,3"
"Aloândia","Goiânia","145,3"
"Aloândia","Goiânia","145,3"
"Aloândia","Goiânia","145,3"
"Aloândia","Goiânia","145,3"
"Aloândia","Goiânia","145,3"
"Aloândia","Goiânia","145,3"
"Aloândia","Goiânia","145,3"
"Aloândia","Goiânia","145,3"
"Aloândia","Goiânia","145,3"
"Aloândia","Goiânia","145,3"
"Aloândia","Santa Helena de Goiás","146,4"
"Aloândia","Trindade","147,4"
"Aloândia","Trindade","147,4"
"Aloândia","São Luís de Montes Belos","202,5"
"Aloândia","Anápolis","203,6"
"Aloândia","Catalão","208,2"
"Aloândia","Catalão","208,2"
"Aloândia","Catalão","208,2"
"Aloândia","Catalão","208,2"
"Aloândia","Goiás","254,2"
"Aloândia","Pirenópolis","259,2"
"Aloândia","Jaraguá","264,4"
"Aloândia","Luziânia","277,1"
"Aloândia","Jataí","285,7"
"Aloândia","Jataí","285,7"
"Aloândia","Águas Lindas de Goiás","303,7"
"Aloândia","Ceres","323,8"
"Aloândia","Ceres","323,8"
"Aloândia","Formosa","400,2"
"Aloândia","Uruaçu","422,7"
"Alto Horizonte","Uruaçu","55,6"
"Alto Horizonte","Ceres","155,5"
"Alto Horizonte","Ceres","155,5"
"Alto Horizonte","Jaraguá","212,7"
"Alto Horizonte","Pirenópolis","231,6"
"Alto Horizonte","Águas Lindas de Goiás","249,1"
"Alto Horizonte","Goiás","253,6"
"Alto Horizonte","Anápolis","288,5"
"Alto Horizonte","Formosa","314"
"Alto Horizonte","Luziânia","327,4"
"Alto Horizonte","Trindade","328,1"
"Alto Horizonte","Trindade","328,1"
"Alto Horizonte","Goiânia","332,2"
"Alto Horizonte","Goiânia","332,2"
"Alto Horizonte","Goiânia","332,2"
"Alto Horizonte","Goiânia","332,2"
"Alto Horizonte","Goiânia","332,2"
"Alto Horizonte","Goiânia","332,2"
"Alto Horizonte","Goiânia","332,2"
"Alto Horizonte","Goiânia","332,2"
"Alto Horizonte","Goiânia","332,2"
"Alto Horizonte","Goiânia","332,2"
"Alto Horizonte","Goiânia","332,2"
"Alto Horizonte","Goiânia","332,2"
"Alto Horizonte","São Luís de Montes Belos","337,4"
"Alto Horizonte","Aparecida de Goiânia","350"
"Alto Horizonte","Santa Helena de Goiás","500,1"
"Alto Horizonte","Catalão","549,4"
"Alto Horizonte","Catalão","549,4"
"Alto Horizonte","Catalão","549,4"
"Alto Horizonte","Catalão","549,4"
"Alto Horizonte","Itumbiara","552,8"
"Alto Horizonte","Itumbiara","552,8"
"Alto Horizonte","Jataí","568,8"
"Alto Horizonte","Jataí","568,8"
"Alto Paraíso de Goiás","Formosa","194,1"
"Alto Paraíso de Goiás","Uruaçu","222,5"
"Alto Paraíso de Goiás","Águas Lindas de Goiás","245,3"
"Alto Paraíso de Goiás","Luziânia","288,8"
"Alto Paraíso de Goiás","Pirenópolis","295,9"
"Alto Paraíso de Goiás","Ceres","312"
"Alto Paraíso de Goiás","Ceres","312"
"Alto Paraíso de Goiás","Jaraguá","319,7"
"Alto Paraíso de Goiás","Anápolis","347,2"
"Alto Paraíso de Goiás","Goiânia","409"
"Alto Paraíso de Goiás","Goiânia","409"
"Alto Paraíso de Goiás","Goiânia","409"
"Alto Paraíso de Goiás","Goiânia","409"
"Alto Paraíso de Goiás","Goiânia","409"
"Alto Paraíso de Goiás","Goiânia","409"
"Alto Paraíso de Goiás","Goiânia","409"
"Alto Paraíso de Goiás","Goiânia","409"
"Alto Paraíso de Goiás","Goiânia","409"
"Alto Paraíso de Goiás","Goiânia","409"
"Alto Paraíso de Goiás","Goiânia","409"
"Alto Paraíso de Goiás","Goiânia","409"
"Alto Paraíso de Goiás","Trindade","415,1"
"Alto Paraíso de Goiás","Trindade","415,1"
"Alto Paraíso de Goiás","Aparecida de Goiânia","415,6"
"Alto Paraíso de Goiás","Goiás","415,6"
"Alto Paraíso de Goiás","São Luís de Montes Belos","479,2"
"Alto Paraíso de Goiás","Catalão","532,3"
"Alto Paraíso de Goiás","Catalão","532,3"
"Alto Paraíso de Goiás","Catalão","532,3"
"Alto Paraíso de Goiás","Catalão","532,3"
"Alto Paraíso de Goiás","Itumbiara","601,1"
"Alto Paraíso de Goiás","Itumbiara","601,1"
"Alto Paraíso de Goiás","Santa Helena de Goiás","620,4"
"Alto Paraíso de Goiás","Jataí","723,7"
"Alto Paraíso de Goiás","Jataí","723,7"
"Alvorada do Norte","Formosa","183"
"Alvorada do Norte","Águas Lindas de Goiás","287,2"
"Alvorada do Norte","Luziânia","302"
"Alvorada do Norte","Uruaçu","342,2"
"Alvorada do Norte","Pirenópolis","366,6"
"Alvorada do Norte","Anápolis","401,4"
"Alvorada do Norte","Jaraguá","403,8"
"Alvorada do Norte","Ceres","415,8"
"Alvorada do Norte","Ceres","415,8"
"Alvorada do Norte","Goiânia","454,7"
"Alvorada do Norte","Goiânia","454,7"
"Alvorada do Norte","Goiânia","454,7"
"Alvorada do Norte","Goiânia","454,7"
"Alvorada do Norte","Goiânia","454,7"
"Alvorada do Norte","Goiânia","454,7"
"Alvorada do Norte","Goiânia","454,7"
"Alvorada do Norte","Goiânia","454,7"
"Alvorada do Norte","Goiânia","454,7"
"Alvorada do Norte","Goiânia","454,7"
"Alvorada do Norte","Goiânia","454,7"
"Alvorada do Norte","Goiânia","454,7"
"Alvorada do Norte","Aparecida de Goiânia","464,2"
"Alvorada do Norte","Trindade","474,5"
"Alvorada do Norte","Trindade","474,5"
"Alvorada do Norte","Goiás","499,8"
"Alvorada do Norte","Catalão","517,1"
"Alvorada do Norte","Catalão","517,1"
"Alvorada do Norte","Catalão","517,1"
"Alvorada do Norte","Catalão","517,1"
"Alvorada do Norte","São Luís de Montes Belos","559,1"
"Alvorada do Norte","Itumbiara","619,1"
"Alvorada do Norte","Itumbiara","619,1"
"Alvorada do Norte","Santa Helena de Goiás","677,4"
"Alvorada do Norte","Jataí","795,6"
"Alvorada do Norte","Jataí","795,6"
"Amaralina","Uruaçu","87,4"
"Amaralina","Ceres","193,4"
"Amaralina","Ceres","193,4"
"Amaralina","Jaraguá","244,2"
"Amaralina","Pirenópolis","260,8"
"Amaralina","Águas Lindas de Goiás","278"
"Amaralina","Goiás","289,4"
"Amaralina","Anápolis","323,9"
"Amaralina","Formosa","332,3"
"Amaralina","Luziânia","355,9"
"Amaralina","Trindade","364,9"
"Amaralina","Trindade","364,9"
"Amaralina","Goiânia","368,6"
"Amaralina","Goiânia","368,6"
"Amaralina","Goiânia","368,6"
"Amaralina","Goiânia","368,6"
"Amaralina","Goiânia","368,6"
"Amaralina","Goiânia","368,6"
"Amaralina","Goiânia","368,6"
"Amaralina","Goiânia","368,6"
"Amaralina","Goiânia","368,6"
"Amaralina","Goiânia","368,6"
"Amaralina","Goiânia","368,6"
"Amaralina","Goiânia","368,6"
"Amaralina","São Luís de Montes Belos","373,3"
"Amaralina","Aparecida de Goiânia","386,5"
"Amaralina","Santa Helena de Goiás","536"
"Amaralina","Catalão","582,1"
"Amaralina","Catalão","582,1"
"Amaralina","Catalão","582,1"
"Amaralina","Catalão","582,1"
"Amaralina","Itumbiara","588,7"
"Amaralina","Itumbiara","588,7"
"Amaralina","Jataí","602,3"
"Amaralina","Jataí","602,3"
"Americano do Brasil","Goiás","51,6"
"Americano do Brasil","São Luís de Montes Belos","65"
"Americano do Brasil","Trindade","87,2"
"Americano do Brasil","Trindade","87,2"
"Americano do Brasil","Jaraguá","112,8"
"Americano do Brasil","Goiânia","115,1"
"Americano do Brasil","Goiânia","115,1"
"Americano do Brasil","Goiânia","115,1"
"Americano do Brasil","Goiânia","115,1"
"Americano do Brasil","Goiânia","115,1"
"Americano do Brasil","Goiânia","115,1"
"Americano do Brasil","Goiânia","115,1"
"Americano do Brasil","Goiânia","115,1"
"Americano do Brasil","Goiânia","115,1"
"Americano do Brasil","Goiânia","115,1"
"Americano do Brasil","Goiânia","115,1"
"Americano do Brasil","Goiânia","115,1"
"Americano do Brasil","Aparecida de Goiânia","124"
"Americano do Brasil","Anápolis","135,7"
"Americano do Brasil","Ceres","138,7"
"Americano do Brasil","Ceres","138,7"
"Americano do Brasil","Pirenópolis","145,4"
"Americano do Brasil","Santa Helena de Goiás","228"
"Americano do Brasil","Águas Lindas de Goiás","233,5"
"Americano do Brasil","Uruaçu","254,8"
"Americano do Brasil","Luziânia","260,4"
"Americano do Brasil","Itumbiara","304,1"
"Americano do Brasil","Itumbiara","304,1"
"Americano do Brasil","Jataí","310,2"
"Americano do Brasil","Jataí","310,2"
"Americano do Brasil","Formosa","352,6"
"Americano do Brasil","Catalão","364,4"
"Americano do Brasil","Catalão","364,4"
"Americano do Brasil","Catalão","364,4"
"Americano do Brasil","Catalão","364,4"
"Amorinópolis","São Luís de Montes Belos","98,3"
"Amorinópolis","Goiás","156"
"Amorinópolis","Santa Helena de Goiás","175,9"
"Amorinópolis","Jataí","191,3"
"Amorinópolis","Jataí","191,3"
"Amorinópolis","Trindade","209,6"
"Amorinópolis","Trindade","209,6"
"Amorinópolis","Goiânia","239,7"
"Amorinópolis","Goiânia","239,7"
"Amorinópolis","Goiânia","239,7"
"Amorinópolis","Goiânia","239,7"
"Amorinópolis","Goiânia","239,7"
"Amorinópolis","Goiânia","239,7"
"Amorinópolis","Goiânia","239,7"
"Amorinópolis","Goiânia","239,7"
"Amorinópolis","Goiânia","239,7"
"Amorinópolis","Goiânia","239,7"
"Amorinópolis","Goiânia","239,7"
"Amorinópolis","Goiânia","239,7"
"Amorinópolis","Aparecida de Goiânia","243,3"
"Amorinópolis","Jaraguá","252,8"
"Amorinópolis","Ceres","259,1"
"Amorinópolis","Ceres","259,1"
"Amorinópolis","Anápolis","276,4"
"Amorinópolis","Pirenópolis","291,7"
"Amorinópolis","Itumbiara","338"
"Amorinópolis","Itumbiara","338"
"Amorinópolis","Uruaçu","375,2"
"Amorinópolis","Águas Lindas de Goiás","377,6"
"Amorinópolis","Luziânia","405"
"Amorinópolis","Catalão","443,6"
"Amorinópolis","Catalão","443,6"
"Amorinópolis","Catalão","443,6"
"Amorinópolis","Catalão","443,6"
"Amorinópolis","Formosa","493,9"
"Anhanguera","Catalão","45,8"
"Anhanguera","Catalão","45,8"
"Anhanguera","Catalão","45,8"
"Anhanguera","Catalão","45,8"
"Anhanguera","Itumbiara","129,6"
"Anhanguera","Itumbiara","129,6"
"Anhanguera","Caldas Novas","164"
"Anhanguera","Aparecida de Goiânia","240,6"
"Anhanguera","Goiânia","256,8"
"Anhanguera","Goiânia","256,8"
"Anhanguera","Goiânia","256,8"
"Anhanguera","Goiânia","256,8"
"Anhanguera","Goiânia","256,8"
"Anhanguera","Goiânia","256,8"
"Anhanguera","Goiânia","256,8"
"Anhanguera","Goiânia","256,8"
"Anhanguera","Goiânia","256,8"
"Anhanguera","Goiânia","256,8"
"Anhanguera","Goiânia","256,8"
"Anhanguera","Goiânia","256,8"
"Anhanguera","Trindade","276,7"
"Anhanguera","Trindade","276,7"
"Anhanguera","Luziânia","279,8"
"Anhanguera","Anápolis","283,4"
"Anhanguera","Santa Helena de Goiás","309,5"
"Anhanguera","Águas Lindas de Goiás","343,3"
"Anhanguera","Pirenópolis","344,4"
"Anhanguera","São Luís de Montes Belos","365,5"
"Anhanguera","Jaraguá","372,6"
"Anhanguera","Formosa","389,5"
"Anhanguera","Goiás","403,1"
"Anhanguera","Ceres","433,4"
"Anhanguera","Ceres","433,4"
"Anhanguera","Jataí","440,6"
"Anhanguera","Jataí","440,6"
"Anhanguera","Uruaçu","513,2"
"Anicuns","São Luís de Montes Belos","58,5"
"Anicuns","Trindade","68,8"
"Anicuns","Trindade","68,8"
"Anicuns","Goiás","78,7"
"Anicuns","Goiânia","99,4"
"Anicuns","Goiânia","99,4"
"Anicuns","Goiânia","99,4"
"Anicuns","Goiânia","99,4"
"Anicuns","Goiânia","99,4"
"Anicuns","Goiânia","99,4"
"Anicuns","Goiânia","99,4"
"Anicuns","Goiânia","99,4"
"Anicuns","Goiânia","99,4"
"Anicuns","Goiânia","99,4"
"Anicuns","Goiânia","99,4"
"Anicuns","Goiânia","99,4"
"Anicuns","Goiânia","99,4"
"Anicuns","Goiânia","99,4"
"Anicuns","Goiânia","99,4"
"Anicuns","Aparecida de Goiânia","109"
"Anicuns","Jaraguá","127,6"
"Anicuns","Anápolis","133,7"
"Anicuns","Pirenópolis","156,2"
"Anicuns","Ceres","165,4"
"Anicuns","Ceres","165,4"
"Anicuns","Santa Helena de Goiás","202,1"
"Anicuns","Águas Lindas de Goiás","240,7"
"Anicuns","Luziânia","259,1"
"Anicuns","Itumbiara","276,4"
"Anicuns","Itumbiara","276,4"
"Anicuns","Uruaçu","279,7"
"Anicuns","Jataí","293"
"Anicuns","Jataí","293"
"Anicuns","Catalão","343"
"Anicuns","Catalão","343"
"Anicuns","Catalão","343"
"Anicuns","Catalão","343"
"Anicuns","Formosa","358,6"
"Anápolis","Anápolis","0"
"Anápolis","Anápolis","0"
"Anápolis","Anápolis","0"
"Anápolis","Goiânia","65,9"
"Anápolis","Goiânia","65,9"
"Anápolis","Goiânia","65,9"
"Anápolis","Goiânia","65,9"
"Anápolis","Goiânia","65,9"
"Anápolis","Goiânia","65,9"
"Anápolis","Goiânia","65,9"
"Anápolis","Goiânia","65,9"
"Anápolis","Goiânia","65,9"
"Anápolis","Goiânia","65,9"
"Anápolis","Goiânia","65,9"
"Anápolis","Goiânia","65,9"
"Anápolis","Pirenópolis","67,4"
"Anápolis","Aparecida de Goiânia","80"
"Anápolis","Trindade","86,2"
"Anápolis","Trindade","86,2"
"Anápolis","Jaraguá","96,3"
"Anápolis","Águas Lindas de Goiás","121,3"
"Anápolis","Luziânia","132,1"
"Anápolis","Ceres","163,7"
"Anápolis","Ceres","163,7"
"Anápolis","Goiás","165,1"
"Anápolis","São Luís de Montes Belos","188,1"
"Anápolis","Formosa","238,3"
"Anápolis","Uruaçu","241,9"
"Anápolis","Catalão","276,8"
"Anápolis","Catalão","276,8"
"Anápolis","Itumbiara","279,7"
"Anápolis","Itumbiara","279,7"
"Anápolis","Santa Helena de Goiás","288,5"
"Anápolis","Jataí","409,1"
"Anápolis","Jataí","409,1"
"Aparecida de Goiânia","Aparecida de Goiânia","0"
"Aparecida de Goiânia","Goiânia","20,6"
"Aparecida de Goiânia","Goiânia","20,6"
"Aparecida de Goiânia","Goiânia","20,6"
"Aparecida de Goiânia","Goiânia","20,6"
"Aparecida de Goiânia","Goiânia","20,6"
"Aparecida de Goiânia","Goiânia","20,6"
"Aparecida de Goiânia","Goiânia","20,6"
"Aparecida de Goiânia","Goiânia","20,6"
"Aparecida de Goiânia","Goiânia","20,6"
"Aparecida de Goiânia","Goiânia","20,6"
"Aparecida de Goiânia","Goiânia","20,6"
"Aparecida de Goiânia","Goiânia","20,6"
"Aparecida de Goiânia","Senador Canedo","31,7"
"Aparecida de Goiânia","Trindade","42,5"
"Aparecida de Goiânia","Trindade","42,5"
"Aparecida de Goiânia","Anápolis","80"
"Aparecida de Goiânia","Pirenópolis","137,9"
"Aparecida de Goiânia","Jaraguá","146,4"
"Aparecida de Goiânia","São Luís de Montes Belos","153"
"Aparecida de Goiânia","Goiás","168,6"
"Aparecida de Goiânia","Luziânia","186,8"
"Aparecida de Goiânia","Águas Lindas de Goiás","192,4"
"Aparecida de Goiânia","Ceres","212,2"
"Aparecida de Goiânia","Ceres","212,2"
"Aparecida de Goiânia","Itumbiara","217,5"
"Aparecida de Goiânia","Itumbiara","217,5"
"Aparecida de Goiânia","Santa Helena de Goiás","222,5"
"Aparecida de Goiânia","Catalão","244,4"
"Aparecida de Goiânia","Catalão","244,4"
"Aparecida de Goiânia","Catalão","244,4"
"Aparecida de Goiânia","Catalão","244,4"
"Aparecida de Goiânia","Formosa","298,4"
"Aparecida de Goiânia","Uruaçu","306,7"
"Aparecida de Goiânia","Jataí","345,2"
"Aparecida de Goiânia","Jataí","345,2"
"Aparecida do Rio Doce","Rio Verde","70,9"
"Aparecida do Rio Doce","Rio Verde","70,9"
"Aparecida do Rio Doce","Jataí","96,3"
"Aparecida do Rio Doce","Jataí","96,3"
"Aparecida do Rio Doce","Santa Helena de Goiás","100,8"
"Aparecida do Rio Doce","Itumbiara","245,6"
"Aparecida do Rio Doce","Itumbiara","245,6"
"Aparecida do Rio Doce","São Luís de Montes Belos","256,6"
"Aparecida do Rio Doce","Trindade","304,3"
"Aparecida do Rio Doce","Trindade","304,3"
"Aparecida do Rio Doce","Aparecida de Goiânia","312,1"
"Aparecida do Rio Doce","Goiânia","322,1"
"Aparecida do Rio Doce","Goiânia","322,1"
"Aparecida do Rio Doce","Goiânia","322,1"
"Aparecida do Rio Doce","Goiânia","322,1"
"Aparecida do Rio Doce","Goiânia","322,1"
"Aparecida do Rio Doce","Goiânia","322,1"
"Aparecida do Rio Doce","Goiânia","322,1"
"Aparecida do Rio Doce","Goiânia","322,1"
"Aparecida do Rio Doce","Goiânia","322,1"
"Aparecida do Rio Doce","Goiânia","322,1"
"Aparecida do Rio Doce","Goiânia","322,1"
"Aparecida do Rio Doce","Goiânia","322,1"
"Aparecida do Rio Doce","Goiás","340,4"
"Aparecida do Rio Doce","Anápolis","383,8"
"Aparecida do Rio Doce","Catalão","406,9"
"Aparecida do Rio Doce","Catalão","406,9"
"Aparecida do Rio Doce","Catalão","406,9"
"Aparecida do Rio Doce","Catalão","406,9"
"Aparecida do Rio Doce","Jaraguá","410,8"
"Aparecida do Rio Doce","Pirenópolis","422,4"
"Aparecida do Rio Doce","Ceres","437,8"
"Aparecida do Rio Doce","Ceres","437,8"
"Aparecida do Rio Doce","Luziânia","482,3"
"Aparecida do Rio Doce","Águas Lindas de Goiás","489,9"
"Aparecida do Rio Doce","Uruaçu","555,8"
"Aparecida do Rio Doce","Formosa","599,9"
"Aporé","Jataí","150,3"
"Aporé","Jataí","150,3"
"Aporé","Santa Helena de Goiás","233"
"Aporé","Mineiros","246"
"Aporé","Itumbiara","350"
"Aporé","Itumbiara","350"
"Aporé","São Luís de Montes Belos","380,5"
"Aporé","Trindade","428,9"
"Aporé","Trindade","428,9"
"Aporé","Aparecida de Goiânia","436,5"
"Aporé","Goiânia","446,5"
"Aporé","Goiânia","446,5"
"Aporé","Goiânia","446,5"
"Aporé","Goiânia","446,5"
"Aporé","Goiânia","446,5"
"Aporé","Goiânia","446,5"
"Aporé","Goiânia","446,5"
"Aporé","Goiânia","446,5"
"Aporé","Goiânia","446,5"
"Aporé","Goiânia","446,5"
"Aporé","Goiânia","446,5"
"Aporé","Goiânia","446,5"
"Aporé","Goiás","455,6"
"Aporé","Catalão","505,9"
"Aporé","Catalão","505,9"
"Aporé","Catalão","505,9"
"Aporé","Catalão","505,9"
"Aporé","Anápolis","507,2"
"Aporé","Jaraguá","531,2"
"Aporé","Pirenópolis","551,6"
"Aporé","Ceres","561,1"
"Aporé","Ceres","561,1"
"Aporé","Luziânia","610,8"
"Aporé","Águas Lindas de Goiás","619,7"
"Aporé","Uruaçu","679,1"
"Aporé","Formosa","729,1"
"Aragarças","São Luís de Montes Belos","253,1"
"Aragarças","Goiás","269,2"
"Aragarças","Jataí","272,6"
"Aragarças","Jataí","272,6"
"Aragarças","Santa Helena de Goiás","330,5"
"Aragarças","Ceres","347,9"
"Aragarças","Ceres","347,9"
"Aragarças","Trindade","365,8"
"Aragarças","Trindade","365,8"
"Aragarças","Jaraguá","373,1"
"Aragarças","Goiânia","395,2"
"Aragarças","Goiânia","395,2"
"Aragarças","Goiânia","395,2"
"Aragarças","Goiânia","395,2"
"Aragarças","Goiânia","395,2"
"Aragarças","Goiânia","395,2"
"Aragarças","Goiânia","395,2"
"Aragarças","Goiânia","395,2"
"Aragarças","Goiânia","395,2"
"Aragarças","Goiânia","395,2"
"Aragarças","Goiânia","395,2"
"Aragarças","Goiânia","395,2"
"Aragarças","Aparecida de Goiânia","402,2"
"Aragarças","Pirenópolis","413,8"
"Aragarças","Anápolis","417,8"
"Aragarças","Uruaçu","431,5"
"Aragarças","Águas Lindas de Goiás","499,6"
"Aragarças","Itumbiara","502,2"
"Aragarças","Itumbiara","502,2"
"Aragarças","Luziânia","542,6"
"Aragarças","Catalão","615,5"
"Aragarças","Catalão","615,5"
"Aragarças","Catalão","615,5"
"Aragarças","Catalão","615,5"
"Aragarças","Formosa","620,7"
"Aragoiânia","Aparecida de Goiânia","31"
"Aragoiânia","Trindade","38,3"
"Aragoiânia","Trindade","38,3"
"Aragoiânia","Goiânia","41,6"
"Aragoiânia","Goiânia","41,6"
"Aragoiânia","Goiânia","41,6"
"Aragoiânia","Goiânia","41,6"
"Aragoiânia","Goiânia","41,6"
"Aragoiânia","Goiânia","41,6"
"Aragoiânia","Goiânia","41,6"
"Aragoiânia","Goiânia","41,6"
"Aragoiânia","Goiânia","41,6"
"Aragoiânia","Goiânia","41,6"
"Aragoiânia","Goiânia","41,6"
"Aragoiânia","Goiânia","41,6"
"Aragoiânia","Senador Canedo","52,2"
"Aragoiânia","Anápolis","105,8"
"Aragoiânia","São Luís de Montes Belos","132,2"
"Aragoiânia","Pirenópolis","158,3"
"Aragoiânia","Jaraguá","158,8"
"Aragoiânia","Goiás","161,4"
"Aragoiânia","Santa Helena de Goiás","194,3"
"Aragoiânia","Itumbiara","207,5"
"Aragoiânia","Itumbiara","207,5"
"Aragoiânia","Luziânia","215,9"
"Aragoiânia","Águas Lindas de Goiás","219,2"
"Aragoiânia","Ceres","220"
"Aragoiânia","Ceres","220"
"Aragoiânia","Catalão","254,4"
"Aragoiânia","Catalão","254,4"
"Aragoiânia","Catalão","254,4"
"Aragoiânia","Catalão","254,4"
"Aragoiânia","Jataí","317"
"Aragoiânia","Jataí","317"
"Aragoiânia","Uruaçu","320,6"
"Aragoiânia","Formosa","326,3"
"Araguapaz","Goiás","132,2"
"Araguapaz","Ceres","139,2"
"Araguapaz","Ceres","139,2"
"Araguapaz","Jaraguá","193,5"
"Araguapaz","São Luís de Montes Belos","198,5"
"Araguapaz","Uruaçu","211,9"
"Araguapaz","Pirenópolis","243,8"
"Araguapaz","Trindade","254,4"
"Araguapaz","Trindade","254,4"
"Araguapaz","Anápolis","271,6"
"Araguapaz","Goiânia","275,9"
"Araguapaz","Goiânia","275,9"
"Araguapaz","Goiânia","275,9"
"Araguapaz","Goiânia","275,9"
"Araguapaz","Goiânia","275,9"
"Araguapaz","Goiânia","275,9"
"Araguapaz","Goiânia","275,9"
"Araguapaz","Goiânia","275,9"
"Araguapaz","Goiânia","275,9"
"Araguapaz","Goiânia","275,9"
"Araguapaz","Goiânia","275,9"
"Araguapaz","Goiânia","275,9"
"Araguapaz","Aparecida de Goiânia","291,1"
"Araguapaz","Águas Lindas de Goiás","315,2"
"Araguapaz","Santa Helena de Goiás","363"
"Araguapaz","Luziânia","377,8"
"Araguapaz","Jataí","397,2"
"Araguapaz","Jataí","397,2"
"Araguapaz","Formosa","421"
"Araguapaz","Itumbiara","470,3"
"Araguapaz","Itumbiara","470,3"
"Araguapaz","Catalão","526,2"
"Araguapaz","Catalão","526,2"
"Araguapaz","Catalão","526,2"
"Araguapaz","Catalão","526,2"
"Araçu","Trindade","50,8"
"Araçu","Trindade","50,8"
"Araçu","Goiânia","73,2"
"Araçu","Goiânia","73,2"
"Araçu","Goiânia","73,2"
"Araçu","Goiânia","73,2"
"Araçu","Goiânia","73,2"
"Araçu","Goiânia","73,2"
"Araçu","Goiânia","73,2"
"Araçu","Goiânia","73,2"
"Araçu","Goiânia","73,2"
"Araçu","Goiânia","73,2"
"Araçu","Goiânia","73,2"
"Araçu","Goiânia","73,2"
"Araçu","Goiânia","73,2"
"Araçu","Goiânia","73,2"
"Araçu","Goiânia","73,2"
"Araçu","Goiás","86,4"
"Araçu","Aparecida de Goiânia","87,9"
"Araçu","São Luís de Montes Belos","96,6"
"Araçu","Jaraguá","97,3"
"Araçu","Anápolis","98,7"
"Araçu","Pirenópolis","121,2"
"Araçu","Ceres","144"
"Araçu","Ceres","144"
"Araçu","Águas Lindas de Goiás","201"
"Araçu","Luziânia","227,5"
"Araçu","Santa Helena de Goiás","232,3"
"Araçu","Uruaçu","254,2"
"Araçu","Itumbiara","280,2"
"Araçu","Itumbiara","280,2"
"Araçu","Formosa","319,8"
"Araçu","Catalão","327,5"
"Araçu","Catalão","327,5"
"Araçu","Catalão","327,5"
"Araçu","Catalão","327,5"
"Araçu","Jataí","330"
"Araçu","Jataí","330"
"Arenópolis","São Luís de Montes Belos","156,5"
"Arenópolis","Goiás","195,9"
"Arenópolis","Jataí","205,5"
"Arenópolis","Jataí","205,5"
"Arenópolis","Santa Helena de Goiás","232"
"Arenópolis","Trindade","266,4"
"Arenópolis","Trindade","266,4"
"Arenópolis","Ceres","289,3"
"Arenópolis","Ceres","289,3"
"Arenópolis","Goiânia","295,9"
"Arenópolis","Goiânia","295,9"
"Arenópolis","Goiânia","295,9"
"Arenópolis","Goiânia","295,9"
"Arenópolis","Goiânia","295,9"
"Arenópolis","Goiânia","295,9"
"Arenópolis","Goiânia","295,9"
"Arenópolis","Goiânia","295,9"
"Arenópolis","Goiânia","295,9"
"Arenópolis","Goiânia","295,9"
"Arenópolis","Goiânia","295,9"
"Arenópolis","Goiânia","295,9"
"Arenópolis","Jaraguá","297,1"
"Arenópolis","Aparecida de Goiânia","301"
"Arenópolis","Anápolis","333,4"
"Arenópolis","Pirenópolis","340,6"
"Arenópolis","Uruaçu","397,7"
"Arenópolis","Itumbiara","402,4"
"Arenópolis","Itumbiara","402,4"
"Arenópolis","Águas Lindas de Goiás","420,9"
"Arenópolis","Luziânia","454,4"
"Arenópolis","Catalão","509,4"
"Arenópolis","Catalão","509,4"
"Arenópolis","Catalão","509,4"
"Arenópolis","Catalão","509,4"
"Arenópolis","Formosa","543,6"
"Aruanã","Goiás","185,9"
"Aruanã","Ceres","202"
"Aruanã","Ceres","202"
"Aruanã","São Luís de Montes Belos","238,1"
"Aruanã","Jaraguá","250,2"
"Aruanã","Uruaçu","255,2"
"Aruanã","Pirenópolis","299,5"
"Aruanã","Trindade","308"
"Aruanã","Trindade","308"
"Aruanã","Goiânia","331,3"
"Aruanã","Goiânia","331,3"
"Aruanã","Goiânia","331,3"
"Aruanã","Goiânia","331,3"
"Aruanã","Goiânia","331,3"
"Aruanã","Goiânia","331,3"
"Aruanã","Goiânia","331,3"
"Aruanã","Goiânia","331,3"
"Aruanã","Goiânia","331,3"
"Aruanã","Goiânia","331,3"
"Aruanã","Goiânia","331,3"
"Aruanã","Goiânia","331,3"
"Aruanã","Anápolis","331,4"
"Aruanã","Aparecida de Goiânia","345,7"
"Aruanã","Águas Lindas de Goiás","376,7"
"Aruanã","Santa Helena de Goiás","391,1"
"Aruanã","Jataí","403,8"
"Aruanã","Jataí","403,8"
"Aruanã","Luziânia","432,1"
"Aruanã","Formosa","480,3"
"Aruanã","Itumbiara","514,4"
"Aruanã","Itumbiara","514,4"
"Aruanã","Catalão","580,3"
"Aruanã","Catalão","580,3"
"Aruanã","Catalão","580,3"
"Aruanã","Catalão","580,3"
"Aurilândia","São Luís de Montes Belos","27,5"
"Aurilândia","Goiás","113,9"
"Aurilândia","Trindade","127,3"
"Aurilândia","Trindade","127,3"
"Aurilândia","Santa Helena de Goiás","156,1"
"Aurilândia","Goiânia","157,2"
"Aurilândia","Goiânia","157,2"
"Aurilândia","Goiânia","157,2"
"Aurilândia","Goiânia","157,2"
"Aurilândia","Goiânia","157,2"
"Aurilândia","Goiânia","157,2"
"Aurilândia","Goiânia","157,2"
"Aurilândia","Goiânia","157,2"
"Aurilândia","Goiânia","157,2"
"Aurilândia","Goiânia","157,2"
"Aurilândia","Goiânia","157,2"
"Aurilândia","Goiânia","157,2"
"Aurilândia","Aparecida de Goiânia","160,6"
"Aurilândia","Jaraguá","195"
"Aurilândia","Anápolis","203,8"
"Aurilândia","Ceres","219,3"
"Aurilândia","Ceres","219,3"
"Aurilândia","Pirenópolis","227,7"
"Aurilândia","Jataí","232,2"
"Aurilândia","Jataí","232,2"
"Aurilândia","Itumbiara","280,4"
"Aurilândia","Itumbiara","280,4"
"Aurilândia","Águas Lindas de Goiás","305,2"
"Aurilândia","Luziânia","326,6"
"Aurilândia","Uruaçu","334"
"Aurilândia","Catalão","377,3"
"Aurilândia","Catalão","377,3"
"Aurilândia","Catalão","377,3"
"Aurilândia","Catalão","377,3"
"Aurilândia","Formosa","421,5"
"Avelinópolis","Trindade","46,1"
"Avelinópolis","Trindade","46,1"
"Avelinópolis","Goiânia","73,7"
"Avelinópolis","Goiânia","73,7"
"Avelinópolis","Goiânia","73,7"
"Avelinópolis","Goiânia","73,7"
"Avelinópolis","Goiânia","73,7"
"Avelinópolis","Goiânia","73,7"
"Avelinópolis","Goiânia","73,7"
"Avelinópolis","Goiânia","73,7"
"Avelinópolis","Goiânia","73,7"
"Avelinópolis","Goiânia","73,7"
"Avelinópolis","Goiânia","73,7"
"Avelinópolis","Goiânia","73,7"
"Avelinópolis","Goiânia","73,7"
"Avelinópolis","Goiânia","73,7"
"Avelinópolis","Goiânia","73,7"
"Avelinópolis","São Luís de Montes Belos","83,6"
"Avelinópolis","Aparecida de Goiânia","85,2"
"Avelinópolis","Goiás","91,4"
"Avelinópolis","Anápolis","110,7"
"Avelinópolis","Jaraguá","116,1"
"Avelinópolis","Pirenópolis","134,7"
"Avelinópolis","Ceres","160,1"
"Avelinópolis","Ceres","160,1"
"Avelinópolis","Santa Helena de Goiás","214,1"
"Avelinópolis","Águas Lindas de Goiás","216,6"
"Avelinópolis","Luziânia","239,1"
"Avelinópolis","Itumbiara","268,2"
"Avelinópolis","Itumbiara","268,2"
"Avelinópolis","Uruaçu","271,2"
"Avelinópolis","Jataí","313,1"
"Avelinópolis","Jataí","313,1"
"Avelinópolis","Catalão","323,6"
"Avelinópolis","Catalão","323,6"
"Avelinópolis","Catalão","323,6"
"Avelinópolis","Catalão","323,6"
"Avelinópolis","Formosa","334,2"
"Baliza","Jataí","247,6"
"Baliza","Jataí","247,6"
"Baliza","São Luís de Montes Belos","280,8"
"Baliza","Goiás","309,6"
"Baliza","Santa Helena de Goiás","328,3"
"Baliza","Trindade","394,7"
"Baliza","Trindade","394,7"
"Baliza","Ceres","395,8"
"Baliza","Ceres","395,8"
"Baliza","Jaraguá","415,3"
"Baliza","Goiânia","417,1"
"Baliza","Goiânia","417,1"
"Baliza","Goiânia","417,1"
"Baliza","Goiânia","417,1"
"Baliza","Goiânia","417,1"
"Baliza","Goiânia","417,1"
"Baliza","Goiânia","417,1"
"Baliza","Goiânia","417,1"
"Baliza","Goiânia","417,1"
"Baliza","Goiânia","417,1"
"Baliza","Goiânia","417,1"
"Baliza","Goiânia","417,1"
"Baliza","Aparecida de Goiânia","422,2"
"Baliza","Anápolis","452,1"
"Baliza","Pirenópolis","453,8"
"Baliza","Uruaçu","482,9"
"Baliza","Itumbiara","507,5"
"Baliza","Itumbiara","507,5"
"Baliza","Águas Lindas de Goiás","540,1"
"Baliza","Luziânia","578,2"
"Baliza","Catalão","631,3"
"Baliza","Catalão","631,3"
"Baliza","Catalão","631,3"
"Baliza","Catalão","631,3"
"Baliza","Formosa","662,2"
"Barro Alto","Uruaçu","70"
"Barro Alto","Ceres","105,8"
"Barro Alto","Ceres","105,8"
"Barro Alto","Pirenópolis","125,1"
"Barro Alto","Jaraguá","125,3"
"Barro Alto","Águas Lindas de Goiás","136,7"
"Barro Alto","Anápolis","186,5"
"Barro Alto","Goiás","209,5"
"Barro Alto","Luziânia","216,6"
"Barro Alto","Formosa","221,8"
"Barro Alto","Goiânia","240"
"Barro Alto","Goiânia","240"
"Barro Alto","Goiânia","240"
"Barro Alto","Goiânia","240"
"Barro Alto","Goiânia","240"
"Barro Alto","Goiânia","240"
"Barro Alto","Goiânia","240"
"Barro Alto","Goiânia","240"
"Barro Alto","Goiânia","240"
"Barro Alto","Goiânia","240"
"Barro Alto","Goiânia","240"
"Barro Alto","Goiânia","240"
"Barro Alto","Trindade","243"
"Barro Alto","Trindade","243"
"Barro Alto","Aparecida de Goiânia","251,2"
"Barro Alto","São Luís de Montes Belos","280,1"
"Barro Alto","Santa Helena de Goiás","429,6"
"Barro Alto","Catalão","437,1"
"Barro Alto","Catalão","437,1"
"Barro Alto","Catalão","437,1"
"Barro Alto","Catalão","437,1"
"Barro Alto","Itumbiara","453,5"
"Barro Alto","Itumbiara","453,5"
"Barro Alto","Jataí","520,9"
"Barro Alto","Jataí","520,9"
"Bela Vista de Goiás","Senador Canedo","38,9"
"Bela Vista de Goiás","Aparecida de Goiânia","47"
"Bela Vista de Goiás","Goiânia","60,5"
"Bela Vista de Goiás","Goiânia","60,5"
"Bela Vista de Goiás","Goiânia","60,5"
"Bela Vista de Goiás","Goiânia","60,5"
"Bela Vista de Goiás","Goiânia","60,5"
"Bela Vista de Goiás","Goiânia","60,5"
"Bela Vista de Goiás","Goiânia","60,5"
"Bela Vista de Goiás","Goiânia","60,5"
"Bela Vista de Goiás","Goiânia","60,5"
"Bela Vista de Goiás","Goiânia","60,5"
"Bela Vista de Goiás","Goiânia","60,5"
"Bela Vista de Goiás","Goiânia","60,5"
"Bela Vista de Goiás","Trindade","85,9"
"Bela Vista de Goiás","Trindade","85,9"
"Bela Vista de Goiás","Anápolis","90,6"
"Bela Vista de Goiás","Pirenópolis","153"
"Bela Vista de Goiás","Luziânia","163,7"
"Bela Vista de Goiás","Jaraguá","173,8"
"Bela Vista de Goiás","Águas Lindas de Goiás","187,1"
"Bela Vista de Goiás","São Luís de Montes Belos","195,9"
"Bela Vista de Goiás","Itumbiara","200"
"Bela Vista de Goiás","Itumbiara","200"
"Bela Vista de Goiás","Catalão","209,8"
"Bela Vista de Goiás","Catalão","209,8"
"Bela Vista de Goiás","Catalão","209,8"
"Bela Vista de Goiás","Catalão","209,8"
"Bela Vista de Goiás","Goiás","210,7"
"Bela Vista de Goiás","Ceres","242,9"
"Bela Vista de Goiás","Ceres","242,9"
"Bela Vista de Goiás","Santa Helena de Goiás","243,8"
"Bela Vista de Goiás","Formosa","281,3"
"Bela Vista de Goiás","Uruaçu","327,2"
"Bela Vista de Goiás","Jataí","372,8"
"Bela Vista de Goiás","Jataí","372,8"
"Bom Jardim de Goiás","Jataí","236,2"
"Bom Jardim de Goiás","Jataí","236,2"
"Bom Jardim de Goiás","São Luís de Montes Belos","240,1"
"Bom Jardim de Goiás","Goiás","263,2"
"Bom Jardim de Goiás","Santa Helena de Goiás","293,8"
"Bom Jardim de Goiás","Trindade","348,1"
"Bom Jardim de Goiás","Trindade","348,1"
"Bom Jardim de Goiás","Ceres","351,6"
"Bom Jardim de Goiás","Ceres","351,6"
"Bom Jardim de Goiás","Jaraguá","369,1"
"Bom Jardim de Goiás","Goiânia","377,6"
"Bom Jardim de Goiás","Goiânia","377,6"
"Bom Jardim de Goiás","Goiânia","377,6"
"Bom Jardim de Goiás","Goiânia","377,6"
"Bom Jardim de Goiás","Goiânia","377,6"
"Bom Jardim de Goiás","Goiânia","377,6"
"Bom Jardim de Goiás","Goiânia","377,6"
"Bom Jardim de Goiás","Goiânia","377,6"
"Bom Jardim de Goiás","Goiânia","377,6"
"Bom Jardim de Goiás","Goiânia","377,6"
"Bom Jardim de Goiás","Goiânia","377,6"
"Bom Jardim de Goiás","Goiânia","377,6"
"Bom Jardim de Goiás","Aparecida de Goiânia","383,2"
"Bom Jardim de Goiás","Anápolis","412,8"
"Bom Jardim de Goiás","Pirenópolis","415"
"Bom Jardim de Goiás","Uruaçu","442,7"
"Bom Jardim de Goiás","Itumbiara","469,9"
"Bom Jardim de Goiás","Itumbiara","469,9"
"Bom Jardim de Goiás","Águas Lindas de Goiás","494,3"
"Bom Jardim de Goiás","Luziânia","532,1"
"Bom Jardim de Goiás","Catalão","589,1"
"Bom Jardim de Goiás","Catalão","589,1"
"Bom Jardim de Goiás","Catalão","589,1"
"Bom Jardim de Goiás","Catalão","589,1"
"Bom Jardim de Goiás","Formosa","616,5"
"Bom Jesus de Goiás","Itumbiara","75,3"
"Bom Jesus de Goiás","Itumbiara","75,3"
"Bom Jesus de Goiás","Itumbiara","75,3"
"Bom Jesus de Goiás","Santa Helena de Goiás","124,6"
"Bom Jesus de Goiás","Aparecida de Goiânia","201,7"
"Bom Jesus de Goiás","Trindade","216,6"
"Bom Jesus de Goiás","Trindade","216,6"
"Bom Jesus de Goiás","Goiânia","218,3"
"Bom Jesus de Goiás","Goiânia","218,3"
"Bom Jesus de Goiás","Goiânia","218,3"
"Bom Jesus de Goiás","Goiânia","218,3"
"Bom Jesus de Goiás","Goiânia","218,3"
"Bom Jesus de Goiás","Goiânia","218,3"
"Bom Jesus de Goiás","Goiânia","218,3"
"Bom Jesus de Goiás","Goiânia","218,3"
"Bom Jesus de Goiás","Goiânia","218,3"
"Bom Jesus de Goiás","Goiânia","218,3"
"Bom Jesus de Goiás","Goiânia","218,3"
"Bom Jesus de Goiás","Goiânia","218,3"
"Bom Jesus de Goiás","Catalão","233,5"
"Bom Jesus de Goiás","Catalão","233,5"
"Bom Jesus de Goiás","Catalão","233,5"
"Bom Jesus de Goiás","Catalão","233,5"
"Bom Jesus de Goiás","São Luís de Montes Belos","240,2"
"Bom Jesus de Goiás","Jataí","255,2"
"Bom Jesus de Goiás","Jataí","255,2"
"Bom Jesus de Goiás","Anápolis","271,3"
"Bom Jesus de Goiás","Goiás","309"
"Bom Jesus de Goiás","Pirenópolis","331,2"
"Bom Jesus de Goiás","Jaraguá","332,9"
"Bom Jesus de Goiás","Luziânia","347,5"
"Bom Jesus de Goiás","Águas Lindas de Goiás","376,8"
"Bom Jesus de Goiás","Ceres","388,9"
"Bom Jesus de Goiás","Ceres","388,9"
"Bom Jesus de Goiás","Formosa","463"
"Bom Jesus de Goiás","Uruaçu","490,5"
"Bonfinópolis","Senador Canedo","31,7"
"Bonfinópolis","Anápolis","42,5"
"Bonfinópolis","Goiânia","43,7"
"Bonfinópolis","Goiânia","43,7"
"Bonfinópolis","Goiânia","43,7"
"Bonfinópolis","Goiânia","43,7"
"Bonfinópolis","Goiânia","43,7"
"Bonfinópolis","Goiânia","43,7"
"Bonfinópolis","Goiânia","43,7"
"Bonfinópolis","Goiânia","43,7"
"Bonfinópolis","Goiânia","43,7"
"Bonfinópolis","Goiânia","43,7"
"Bonfinópolis","Goiânia","43,7"
"Bonfinópolis","Goiânia","43,7"
"Bonfinópolis","Aparecida de Goiânia","49,9"
"Bonfinópolis","Trindade","72"
"Bonfinópolis","Trindade","72"
"Bonfinópolis","Pirenópolis","108,2"
"Bonfinópolis","Jaraguá","127,9"
"Bonfinópolis","Luziânia","141,7"
"Bonfinópolis","Águas Lindas de Goiás","147,2"
"Bonfinópolis","Goiás","180,8"
"Bonfinópolis","São Luís de Montes Belos","185,5"
"Bonfinópolis","Ceres","198"
"Bonfinópolis","Ceres","198"
"Bonfinópolis","Itumbiara","241,3"
"Bonfinópolis","Itumbiara","241,3"
"Bonfinópolis","Catalão","243,8"
"Bonfinópolis","Catalão","243,8"
"Bonfinópolis","Catalão","243,8"
"Bonfinópolis","Catalão","243,8"
"Bonfinópolis","Formosa","253,1"
"Bonfinópolis","Santa Helena de Goiás","262,4"
"Bonfinópolis","Uruaçu","280,3"
"Bonfinópolis","Jataí","389,8"
"Bonfinópolis","Jataí","389,8"
"Bonópolis","Porangatu","119"
"Bonópolis","Uruaçu","150,9"
"Bonópolis","Ceres","230,5"
"Bonópolis","Ceres","230,5"
"Bonópolis","Jaraguá","289,4"
"Bonópolis","Goiás","309,8"
"Bonópolis","Pirenópolis","315,7"
"Bonópolis","Águas Lindas de Goiás","345,8"
"Bonópolis","Anápolis","376,2"
"Bonópolis","São Luís de Montes Belos","392,2"
"Bonópolis","Trindade","404,9"
"Bonópolis","Trindade","404,9"
"Bonópolis","Formosa","408,4"
"Bonópolis","Goiânia","413,5"
"Bonópolis","Goiânia","413,5"
"Bonópolis","Goiânia","413,5"
"Bonópolis","Goiânia","413,5"
"Bonópolis","Goiânia","413,5"
"Bonópolis","Goiânia","413,5"
"Bonópolis","Goiânia","413,5"
"Bonópolis","Goiânia","413,5"
"Bonópolis","Goiânia","413,5"
"Bonópolis","Goiânia","413,5"
"Bonópolis","Goiânia","413,5"
"Bonópolis","Goiânia","413,5"
"Bonópolis","Luziânia","416,9"
"Bonópolis","Aparecida de Goiânia","424,2"
"Bonópolis","Santa Helena de Goiás","557,2"
"Bonópolis","Jataí","607"
"Bonópolis","Jataí","607"
"Bonópolis","Itumbiara","631,2"
"Bonópolis","Itumbiara","631,2"
"Bonópolis","Catalão","639,7"
"Bonópolis","Catalão","639,7"
"Bonópolis","Catalão","639,7"
"Bonópolis","Catalão","639,7"
"Brazabrantes","Trindade","36"
"Brazabrantes","Trindade","36"
"Brazabrantes","Goiânia","41,6"
"Brazabrantes","Goiânia","41,6"
"Brazabrantes","Goiânia","41,6"
"Brazabrantes","Goiânia","41,6"
"Brazabrantes","Goiânia","41,6"
"Brazabrantes","Goiânia","41,6"
"Brazabrantes","Goiânia","41,6"
"Brazabrantes","Goiânia","41,6"
"Brazabrantes","Goiânia","41,6"
"Brazabrantes","Goiânia","41,6"
"Brazabrantes","Goiânia","41,6"
"Brazabrantes","Goiânia","41,6"
"Brazabrantes","Goiânia","41,6"
"Brazabrantes","Goiânia","41,6"
"Brazabrantes","Goiânia","41,6"
"Brazabrantes","Aparecida de Goiânia","60,7"
"Brazabrantes","Anápolis","62,7"
"Brazabrantes","Jaraguá","95,6"
"Brazabrantes","Pirenópolis","100,1"
"Brazabrantes","Goiás","123,8"
"Brazabrantes","São Luís de Montes Belos","130"
"Brazabrantes","Ceres","156"
"Brazabrantes","Ceres","156"
"Brazabrantes","Águas Lindas de Goiás","171,5"
"Brazabrantes","Luziânia","190"
"Brazabrantes","Santa Helena de Goiás","240,7"
"Brazabrantes","Uruaçu","256,1"
"Brazabrantes","Itumbiara","265,2"
"Brazabrantes","Itumbiara","265,2"
"Brazabrantes","Formosa","288,4"
"Brazabrantes","Catalão","295,8"
"Brazabrantes","Catalão","295,8"
"Brazabrantes","Catalão","295,8"
"Brazabrantes","Catalão","295,8"
"Brazabrantes","Jataí","355"
"Brazabrantes","Jataí","355"
"Britânia","Goiás","164,2"
"Britânia","São Luís de Montes Belos","203,2"
"Britânia","Ceres","206"
"Britânia","Ceres","206"
"Britânia","Jaraguá","244,4"
"Britânia","Uruaçu","277,7"
"Britânia","Trindade","284,8"
"Britânia","Trindade","284,8"
"Britânia","Pirenópolis","294,5"
"Britânia","Goiânia","310,2"
"Britânia","Goiânia","310,2"
"Britânia","Goiânia","310,2"
"Britânia","Goiânia","310,2"
"Britânia","Goiânia","310,2"
"Britânia","Goiânia","310,2"
"Britânia","Goiânia","310,2"
"Britânia","Goiânia","310,2"
"Britânia","Goiânia","310,2"
"Britânia","Goiânia","310,2"
"Britânia","Goiânia","310,2"
"Britânia","Goiânia","310,2"
"Britânia","Anápolis","318,2"
"Britânia","Aparecida de Goiânia","323,3"
"Britânia","Santa Helena de Goiás","350,3"
"Britânia","Jataí","358,9"
"Britânia","Jataí","358,9"
"Britânia","Águas Lindas de Goiás","376,6"
"Britânia","Luziânia","426,5"
"Britânia","Itumbiara","481,9"
"Britânia","Itumbiara","481,9"
"Britânia","Formosa","485,2"
"Britânia","Catalão","557,1"
"Britânia","Catalão","557,1"
"Britânia","Catalão","557,1"
"Britânia","Catalão","557,1"
"Buriti Alegre","Itumbiara","46,7"
"Buriti Alegre","Itumbiara","46,7"
"Buriti Alegre","Itumbiara","46,7"
"Buriti Alegre","Catalão","142,6"
"Buriti Alegre","Catalão","142,6"
"Buriti Alegre","Catalão","142,6"
"Buriti Alegre","Catalão","142,6"
"Buriti Alegre","Aparecida de Goiânia","182,3"
"Buriti Alegre","Goiânia","200,6"
"Buriti Alegre","Goiânia","200,6"
"Buriti Alegre","Goiânia","200,6"
"Buriti Alegre","Goiânia","200,6"
"Buriti Alegre","Goiânia","200,6"
"Buriti Alegre","Goiânia","200,6"
"Buriti Alegre","Goiânia","200,6"
"Buriti Alegre","Goiânia","200,6"
"Buriti Alegre","Goiânia","200,6"
"Buriti Alegre","Goiânia","200,6"
"Buriti Alegre","Goiânia","200,6"
"Buriti Alegre","Goiânia","200,6"
"Buriti Alegre","Santa Helena de Goiás","207,5"
"Buriti Alegre","Trindade","211,7"
"Buriti Alegre","Trindade","211,7"
"Buriti Alegre","Anápolis","241,7"
"Buriti Alegre","São Luís de Montes Belos","274,4"
"Buriti Alegre","Luziânia","287,4"
"Buriti Alegre","Pirenópolis","305,4"
"Buriti Alegre","Jaraguá","320,4"
"Buriti Alegre","Goiás","325,9"
"Buriti Alegre","Águas Lindas de Goiás","331,6"
"Buriti Alegre","Jataí","341,9"
"Buriti Alegre","Jataí","341,9"
"Buriti Alegre","Ceres","384,6"
"Buriti Alegre","Ceres","384,6"
"Buriti Alegre","Formosa","409,2"
"Buriti Alegre","Uruaçu","474,4"
"Buriti de Goiás","São Luís de Montes Belos","50,8"
"Buriti de Goiás","Goiás","54,5"
"Buriti de Goiás","Trindade","139"
"Buriti de Goiás","Trindade","139"
"Buriti de Goiás","Jaraguá","155,5"
"Buriti de Goiás","Ceres","161,9"
"Buriti de Goiás","Ceres","161,9"
"Buriti de Goiás","Goiânia","167,9"
"Buriti de Goiás","Goiânia","167,9"
"Buriti de Goiás","Goiânia","167,9"
"Buriti de Goiás","Goiânia","167,9"
"Buriti de Goiás","Goiânia","167,9"
"Buriti de Goiás","Goiânia","167,9"
"Buriti de Goiás","Goiânia","167,9"
"Buriti de Goiás","Goiânia","167,9"
"Buriti de Goiás","Goiânia","167,9"
"Buriti de Goiás","Goiânia","167,9"
"Buriti de Goiás","Goiânia","167,9"
"Buriti de Goiás","Goiânia","167,9"
"Buriti de Goiás","Aparecida de Goiânia","178,2"
"Buriti de Goiás","Anápolis","195,1"
"Buriti de Goiás","Pirenópolis","198,6"
"Buriti de Goiás","Santa Helena de Goiás","224,4"
"Buriti de Goiás","Uruaçu","276,4"
"Buriti de Goiás","Jataí","280,2"
"Buriti de Goiás","Jataí","280,2"
"Buriti de Goiás","Águas Lindas de Goiás","281,2"
"Buriti de Goiás","Luziânia","317,9"
"Buriti de Goiás","Itumbiara","335,4"
"Buriti de Goiás","Itumbiara","335,4"
"Buriti de Goiás","Formosa","406,1"
"Buriti de Goiás","Catalão","413,2"
"Buriti de Goiás","Catalão","413,2"
"Buriti de Goiás","Catalão","413,2"
"Buriti de Goiás","Catalão","413,2"
"Buritinópolis","Formosa","190,3"
"Buritinópolis","Águas Lindas de Goiás","296"
"Buritinópolis","Luziânia","309,1"
"Buritinópolis","Uruaçu","353"
"Buritinópolis","Pirenópolis","376,2"
"Buritinópolis","Anápolis","410,2"
"Buritinópolis","Jaraguá","413,6"
"Buritinópolis","Ceres","419,1"
"Buritinópolis","Ceres","419,1"
"Buritinópolis","Goiânia","463"
"Buritinópolis","Goiânia","463"
"Buritinópolis","Goiânia","463"
"Buritinópolis","Goiânia","463"
"Buritinópolis","Goiânia","463"
"Buritinópolis","Goiânia","463"
"Buritinópolis","Goiânia","463"
"Buritinópolis","Goiânia","463"
"Buritinópolis","Goiânia","463"
"Buritinópolis","Goiânia","463"
"Buritinópolis","Goiânia","463"
"Buritinópolis","Goiânia","463"
"Buritinópolis","Aparecida de Goiânia","472,4"
"Buritinópolis","Trindade","483,2"
"Buritinópolis","Trindade","483,2"
"Buritinópolis","Goiás","509,8"
"Buritinópolis","Catalão","521,2"
"Buritinópolis","Catalão","521,2"
"Buritinópolis","Catalão","521,2"
"Buritinópolis","Catalão","521,2"
"Buritinópolis","São Luís de Montes Belos","568,5"
"Buritinópolis","Itumbiara","625,3"
"Buritinópolis","Itumbiara","625,3"
"Buritinópolis","Santa Helena de Goiás","685,7"
"Buritinópolis","Jataí","804,5"
"Buritinópolis","Jataí","804,5"
"Cabeceiras","Formosa","66,8"
"Cabeceiras","Luziânia","148,1"
"Cabeceiras","Águas Lindas de Goiás","178,5"
"Cabeceiras","Pirenópolis","260,9"
"Cabeceiras","Anápolis","269,3"
"Cabeceiras","Jaraguá","309,2"
"Cabeceiras","Goiânia","322"
"Cabeceiras","Goiânia","322"
"Cabeceiras","Goiânia","322"
"Cabeceiras","Goiânia","322"
"Cabeceiras","Goiânia","322"
"Cabeceiras","Goiânia","322"
"Cabeceiras","Goiânia","322"
"Cabeceiras","Goiânia","322"
"Cabeceiras","Goiânia","322"
"Cabeceiras","Goiânia","322"
"Cabeceiras","Goiânia","322"
"Cabeceiras","Goiânia","322"
"Cabeceiras","Aparecida de Goiânia","326,9"
"Cabeceiras","Uruaçu","331,9"
"Cabeceiras","Catalão","341,4"
"Cabeceiras","Catalão","341,4"
"Cabeceiras","Catalão","341,4"
"Cabeceiras","Catalão","341,4"
"Cabeceiras","Trindade","347,9"
"Cabeceiras","Trindade","347,9"
"Cabeceiras","Ceres","349,9"
"Cabeceiras","Ceres","349,9"
"Cabeceiras","Goiás","412,8"
"Cabeceiras","São Luís de Montes Belos","444,5"
"Cabeceiras","Itumbiara","446,9"
"Cabeceiras","Itumbiara","446,9"
"Cabeceiras","Santa Helena de Goiás","531,4"
"Cabeceiras","Jataí","660,9"
"Cabeceiras","Jataí","660,9"
"Cachoeira Alta","Rio Verde","126"
"Cachoeira Alta","Rio Verde","126"
"Cachoeira Alta","Santa Helena de Goiás","137,5"
"Cachoeira Alta","Jataí","157,4"
"Cachoeira Alta","Jataí","157,4"
"Cachoeira Alta","Itumbiara","229"
"Cachoeira Alta","Itumbiara","229"
"Cachoeira Alta","São Luís de Montes Belos","307,7"
"Cachoeira Alta","Trindade","336,6"
"Cachoeira Alta","Trindade","336,6"
"Cachoeira Alta","Aparecida de Goiânia","337,1"
"Cachoeira Alta","Goiânia","349,6"
"Cachoeira Alta","Goiânia","349,6"
"Cachoeira Alta","Goiânia","349,6"
"Cachoeira Alta","Goiânia","349,6"
"Cachoeira Alta","Goiânia","349,6"
"Cachoeira Alta","Goiânia","349,6"
"Cachoeira Alta","Goiânia","349,6"
"Cachoeira Alta","Goiânia","349,6"
"Cachoeira Alta","Goiânia","349,6"
"Cachoeira Alta","Goiânia","349,6"
"Cachoeira Alta","Goiânia","349,6"
"Cachoeira Alta","Goiânia","349,6"
"Cachoeira Alta","Catalão","387,8"
"Cachoeira Alta","Catalão","387,8"
"Cachoeira Alta","Catalão","387,8"
"Cachoeira Alta","Catalão","387,8"
"Cachoeira Alta","Goiás","391,1"
"Cachoeira Alta","Anápolis","411,7"
"Cachoeira Alta","Jaraguá","443,3"
"Cachoeira Alta","Pirenópolis","455,7"
"Cachoeira Alta","Ceres","483,7"
"Cachoeira Alta","Ceres","483,7"
"Cachoeira Alta","Luziânia","498,7"
"Cachoeira Alta","Águas Lindas de Goiás","515,9"
"Cachoeira Alta","Uruaçu","600,5"
"Cachoeira Alta","Formosa","618,9"
"Cachoeira de Goiás","São Luís de Montes Belos","43,8"
"Cachoeira de Goiás","Goiás","123,8"
"Cachoeira de Goiás","Trindade","151,2"
"Cachoeira de Goiás","Trindade","151,2"
"Cachoeira de Goiás","Santa Helena de Goiás","157,2"
"Cachoeira de Goiás","Goiânia","181,1"
"Cachoeira de Goiás","Goiânia","181,1"
"Cachoeira de Goiás","Goiânia","181,1"
"Cachoeira de Goiás","Goiânia","181,1"
"Cachoeira de Goiás","Goiânia","181,1"
"Cachoeira de Goiás","Goiânia","181,1"
"Cachoeira de Goiás","Goiânia","181,1"
"Cachoeira de Goiás","Goiânia","181,1"
"Cachoeira de Goiás","Goiânia","181,1"
"Cachoeira de Goiás","Goiânia","181,1"
"Cachoeira de Goiás","Goiânia","181,1"
"Cachoeira de Goiás","Goiânia","181,1"
"Cachoeira de Goiás","Aparecida de Goiânia","184,5"
"Cachoeira de Goiás","Jaraguá","212,5"
"Cachoeira de Goiás","Jataí","217,5"
"Cachoeira de Goiás","Jataí","217,5"
"Cachoeira de Goiás","Anápolis","226,7"
"Cachoeira de Goiás","Ceres","231"
"Cachoeira de Goiás","Ceres","231"
"Cachoeira de Goiás","Pirenópolis","241,8"
"Cachoeira de Goiás","Itumbiara","295,6"
"Cachoeira de Goiás","Itumbiara","295,6"
"Cachoeira de Goiás","Águas Lindas de Goiás","325,9"
"Cachoeira de Goiás","Uruaçu","345"
"Cachoeira de Goiás","Luziânia","349,3"
"Cachoeira de Goiás","Catalão","398,2"
"Cachoeira de Goiás","Catalão","398,2"
"Cachoeira de Goiás","Catalão","398,2"
"Cachoeira de Goiás","Catalão","398,2"
"Cachoeira de Goiás","Formosa","442,4"
"Cachoeira Dourada","Itumbiara","38"
"Cachoeira Dourada","Itumbiara","38"
"Cachoeira Dourada","Itumbiara","38"
"Cachoeira Dourada","Santa Helena de Goiás","172,4"
"Cachoeira Dourada","Catalão","203,7"
"Cachoeira Dourada","Catalão","203,7"
"Cachoeira Dourada","Catalão","203,7"
"Cachoeira Dourada","Catalão","203,7"
"Cachoeira Dourada","Aparecida de Goiânia","229,9"
"Cachoeira Dourada","Goiânia","241,7"
"Cachoeira Dourada","Goiânia","241,7"
"Cachoeira Dourada","Goiânia","241,7"
"Cachoeira Dourada","Goiânia","241,7"
"Cachoeira Dourada","Goiânia","241,7"
"Cachoeira Dourada","Goiânia","241,7"
"Cachoeira Dourada","Goiânia","241,7"
"Cachoeira Dourada","Goiânia","241,7"
"Cachoeira Dourada","Goiânia","241,7"
"Cachoeira Dourada","Goiânia","241,7"
"Cachoeira Dourada","Goiânia","241,7"
"Cachoeira Dourada","Goiânia","241,7"
"Cachoeira Dourada","Trindade","244,8"
"Cachoeira Dourada","Trindade","244,8"
"Cachoeira Dourada","São Luís de Montes Belos","285,8"
"Cachoeira Dourada","Anápolis","295,6"
"Cachoeira Dourada","Jataí","295,8"
"Cachoeira Dourada","Jataí","295,8"
"Cachoeira Dourada","Goiás","351"
"Cachoeira Dourada","Luziânia","355,8"
"Cachoeira Dourada","Pirenópolis","357,7"
"Cachoeira Dourada","Jaraguá","365,2"
"Cachoeira Dourada","Águas Lindas de Goiás","394,2"
"Cachoeira Dourada","Ceres","417,5"
"Cachoeira Dourada","Ceres","417,5"
"Cachoeira Dourada","Formosa","470,6"
"Cachoeira Dourada","Uruaçu","521,6"
"Caiapônia","Jataí","126,9"
"Caiapônia","Jataí","126,9"
"Caiapônia","Mineiros","174"
"Caiapônia","Santa Helena de Goiás","196,9"
"Caiapônia","São Luís de Montes Belos","197,3"
"Caiapônia","Goiás","253,3"
"Caiapônia","Trindade","298,7"
"Caiapônia","Trindade","298,7"
"Caiapônia","Goiânia","327"
"Caiapônia","Goiânia","327"
"Caiapônia","Goiânia","327"
"Caiapônia","Goiânia","327"
"Caiapônia","Goiânia","327"
"Caiapônia","Goiânia","327"
"Caiapônia","Goiânia","327"
"Caiapônia","Goiânia","327"
"Caiapônia","Goiânia","327"
"Caiapônia","Goiânia","327"
"Caiapônia","Goiânia","327"
"Caiapônia","Goiânia","327"
"Caiapônia","Aparecida de Goiânia","327,6"
"Caiapônia","Jaraguá","355,1"
"Caiapônia","Ceres","358,4"
"Caiapônia","Ceres","358,4"
"Caiapônia","Anápolis","374,5"
"Caiapônia","Itumbiara","382,7"
"Caiapônia","Itumbiara","382,7"
"Caiapônia","Pirenópolis","393,5"
"Caiapônia","Uruaçu","464"
"Caiapônia","Águas Lindas de Goiás","470,8"
"Caiapônia","Luziânia","493,8"
"Caiapônia","Catalão","508,9"
"Caiapônia","Catalão","508,9"
"Caiapônia","Catalão","508,9"
"Caiapônia","Catalão","508,9"
"Caiapônia","Formosa","593,1"
"Caldas Novas","Caldas Novas","0"
"Caldas Novas","Catalão","109,1"
"Caldas Novas","Catalão","109,1"
"Caldas Novas","Catalão","109,1"
"Caldas Novas","Catalão","109,1"
"Caldas Novas","Itumbiara","122,9"
"Caldas Novas","Itumbiara","122,9"
"Caldas Novas","Aparecida de Goiânia","150,3"
"Caldas Novas","Goiânia","167"
"Caldas Novas","Goiânia","167"
"Caldas Novas","Goiânia","167"
"Caldas Novas","Goiânia","167"
"Caldas Novas","Goiânia","167"
"Caldas Novas","Goiânia","167"
"Caldas Novas","Goiânia","167"
"Caldas Novas","Goiânia","167"
"Caldas Novas","Goiânia","167"
"Caldas Novas","Goiânia","167"
"Caldas Novas","Goiânia","167"
"Caldas Novas","Goiânia","167"
"Caldas Novas","Trindade","187,6"
"Caldas Novas","Trindade","187,6"
"Caldas Novas","Anápolis","198,4"
"Caldas Novas","Luziânia","222,3"
"Caldas Novas","Santa Helena de Goiás","250,9"
"Caldas Novas","Pirenópolis","256,2"
"Caldas Novas","Águas Lindas de Goiás","268,1"
"Caldas Novas","São Luís de Montes Belos","276,2"
"Caldas Novas","Jaraguá","280,8"
"Caldas Novas","Goiás","309,6"
"Caldas Novas","Formosa","337,1"
"Caldas Novas","Ceres","348,4"
"Caldas Novas","Ceres","348,4"
"Caldas Novas","Jataí","393,7"
"Caldas Novas","Jataí","393,7"
"Caldas Novas","Uruaçu","427,5"
"Caldazinha","Senador Canedo","12,1"
"Caldazinha","Goiânia","37,2"
"Caldazinha","Goiânia","37,2"
"Caldazinha","Goiânia","37,2"
"Caldazinha","Goiânia","37,2"
"Caldazinha","Goiânia","37,2"
"Caldazinha","Goiânia","37,2"
"Caldazinha","Goiânia","37,2"
"Caldazinha","Goiânia","37,2"
"Caldazinha","Goiânia","37,2"
"Caldazinha","Goiânia","37,2"
"Caldazinha","Goiânia","37,2"
"Caldazinha","Goiânia","37,2"
"Caldazinha","Aparecida de Goiânia","38"
"Caldazinha","Anápolis","56,8"
"Caldazinha","Trindade","67,1"
"Caldazinha","Trindade","67,1"
"Caldazinha","Pirenópolis","121,7"
"Caldazinha","Jaraguá","138,3"
"Caldazinha","Luziânia","151,5"
"Caldazinha","Águas Lindas de Goiás","160,6"
"Caldazinha","São Luís de Montes Belos","181,5"
"Caldazinha","Goiás","183,5"
"Caldazinha","Ceres","207,7"
"Caldazinha","Ceres","207,7"
"Caldazinha","Itumbiara","233,8"
"Caldazinha","Itumbiara","233,8"
"Caldazinha","Catalão","242,1"
"Caldazinha","Catalão","242,1"
"Caldazinha","Catalão","242,1"
"Caldazinha","Catalão","242,1"
"Caldazinha","Santa Helena de Goiás","250,8"
"Caldazinha","Formosa","264,5"
"Caldazinha","Uruaçu","292,4"
"Caldazinha","Jataí","379,8"
"Caldazinha","Jataí","379,8"
"Campestre de Goiás","Trindade","32,7"
"Campestre de Goiás","Trindade","32,7"
"Campestre de Goiás","Goiânia","61,5"
"Campestre de Goiás","Goiânia","61,5"
"Campestre de Goiás","Goiânia","61,5"
"Campestre de Goiás","Goiânia","61,5"
"Campestre de Goiás","Goiânia","61,5"
"Campestre de Goiás","Goiânia","61,5"
"Campestre de Goiás","Goiânia","61,5"
"Campestre de Goiás","Goiânia","61,5"
"Campestre de Goiás","Goiânia","61,5"
"Campestre de Goiás","Goiânia","61,5"
"Campestre de Goiás","Goiânia","61,5"
"Campestre de Goiás","Goiânia","61,5"
"Campestre de Goiás","Goiânia","61,5"
"Campestre de Goiás","Goiânia","61,5"
"Campestre de Goiás","Goiânia","61,5"
"Campestre de Goiás","Aparecida de Goiânia","63,5"
"Campestre de Goiás","São Luís de Montes Belos","97,8"
"Campestre de Goiás","Anápolis","117,7"
"Campestre de Goiás","Goiás","127,6"
"Campestre de Goiás","Jaraguá","146"
"Campestre de Goiás","Pirenópolis","157,8"
"Campestre de Goiás","Santa Helena de Goiás","185,7"
"Campestre de Goiás","Ceres","199,6"
"Campestre de Goiás","Ceres","199,6"
"Campestre de Goiás","Águas Lindas de Goiás","230,6"
"Campestre de Goiás","Itumbiara","233,7"
"Campestre de Goiás","Itumbiara","233,7"
"Campestre de Goiás","Luziânia","239,2"
"Campestre de Goiás","Catalão","291,1"
"Campestre de Goiás","Catalão","291,1"
"Campestre de Goiás","Catalão","291,1"
"Campestre de Goiás","Catalão","291,1"
"Campestre de Goiás","Jataí","297,8"
"Campestre de Goiás","Jataí","297,8"
"Campestre de Goiás","Uruaçu","307,1"
"Campestre de Goiás","Formosa","343,4"
"Campinaçu","Porangatu","107"
"Campinaçu","Uruaçu","126"
"Campinaçu","Ceres","242,4"
"Campinaçu","Ceres","242,4"
"Campinaçu","Águas Lindas de Goiás","266,2"
"Campinaçu","Pirenópolis","279,8"
"Campinaçu","Jaraguá","280,2"
"Campinaçu","Formosa","283"
"Campinaçu","Luziânia","338,6"
"Campinaçu","Anápolis","342,6"
"Campinaçu","Goiás","350,8"
"Campinaçu","Goiânia","397,1"
"Campinaçu","Goiânia","397,1"
"Campinaçu","Goiânia","397,1"
"Campinaçu","Goiânia","397,1"
"Campinaçu","Goiânia","397,1"
"Campinaçu","Goiânia","397,1"
"Campinaçu","Goiânia","397,1"
"Campinaçu","Goiânia","397,1"
"Campinaçu","Goiânia","397,1"
"Campinaçu","Goiânia","397,1"
"Campinaçu","Goiânia","397,1"
"Campinaçu","Goiânia","397,1"
"Campinaçu","Trindade","400,3"
"Campinaçu","Trindade","400,3"
"Campinaçu","Aparecida de Goiânia","413,9"
"Campinaçu","São Luís de Montes Belos","425,2"
"Campinaçu","Catalão","580"
"Campinaçu","Catalão","580"
"Campinaçu","Catalão","580"
"Campinaçu","Catalão","580"
"Campinaçu","Santa Helena de Goiás","586,8"
"Campinaçu","Itumbiara","611,9"
"Campinaçu","Itumbiara","611,9"
"Campinaçu","Jataí","668"
"Campinaçu","Jataí","668"
"Campinorte","Uruaçu","30,9"
"Campinorte","Ceres","148,1"
"Campinorte","Ceres","148,1"
"Campinorte","Jaraguá","198,3"
"Campinorte","Pirenópolis","211,8"
"Campinorte","Águas Lindas de Goiás","228,9"
"Campinorte","Goiás","250,8"
"Campinorte","Anápolis","270"
"Campinorte","Formosa","285,5"
"Campinorte","Luziânia","301,4"
"Campinorte","Trindade","315"
"Campinorte","Trindade","315"
"Campinorte","Goiânia","316,9"
"Campinorte","Goiânia","316,9"
"Campinorte","Goiânia","316,9"
"Campinorte","Goiânia","316,9"
"Campinorte","Goiânia","316,9"
"Campinorte","Goiânia","316,9"
"Campinorte","Goiânia","316,9"
"Campinorte","Goiânia","316,9"
"Campinorte","Goiânia","316,9"
"Campinorte","Goiânia","316,9"
"Campinorte","Goiânia","316,9"
"Campinorte","Goiânia","316,9"
"Campinorte","São Luís de Montes Belos","333,8"
"Campinorte","Aparecida de Goiânia","334,7"
"Campinorte","Santa Helena de Goiás","493,8"
"Campinorte","Catalão","527,8"
"Campinorte","Catalão","527,8"
"Campinorte","Catalão","527,8"
"Campinorte","Catalão","527,8"
"Campinorte","Itumbiara","537,5"
"Campinorte","Itumbiara","537,5"
"Campinorte","Jataí","568,9"
"Campinorte","Jataí","568,9"
"Campo Alegre de Goiás","Catalão","78,1"
"Campo Alegre de Goiás","Catalão","78,1"
"Campo Alegre de Goiás","Catalão","78,1"
"Campo Alegre de Goiás","Catalão","78,1"
"Campo Alegre de Goiás","Caldas Novas","118"
"Campo Alegre de Goiás","Luziânia","190,5"
"Campo Alegre de Goiás","Itumbiara","215"
"Campo Alegre de Goiás","Itumbiara","215"
"Campo Alegre de Goiás","Aparecida de Goiânia","222,1"
"Campo Alegre de Goiás","Goiânia","233,8"
"Campo Alegre de Goiás","Goiânia","233,8"
"Campo Alegre de Goiás","Goiânia","233,8"
"Campo Alegre de Goiás","Goiânia","233,8"
"Campo Alegre de Goiás","Goiânia","233,8"
"Campo Alegre de Goiás","Goiânia","233,8"
"Campo Alegre de Goiás","Goiânia","233,8"
"Campo Alegre de Goiás","Goiânia","233,8"
"Campo Alegre de Goiás","Goiânia","233,8"
"Campo Alegre de Goiás","Goiânia","233,8"
"Campo Alegre de Goiás","Goiânia","233,8"
"Campo Alegre de Goiás","Goiânia","233,8"
"Campo Alegre de Goiás","Anápolis","235,9"
"Campo Alegre de Goiás","Trindade","255,2"
"Campo Alegre de Goiás","Trindade","255,2"
"Campo Alegre de Goiás","Águas Lindas de Goiás","258,4"
"Campo Alegre de Goiás","Pirenópolis","282,1"
"Campo Alegre de Goiás","Formosa","285,4"
"Campo Alegre de Goiás","Jaraguá","320,6"
"Campo Alegre de Goiás","Santa Helena de Goiás","359,3"
"Campo Alegre de Goiás","São Luís de Montes Belos","363"
"Campo Alegre de Goiás","Goiás","377,9"
"Campo Alegre de Goiás","Ceres","388,7"
"Campo Alegre de Goiás","Ceres","388,7"
"Campo Alegre de Goiás","Uruaçu","443,1"
"Campo Alegre de Goiás","Jataí","493,8"
"Campo Alegre de Goiás","Jataí","493,8"
"Campo Limpo de Goiás","Anápolis","20,7"
"Campo Limpo de Goiás","Anápolis","20,7"
"Campo Limpo de Goiás","Anápolis","20,7"
"Campo Limpo de Goiás","Goiânia","62,2"
"Campo Limpo de Goiás","Goiânia","62,2"
"Campo Limpo de Goiás","Goiânia","62,2"
"Campo Limpo de Goiás","Goiânia","62,2"
"Campo Limpo de Goiás","Goiânia","62,2"
"Campo Limpo de Goiás","Goiânia","62,2"
"Campo Limpo de Goiás","Goiânia","62,2"
"Campo Limpo de Goiás","Goiânia","62,2"
"Campo Limpo de Goiás","Goiânia","62,2"
"Campo Limpo de Goiás","Goiânia","62,2"
"Campo Limpo de Goiás","Goiânia","62,2"
"Campo Limpo de Goiás","Goiânia","62,2"
"Campo Limpo de Goiás","Pirenópolis","65,5"
"Campo Limpo de Goiás","Trindade","74"
"Campo Limpo de Goiás","Trindade","74"
"Campo Limpo de Goiás","Aparecida de Goiânia","76,8"
"Campo Limpo de Goiás","Jaraguá","83,7"
"Campo Limpo de Goiás","Águas Lindas de Goiás","129"
"Campo Limpo de Goiás","Goiás","146,7"
"Campo Limpo de Goiás","Luziânia","149,7"
"Campo Limpo de Goiás","Ceres","151,3"
"Campo Limpo de Goiás","Ceres","151,3"
"Campo Limpo de Goiás","São Luís de Montes Belos","171,1"
"Campo Limpo de Goiás","Uruaçu","242,7"
"Campo Limpo de Goiás","Formosa","246,5"
"Campo Limpo de Goiás","Santa Helena de Goiás","279"
"Campo Limpo de Goiás","Itumbiara","282,2"
"Campo Limpo de Goiás","Itumbiara","282,2"
"Campo Limpo de Goiás","Catalão","289"
"Campo Limpo de Goiás","Catalão","289"
"Campo Limpo de Goiás","Catalão","289"
"Campo Limpo de Goiás","Catalão","289"
"Campo Limpo de Goiás","Jataí","396,4"
"Campo Limpo de Goiás","Jataí","396,4"
"Campos Belos","Formosa","342,2"
"Campos Belos","Uruaçu","365,9"
"Campos Belos","Águas Lindas de Goiás","413"
"Campos Belos","Luziânia","448"
"Campos Belos","Pirenópolis","462,6"
"Campos Belos","Ceres","467,5"
"Campos Belos","Ceres","467,5"
"Campos Belos","Jaraguá","483,2"
"Campos Belos","Anápolis","513,4"
"Campos Belos","Goiás","572,8"
"Campos Belos","Goiânia","574,2"
"Campos Belos","Goiânia","574,2"
"Campos Belos","Goiânia","574,2"
"Campos Belos","Goiânia","574,2"
"Campos Belos","Goiânia","574,2"
"Campos Belos","Goiânia","574,2"
"Campos Belos","Goiânia","574,2"
"Campos Belos","Goiânia","574,2"
"Campos Belos","Goiânia","574,2"
"Campos Belos","Goiânia","574,2"
"Campos Belos","Goiânia","574,2"
"Campos Belos","Goiânia","574,2"
"Campos Belos","Trindade","587"
"Campos Belos","Trindade","587"
"Campos Belos","Aparecida de Goiânia","587,6"
"Campos Belos","São Luís de Montes Belos","646,8"
"Campos Belos","Catalão","689,4"
"Campos Belos","Catalão","689,4"
"Campos Belos","Catalão","689,4"
"Campos Belos","Catalão","689,4"
"Campos Belos","Itumbiara","769,9"
"Campos Belos","Itumbiara","769,9"
"Campos Belos","Santa Helena de Goiás","792"
"Campos Belos","Jataí","892,1"
"Campos Belos","Jataí","892,1"
"Campos Verdes","Uruaçu","80,5"
"Campos Verdes","Ceres","145,4"
"Campos Verdes","Ceres","145,4"
"Campos Verdes","Jaraguá","210,6"
"Campos Verdes","Pirenópolis","238,1"
"Campos Verdes","Goiás","239,8"
"Campos Verdes","Águas Lindas de Goiás","268,8"
"Campos Verdes","Anápolis","292,3"
"Campos Verdes","São Luís de Montes Belos","317,6"
"Campos Verdes","Trindade","322"
"Campos Verdes","Trindade","322"
"Campos Verdes","Goiânia","329,6"
"Campos Verdes","Goiânia","329,6"
"Campos Verdes","Goiânia","329,6"
"Campos Verdes","Goiânia","329,6"
"Campos Verdes","Goiânia","329,6"
"Campos Verdes","Goiânia","329,6"
"Campos Verdes","Goiânia","329,6"
"Campos Verdes","Goiânia","329,6"
"Campos Verdes","Goiânia","329,6"
"Campos Verdes","Goiânia","329,6"
"Campos Verdes","Goiânia","329,6"
"Campos Verdes","Goiânia","329,6"
"Campos Verdes","Formosa","345,1"
"Campos Verdes","Luziânia","346,2"
"Campos Verdes","Aparecida de Goiânia","347,6"
"Campos Verdes","Santa Helena de Goiás","483"
"Campos Verdes","Jataí","543,4"
"Campos Verdes","Jataí","543,4"
"Campos Verdes","Itumbiara","549,3"
"Campos Verdes","Itumbiara","549,3"
"Campos Verdes","Catalão","557,8"
"Campos Verdes","Catalão","557,8"
"Campos Verdes","Catalão","557,8"
"Campos Verdes","Catalão","557,8"
"Carmo do Rio Verde","Ceres","17,7"
"Carmo do Rio Verde","Ceres","17,7"
"Carmo do Rio Verde","Jaraguá","75,8"
"Carmo do Rio Verde","Goiás","100,6"
"Carmo do Rio Verde","Pirenópolis","123,7"
"Carmo do Rio Verde","Uruaçu","136,3"
"Carmo do Rio Verde","Anápolis","166,1"
"Carmo do Rio Verde","Trindade","179,6"
"Carmo do Rio Verde","Trindade","179,6"
"Carmo do Rio Verde","São Luís de Montes Belos","181,9"
"Carmo do Rio Verde","Goiânia","191,3"
"Carmo do Rio Verde","Goiânia","191,3"
"Carmo do Rio Verde","Goiânia","191,3"
"Carmo do Rio Verde","Goiânia","191,3"
"Carmo do Rio Verde","Goiânia","191,3"
"Carmo do Rio Verde","Goiânia","191,3"
"Carmo do Rio Verde","Goiânia","191,3"
"Carmo do Rio Verde","Goiânia","191,3"
"Carmo do Rio Verde","Goiânia","191,3"
"Carmo do Rio Verde","Goiânia","191,3"
"Carmo do Rio Verde","Goiânia","191,3"
"Carmo do Rio Verde","Goiânia","191,3"
"Carmo do Rio Verde","Águas Lindas de Goiás","196,1"
"Carmo do Rio Verde","Aparecida de Goiânia","209,3"
"Carmo do Rio Verde","Luziânia","255,6"
"Carmo do Rio Verde","Formosa","306"
"Carmo do Rio Verde","Santa Helena de Goiás","346,9"
"Carmo do Rio Verde","Itumbiara","412,3"
"Carmo do Rio Verde","Itumbiara","412,3"
"Carmo do Rio Verde","Jataí","416,7"
"Carmo do Rio Verde","Jataí","416,7"
"Carmo do Rio Verde","Catalão","430,2"
"Carmo do Rio Verde","Catalão","430,2"
"Carmo do Rio Verde","Catalão","430,2"
"Carmo do Rio Verde","Catalão","430,2"
"Castelândia","Santa Helena de Goiás","66,2"
"Castelândia","Rio Verde","85,9"
"Castelândia","Rio Verde","85,9"
"Castelândia","Itumbiara","135,4"
"Castelândia","Itumbiara","135,4"
"Castelândia","Jataí","199,5"
"Castelândia","Jataí","199,5"
"Castelândia","Aparecida de Goiânia","214,1"
"Castelândia","São Luís de Montes Belos","216"
"Castelândia","Trindade","217,7"
"Castelândia","Trindade","217,7"
"Castelândia","Goiânia","227,9"
"Castelândia","Goiânia","227,9"
"Castelândia","Goiânia","227,9"
"Castelândia","Goiânia","227,9"
"Castelândia","Goiânia","227,9"
"Castelândia","Goiânia","227,9"
"Castelândia","Goiânia","227,9"
"Castelândia","Goiânia","227,9"
"Castelândia","Goiânia","227,9"
"Castelândia","Goiânia","227,9"
"Castelândia","Goiânia","227,9"
"Castelândia","Goiânia","227,9"
"Castelândia","Anápolis","284,3"
"Castelândia","Catalão","286,7"
"Castelândia","Catalão","286,7"
"Castelândia","Catalão","286,7"
"Castelândia","Catalão","286,7"
"Castelândia","Goiás","288,1"
"Castelândia","Jaraguá","331,2"
"Castelândia","Pirenópolis","338,6"
"Castelândia","Luziânia","377,8"
"Castelândia","Ceres","379,7"
"Castelândia","Ceres","379,7"
"Castelândia","Águas Lindas de Goiás","396"
"Castelândia","Uruaçu","487"
"Castelândia","Formosa","491,6"
"Catalão","Catalão","0"
"Catalão","Catalão","0"
"Catalão","Catalão","0"
"Catalão","Catalão","0"
"Catalão","Caldas Novas","119"
"Catalão","Itumbiara","168,5"
"Catalão","Itumbiara","168,5"
"Catalão","Aparecida de Goiânia","244,4"
"Catalão","Luziânia","255,2"
"Catalão","Goiânia","259,2"
"Catalão","Goiânia","259,2"
"Catalão","Goiânia","259,2"
"Catalão","Goiânia","259,2"
"Catalão","Goiânia","259,2"
"Catalão","Goiânia","259,2"
"Catalão","Goiânia","259,2"
"Catalão","Goiânia","259,2"
"Catalão","Goiânia","259,2"
"Catalão","Goiânia","259,2"
"Catalão","Goiânia","259,2"
"Catalão","Goiânia","259,2"
"Catalão","Anápolis","276,8"
"Catalão","Trindade","282,2"
"Catalão","Trindade","282,2"
"Catalão","Águas Lindas de Goiás","323,6"
"Catalão","Pirenópolis","334,9"
"Catalão","Santa Helena de Goiás","340,1"
"Catalão","Formosa","358,8"
"Catalão","Jaraguá","367,6"
"Catalão","São Luís de Montes Belos","379,2"
"Catalão","Goiás","408,8"
"Catalão","Ceres","429"
"Catalão","Ceres","429"
"Catalão","Jataí","472,7"
"Catalão","Jataí","472,7"
"Catalão","Uruaçu","501"
"Caturaí","Trindade","30,4"
"Caturaí","Trindade","30,4"
"Caturaí","Goiânia","47,9"
"Caturaí","Goiânia","47,9"
"Caturaí","Goiânia","47,9"
"Caturaí","Goiânia","47,9"
"Caturaí","Goiânia","47,9"
"Caturaí","Goiânia","47,9"
"Caturaí","Goiânia","47,9"
"Caturaí","Goiânia","47,9"
"Caturaí","Goiânia","47,9"
"Caturaí","Goiânia","47,9"
"Caturaí","Goiânia","47,9"
"Caturaí","Goiânia","47,9"
"Caturaí","Goiânia","47,9"
"Caturaí","Goiânia","47,9"
"Caturaí","Goiânia","47,9"
"Caturaí","Aparecida de Goiânia","65,1"
"Caturaí","Anápolis","75,1"
"Caturaí","Jaraguá","100,1"
"Caturaí","Pirenópolis","111"
"Caturaí","Goiás","113,5"
"Caturaí","São Luís de Montes Belos","119,5"
"Caturaí","Ceres","156,3"
"Caturaí","Ceres","156,3"
"Caturaí","Águas Lindas de Goiás","184,6"
"Caturaí","Luziânia","204,3"
"Caturaí","Santa Helena de Goiás","236,2"
"Caturaí","Uruaçu","260,3"
"Caturaí","Itumbiara","264,5"
"Caturaí","Itumbiara","264,5"
"Caturaí","Formosa","301,8"
"Caturaí","Catalão","302,8"
"Caturaí","Catalão","302,8"
"Caturaí","Catalão","302,8"
"Caturaí","Catalão","302,8"
"Caturaí","Jataí","342,4"
"Caturaí","Jataí","342,4"
"Cavalcante","Formosa","238,9"
"Cavalcante","Uruaçu","244,3"
"Cavalcante","Águas Lindas de Goiás","282,8"
"Cavalcante","Luziânia","333,7"
"Cavalcante","Pirenópolis","335,5"
"Cavalcante","Ceres","342,2"
"Cavalcante","Ceres","342,2"
"Cavalcante","Jaraguá","356"
"Cavalcante","Anápolis","388,8"
"Cavalcante","Goiás","440,8"
"Cavalcante","Goiânia","442,7"
"Cavalcante","Goiânia","442,7"
"Cavalcante","Goiânia","442,7"
"Cavalcante","Goiânia","442,7"
"Cavalcante","Goiânia","442,7"
"Cavalcante","Goiânia","442,7"
"Cavalcante","Goiânia","442,7"
"Cavalcante","Goiânia","442,7"
"Cavalcante","Goiânia","442,7"
"Cavalcante","Goiânia","442,7"
"Cavalcante","Goiânia","442,7"
"Cavalcante","Goiânia","442,7"
"Cavalcante","Trindade","454,7"
"Cavalcante","Trindade","454,7"
"Cavalcante","Aparecida de Goiânia","456,7"
"Cavalcante","São Luís de Montes Belos","513,9"
"Cavalcante","Catalão","576,4"
"Cavalcante","Catalão","576,4"
"Cavalcante","Catalão","576,4"
"Cavalcante","Catalão","576,4"
"Cavalcante","Itumbiara","644,4"
"Cavalcante","Itumbiara","644,4"
"Cavalcante","Santa Helena de Goiás","659,3"
"Cavalcante","Jataí","759,1"
"Cavalcante","Jataí","759,1"
"Caçu","Rio Verde","103"
"Caçu","Rio Verde","103"
"Caçu","Santa Helena de Goiás","123,7"
"Caçu","Jataí","124,3"
"Caçu","Jataí","124,3"
"Caçu","Itumbiara","243,5"
"Caçu","Itumbiara","243,5"
"Caçu","São Luís de Montes Belos","288,7"
"Caçu","Trindade","329"
"Caçu","Trindade","329"
"Caçu","Aparecida de Goiânia","333,7"
"Caçu","Goiânia","344,9"
"Caçu","Goiânia","344,9"
"Caçu","Goiânia","344,9"
"Caçu","Goiânia","344,9"
"Caçu","Goiânia","344,9"
"Caçu","Goiânia","344,9"
"Caçu","Goiânia","344,9"
"Caçu","Goiânia","344,9"
"Caçu","Goiânia","344,9"
"Caçu","Goiânia","344,9"
"Caçu","Goiânia","344,9"
"Caçu","Goiânia","344,9"
"Caçu","Goiás","372,6"
"Caçu","Anápolis","406,9"
"Caçu","Catalão","407,3"
"Caçu","Catalão","407,3"
"Caçu","Catalão","407,3"
"Caçu","Catalão","407,3"
"Caçu","Jaraguá","431,8"
"Caçu","Pirenópolis","447,8"
"Caçu","Ceres","468,2"
"Caçu","Ceres","468,2"
"Caçu","Luziânia","500,3"
"Caçu","Águas Lindas de Goiás","512,4"
"Caçu","Uruaçu","585,9"
"Caçu","Formosa","619,4"
"Ceres","Ceres","0"
"Ceres","Ceres","0"
"Ceres","Jaraguá","72,8"
"Ceres","Goiás","115,1"
"Ceres","Pirenópolis","116,3"
"Ceres","Uruaçu","123,1"
"Ceres","Anápolis","163,7"
"Ceres","Águas Lindas de Goiás","184,6"
"Ceres","Trindade","184,6"
"Ceres","Trindade","184,6"
"Ceres","Goiânia","193,8"
"Ceres","Goiânia","193,8"
"Ceres","Goiânia","193,8"
"Ceres","Goiânia","193,8"
"Ceres","Goiânia","193,8"
"Ceres","Goiânia","193,8"
"Ceres","Goiânia","193,8"
"Ceres","Goiânia","193,8"
"Ceres","Goiânia","193,8"
"Ceres","Goiânia","193,8"
"Ceres","Goiânia","193,8"
"Ceres","Goiânia","193,8"
"Ceres","São Luís de Montes Belos","194,8"
"Ceres","Aparecida de Goiânia","212,2"
"Ceres","Luziânia","246,7"
"Ceres","Formosa","292,8"
"Ceres","Santa Helena de Goiás","357,8"
"Ceres","Itumbiara","417"
"Ceres","Itumbiara","417"
"Ceres","Catalão","429"
"Ceres","Catalão","429"
"Ceres","Catalão","429"
"Ceres","Catalão","429"
"Ceres","Jataí","430,1"
"Ceres","Jataí","430,1"
"Cezarina","Trindade","61,5"
"Cezarina","Trindade","61,5"
"Cezarina","Aparecida de Goiânia","74,7"
"Cezarina","Goiânia","80"
"Cezarina","Goiânia","80"
"Cezarina","Goiânia","80"
"Cezarina","Goiânia","80"
"Cezarina","Goiânia","80"
"Cezarina","Goiânia","80"
"Cezarina","Goiânia","80"
"Cezarina","Goiânia","80"
"Cezarina","Goiânia","80"
"Cezarina","Goiânia","80"
"Cezarina","Goiânia","80"
"Cezarina","Goiânia","80"
"Cezarina","Senador Canedo","92,1"
"Cezarina","São Luís de Montes Belos","102,7"
"Cezarina","Anápolis","139,2"
"Cezarina","Goiás","149,8"
"Cezarina","Santa Helena de Goiás","157,2"
"Cezarina","Jaraguá","176,5"
"Cezarina","Pirenópolis","187,1"
"Cezarina","Itumbiara","209,7"
"Cezarina","Itumbiara","209,7"
"Cezarina","Ceres","229"
"Cezarina","Ceres","229"
"Cezarina","Águas Lindas de Goiás","250,3"
"Cezarina","Luziânia","252,4"
"Cezarina","Jataí","275,5"
"Cezarina","Jataí","275,5"
"Cezarina","Catalão","282,2"
"Cezarina","Catalão","282,2"
"Cezarina","Catalão","282,2"
"Cezarina","Catalão","282,2"
"Cezarina","Uruaçu","336,7"
"Cezarina","Formosa","366,2"
"Chapadão do Céu","Mineiros","115"
"Chapadão do Céu","Jataí","129,8"
"Chapadão do Céu","Jataí","129,8"
"Chapadão do Céu","Santa Helena de Goiás","259,9"
"Chapadão do Céu","São Luís de Montes Belos","374,3"
"Chapadão do Céu","Itumbiara","415"
"Chapadão do Céu","Itumbiara","415"
"Chapadão do Céu","Goiás","443,3"
"Chapadão do Céu","Trindade","446,4"
"Chapadão do Céu","Trindade","446,4"
"Chapadão do Céu","Aparecida de Goiânia","462,4"
"Chapadão do Céu","Goiânia","468,8"
"Chapadão do Céu","Goiânia","468,8"
"Chapadão do Céu","Goiânia","468,8"
"Chapadão do Céu","Goiânia","468,8"
"Chapadão do Céu","Goiânia","468,8"
"Chapadão do Céu","Goiânia","468,8"
"Chapadão do Céu","Goiânia","468,8"
"Chapadão do Céu","Goiânia","468,8"
"Chapadão do Céu","Goiânia","468,8"
"Chapadão do Céu","Goiânia","468,8"
"Chapadão do Céu","Goiânia","468,8"
"Chapadão do Céu","Goiânia","468,8"
"Chapadão do Céu","Anápolis","526,5"
"Chapadão do Céu","Jaraguá","532,8"
"Chapadão do Céu","Ceres","550,1"
"Chapadão do Céu","Ceres","550,1"
"Chapadão do Céu","Pirenópolis","561,4"
"Chapadão do Céu","Catalão","574,5"
"Chapadão do Céu","Catalão","574,5"
"Chapadão do Céu","Catalão","574,5"
"Chapadão do Céu","Catalão","574,5"
"Chapadão do Céu","Águas Lindas de Goiás","637,9"
"Chapadão do Céu","Luziânia","641,6"
"Chapadão do Céu","Uruaçu","666"
"Chapadão do Céu","Formosa","754,5"
"Cidade Ocidental","Luziânia","27,3"
"Cidade Ocidental","Águas Lindas de Goiás","65,7"
"Cidade Ocidental","Formosa","110,1"
"Cidade Ocidental","Anápolis","139,4"
"Cidade Ocidental","Pirenópolis","139,4"
"Cidade Ocidental","Jaraguá","190,5"
"Cidade Ocidental","Goiânia","194,5"
"Cidade Ocidental","Goiânia","194,5"
"Cidade Ocidental","Goiânia","194,5"
"Cidade Ocidental","Goiânia","194,5"
"Cidade Ocidental","Goiânia","194,5"
"Cidade Ocidental","Goiânia","194,5"
"Cidade Ocidental","Goiânia","194,5"
"Cidade Ocidental","Goiânia","194,5"
"Cidade Ocidental","Goiânia","194,5"
"Cidade Ocidental","Goiânia","194,5"
"Cidade Ocidental","Goiânia","194,5"
"Cidade Ocidental","Goiânia","194,5"
"Cidade Ocidental","Aparecida de Goiânia","201"
"Cidade Ocidental","Trindade","220,2"
"Cidade Ocidental","Trindade","220,2"
"Cidade Ocidental","Ceres","244,4"
"Cidade Ocidental","Ceres","244,4"
"Cidade Ocidental","Uruaçu","259,6"
"Cidade Ocidental","Catalão","278,8"
"Cidade Ocidental","Catalão","278,8"
"Cidade Ocidental","Catalão","278,8"
"Cidade Ocidental","Catalão","278,8"
"Cidade Ocidental","Goiás","284,8"
"Cidade Ocidental","São Luís de Montes Belos","319"
"Cidade Ocidental","Itumbiara","352,1"
"Cidade Ocidental","Itumbiara","352,1"
"Cidade Ocidental","Santa Helena de Goiás","412,2"
"Cidade Ocidental","Jataí","531,7"
"Cidade Ocidental","Jataí","531,7"
"Cocalzinho de Goiás","Pirenópolis","27,3"
"Cocalzinho de Goiás","Águas Lindas de Goiás","67,2"
"Cocalzinho de Goiás","Jaraguá","76,2"
"Cocalzinho de Goiás","Anápolis","79,5"
"Cocalzinho de Goiás","Anápolis","79,5"
"Cocalzinho de Goiás","Anápolis","79,5"
"Cocalzinho de Goiás","Luziânia","125,5"
"Cocalzinho de Goiás","Ceres","127,4"
"Cocalzinho de Goiás","Ceres","127,4"
"Cocalzinho de Goiás","Goiânia","138,3"
"Cocalzinho de Goiás","Goiânia","138,3"
"Cocalzinho de Goiás","Goiânia","138,3"
"Cocalzinho de Goiás","Goiânia","138,3"
"Cocalzinho de Goiás","Goiânia","138,3"
"Cocalzinho de Goiás","Goiânia","138,3"
"Cocalzinho de Goiás","Goiânia","138,3"
"Cocalzinho de Goiás","Goiânia","138,3"
"Cocalzinho de Goiás","Goiânia","138,3"
"Cocalzinho de Goiás","Goiânia","138,3"
"Cocalzinho de Goiás","Goiânia","138,3"
"Cocalzinho de Goiás","Goiânia","138,3"
"Cocalzinho de Goiás","Trindade","150,8"
"Cocalzinho de Goiás","Trindade","150,8"
"Cocalzinho de Goiás","Aparecida de Goiânia","153,8"
"Cocalzinho de Goiás","Uruaçu","179,9"
"Cocalzinho de Goiás","Goiás","180,7"
"Cocalzinho de Goiás","Formosa","192,4"
"Cocalzinho de Goiás","São Luís de Montes Belos","232,5"
"Cocalzinho de Goiás","Catalão","334,1"
"Cocalzinho de Goiás","Catalão","334,1"
"Cocalzinho de Goiás","Catalão","334,1"
"Cocalzinho de Goiás","Catalão","334,1"
"Cocalzinho de Goiás","Itumbiara","353,8"
"Cocalzinho de Goiás","Itumbiara","353,8"
"Cocalzinho de Goiás","Santa Helena de Goiás","356,2"
"Cocalzinho de Goiás","Jataí","460,2"
"Cocalzinho de Goiás","Jataí","460,2"
"Colinas do Sul","Uruaçu","149,8"
"Colinas do Sul","Formosa","213,4"
"Colinas do Sul","Águas Lindas de Goiás","221,8"
"Colinas do Sul","Ceres","249,7"
"Colinas do Sul","Ceres","249,7"
"Colinas do Sul","Pirenópolis","253,4"
"Colinas do Sul","Jaraguá","268,2"
"Colinas do Sul","Luziânia","280,7"
"Colinas do Sul","Anápolis","311,4"
"Colinas do Sul","Goiás","356,6"
"Colinas do Sul","Goiânia","371"
"Colinas do Sul","Goiânia","371"
"Colinas do Sul","Goiânia","371"
"Colinas do Sul","Goiânia","371"
"Colinas do Sul","Goiânia","371"
"Colinas do Sul","Goiânia","371"
"Colinas do Sul","Goiânia","371"
"Colinas do Sul","Goiânia","371"
"Colinas do Sul","Goiânia","371"
"Colinas do Sul","Goiânia","371"
"Colinas do Sul","Goiânia","371"
"Colinas do Sul","Goiânia","371"
"Colinas do Sul","Trindade","380"
"Colinas do Sul","Trindade","380"
"Colinas do Sul","Aparecida de Goiânia","386,4"
"Colinas do Sul","São Luís de Montes Belos","425,4"
"Colinas do Sul","Catalão","526,8"
"Colinas do Sul","Catalão","526,8"
"Colinas do Sul","Catalão","526,8"
"Colinas do Sul","Catalão","526,8"
"Colinas do Sul","Santa Helena de Goiás","575,8"
"Colinas do Sul","Itumbiara","576,7"
"Colinas do Sul","Itumbiara","576,7"
"Colinas do Sul","Jataí","670,9"
"Colinas do Sul","Jataí","670,9"
"Corumbaíba","Caldas Novas","51,6"
"Corumbaíba","Catalão","83,1"
"Corumbaíba","Catalão","83,1"
"Corumbaíba","Catalão","83,1"
"Corumbaíba","Catalão","83,1"
"Corumbaíba","Itumbiara","95,4"
"Corumbaíba","Itumbiara","95,4"
"Corumbaíba","Aparecida de Goiânia","201,6"
"Corumbaíba","Goiânia","219,1"
"Corumbaíba","Goiânia","219,1"
"Corumbaíba","Goiânia","219,1"
"Corumbaíba","Goiânia","219,1"
"Corumbaíba","Goiânia","219,1"
"Corumbaíba","Goiânia","219,1"
"Corumbaíba","Goiânia","219,1"
"Corumbaíba","Goiânia","219,1"
"Corumbaíba","Goiânia","219,1"
"Corumbaíba","Goiânia","219,1"
"Corumbaíba","Goiânia","219,1"
"Corumbaíba","Goiânia","219,1"
"Corumbaíba","Trindade","237,1"
"Corumbaíba","Trindade","237,1"
"Corumbaíba","Anápolis","247,1"
"Corumbaíba","Santa Helena de Goiás","262,1"
"Corumbaíba","Luziânia","263,8"
"Corumbaíba","Pirenópolis","309,8"
"Corumbaíba","São Luís de Montes Belos","316,1"
"Corumbaíba","Águas Lindas de Goiás","319,6"
"Corumbaíba","Jaraguá","333,6"
"Corumbaíba","Goiás","356,8"
"Corumbaíba","Formosa","380,8"
"Corumbaíba","Ceres","400,9"
"Corumbaíba","Ceres","400,9"
"Corumbaíba","Jataí","402,2"
"Corumbaíba","Jataí","402,2"
"Corumbaíba","Uruaçu","480,3"
"Corumbá de Goiás","Pirenópolis","24,4"
"Corumbá de Goiás","Anápolis","62,4"
"Corumbá de Goiás","Anápolis","62,4"
"Corumbá de Goiás","Anápolis","62,4"
"Corumbá de Goiás","Jaraguá","75,1"
"Corumbá de Goiás","Águas Lindas de Goiás","75,6"
"Corumbá de Goiás","Goiânia","123,8"
"Corumbá de Goiás","Goiânia","123,8"
"Corumbá de Goiás","Goiânia","123,8"
"Corumbá de Goiás","Goiânia","123,8"
"Corumbá de Goiás","Goiânia","123,8"
"Corumbá de Goiás","Goiânia","123,8"
"Corumbá de Goiás","Goiânia","123,8"
"Corumbá de Goiás","Goiânia","123,8"
"Corumbá de Goiás","Goiânia","123,8"
"Corumbá de Goiás","Goiânia","123,8"
"Corumbá de Goiás","Goiânia","123,8"
"Corumbá de Goiás","Goiânia","123,8"
"Corumbá de Goiás","Luziânia","125,7"
"Corumbá de Goiás","Trindade","133,7"
"Corumbá de Goiás","Trindade","133,7"
"Corumbá de Goiás","Ceres","133,9"
"Corumbá de Goiás","Ceres","133,9"
"Corumbá de Goiás","Aparecida de Goiânia","135,1"
"Corumbá de Goiás","Goiás","174,7"
"Corumbá de Goiás","Uruaçu","196,4"
"Corumbá de Goiás","Formosa","201,1"
"Corumbá de Goiás","São Luís de Montes Belos","220,7"
"Corumbá de Goiás","Catalão","318,8"
"Corumbá de Goiás","Catalão","318,8"
"Corumbá de Goiás","Catalão","318,8"
"Corumbá de Goiás","Catalão","318,8"
"Corumbá de Goiás","Itumbiara","335,5"
"Corumbá de Goiás","Itumbiara","335,5"
"Corumbá de Goiás","Santa Helena de Goiás","339,7"
"Corumbá de Goiás","Jataí","446,2"
"Corumbá de Goiás","Jataí","446,2"
"Cristalina","Luziânia","85,9"
"Cristalina","Águas Lindas de Goiás","163,2"
"Cristalina","Formosa","171,8"
"Cristalina","Anápolis","185,6"
"Cristalina","Catalão","196,1"
"Cristalina","Catalão","196,1"
"Cristalina","Catalão","196,1"
"Cristalina","Catalão","196,1"
"Cristalina","Aparecida de Goiânia","214"
"Cristalina","Goiânia","216,6"
"Cristalina","Goiânia","216,6"
"Cristalina","Goiânia","216,6"
"Cristalina","Goiânia","216,6"
"Cristalina","Goiânia","216,6"
"Cristalina","Goiânia","216,6"
"Cristalina","Goiânia","216,6"
"Cristalina","Goiânia","216,6"
"Cristalina","Goiânia","216,6"
"Cristalina","Goiânia","216,6"
"Cristalina","Goiânia","216,6"
"Cristalina","Goiânia","216,6"
"Cristalina","Pirenópolis","216,6"
"Cristalina","Trindade","240,7"
"Cristalina","Trindade","240,7"
"Cristalina","Jaraguá","258,7"
"Cristalina","Itumbiara","299,3"
"Cristalina","Itumbiara","299,3"
"Cristalina","Ceres","320,9"
"Cristalina","Ceres","320,9"
"Cristalina","Goiás","342,1"
"Cristalina","São Luís de Montes Belos","354,4"
"Cristalina","Uruaçu","358"
"Cristalina","Santa Helena de Goiás","405"
"Cristalina","Jataí","534,7"
"Cristalina","Jataí","534,7"
"Cristianópolis","Senador Canedo","79,2"
"Cristianópolis","Aparecida de Goiânia","90,8"
"Cristianópolis","Goiânia","104,8"
"Cristianópolis","Goiânia","104,8"
"Cristianópolis","Goiânia","104,8"
"Cristianópolis","Goiânia","104,8"
"Cristianópolis","Goiânia","104,8"
"Cristianópolis","Goiânia","104,8"
"Cristianópolis","Goiânia","104,8"
"Cristianópolis","Goiânia","104,8"
"Cristianópolis","Goiânia","104,8"
"Cristianópolis","Goiânia","104,8"
"Cristianópolis","Goiânia","104,8"
"Cristianópolis","Goiânia","104,8"
"Cristianópolis","Anápolis","123,5"
"Cristianópolis","Trindade","127,6"
"Cristianópolis","Trindade","127,6"
"Cristianópolis","Luziânia","162,7"
"Cristianópolis","Catalão","165,2"
"Cristianópolis","Catalão","165,2"
"Cristianópolis","Catalão","165,2"
"Cristianópolis","Catalão","165,2"
"Cristianópolis","Itumbiara","178,5"
"Cristianópolis","Itumbiara","178,5"
"Cristianópolis","Pirenópolis","187,3"
"Cristianópolis","Águas Lindas de Goiás","204,2"
"Cristianópolis","Jaraguá","214,4"
"Cristianópolis","São Luís de Montes Belos","237,3"
"Cristianópolis","Goiás","249,5"
"Cristianópolis","Santa Helena de Goiás","254,5"
"Cristianópolis","Ceres","277,4"
"Cristianópolis","Ceres","277,4"
"Cristianópolis","Formosa","282,1"
"Cristianópolis","Uruaçu","361,3"
"Cristianópolis","Jataí","394,4"
"Cristianópolis","Jataí","394,4"
"Crixás","Uruaçu","114"
"Crixás","Ceres","119,5"
"Crixás","Ceres","119,5"
"Crixás","Jaraguá","186"
"Crixás","Goiás","191,6"
"Crixás","Pirenópolis","223,7"
"Crixás","São Luís de Montes Belos","269,2"
"Crixás","Águas Lindas de Goiás","272"
"Crixás","Anápolis","272,2"
"Crixás","Trindade","288,4"
"Crixás","Trindade","288,4"
"Crixás","Goiânia","300,4"
"Crixás","Goiânia","300,4"
"Crixás","Goiânia","300,4"
"Crixás","Goiânia","300,4"
"Crixás","Goiânia","300,4"
"Crixás","Goiânia","300,4"
"Crixás","Goiânia","300,4"
"Crixás","Goiânia","300,4"
"Crixás","Goiânia","300,4"
"Crixás","Goiânia","300,4"
"Crixás","Goiânia","300,4"
"Crixás","Goiânia","300,4"
"Crixás","Aparecida de Goiânia","318,1"
"Crixás","Luziânia","346,3"
"Crixás","Formosa","365"
"Crixás","Santa Helena de Goiás","436,2"
"Crixás","Jataí","490,1"
"Crixás","Jataí","490,1"
"Crixás","Itumbiara","516,4"
"Crixás","Itumbiara","516,4"
"Crixás","Catalão","539,9"
"Crixás","Catalão","539,9"
"Crixás","Catalão","539,9"
"Crixás","Catalão","539,9"
"Cromínia","Aparecida de Goiânia","68,6"
"Cromínia","Goiânia","86,4"
"Cromínia","Goiânia","86,4"
"Cromínia","Goiânia","86,4"
"Cromínia","Goiânia","86,4"
"Cromínia","Goiânia","86,4"
"Cromínia","Goiânia","86,4"
"Cromínia","Goiânia","86,4"
"Cromínia","Goiânia","86,4"
"Cromínia","Goiânia","86,4"
"Cromínia","Goiânia","86,4"
"Cromínia","Goiânia","86,4"
"Cromínia","Goiânia","86,4"
"Cromínia","Trindade","91,2"
"Cromínia","Trindade","91,2"
"Cromínia","Senador Canedo","97"
"Cromínia","Anápolis","142,7"
"Cromínia","Itumbiara","154,9"
"Cromínia","Itumbiara","154,9"
"Cromínia","São Luís de Montes Belos","167"
"Cromínia","Santa Helena de Goiás","174,2"
"Cromínia","Pirenópolis","204,2"
"Cromínia","Jaraguá","210,1"
"Cromínia","Goiás","210,5"
"Cromínia","Catalão","222,3"
"Cromínia","Catalão","222,3"
"Cromínia","Catalão","222,3"
"Cromínia","Catalão","222,3"
"Cromínia","Luziânia","234,8"
"Cromínia","Águas Lindas de Goiás","247,4"
"Cromínia","Ceres","266"
"Cromínia","Ceres","266"
"Cromínia","Jataí","307,9"
"Cromínia","Jataí","307,9"
"Cromínia","Formosa","350,4"
"Cromínia","Uruaçu","370,2"
"Cumari","Catalão","32,3"
"Cumari","Catalão","32,3"
"Cumari","Catalão","32,3"
"Cumari","Catalão","32,3"
"Cumari","Caldas Novas","130"
"Cumari","Itumbiara","139,6"
"Cumari","Itumbiara","139,6"
"Cumari","Aparecida de Goiânia","243,8"
"Cumari","Goiânia","253,8"
"Cumari","Goiânia","253,8"
"Cumari","Goiânia","253,8"
"Cumari","Goiânia","253,8"
"Cumari","Goiânia","253,8"
"Cumari","Goiânia","253,8"
"Cumari","Goiânia","253,8"
"Cumari","Goiânia","253,8"
"Cumari","Goiânia","253,8"
"Cumari","Goiânia","253,8"
"Cumari","Goiânia","253,8"
"Cumari","Goiânia","253,8"
"Cumari","Luziânia","269,6"
"Cumari","Trindade","274,7"
"Cumari","Trindade","274,7"
"Cumari","Anápolis","277,8"
"Cumari","Santa Helena de Goiás","316,2"
"Cumari","Águas Lindas de Goiás","334,3"
"Cumari","Pirenópolis","338,2"
"Cumari","São Luís de Montes Belos","366,2"
"Cumari","Jaraguá","367,6"
"Cumari","Formosa","378,1"
"Cumari","Goiás","401,4"
"Cumari","Ceres","428,7"
"Cumari","Ceres","428,7"
"Cumari","Jataí","448"
"Cumari","Jataí","448"
"Cumari","Uruaçu","506,3"
"Córrego do Ouro","São Luís de Montes Belos","42"
"Córrego do Ouro","Goiás","75,2"
"Córrego do Ouro","Trindade","147,2"
"Córrego do Ouro","Trindade","147,2"
"Córrego do Ouro","Jaraguá","176"
"Córrego do Ouro","Goiânia","177,1"
"Córrego do Ouro","Goiânia","177,1"
"Córrego do Ouro","Goiânia","177,1"
"Córrego do Ouro","Goiânia","177,1"
"Córrego do Ouro","Goiânia","177,1"
"Córrego do Ouro","Goiânia","177,1"
"Córrego do Ouro","Goiânia","177,1"
"Córrego do Ouro","Goiânia","177,1"
"Córrego do Ouro","Goiânia","177,1"
"Córrego do Ouro","Goiânia","177,1"
"Córrego do Ouro","Goiânia","177,1"
"Córrego do Ouro","Goiânia","177,1"
"Córrego do Ouro","Ceres","183,9"
"Córrego do Ouro","Ceres","183,9"
"Córrego do Ouro","Aparecida de Goiânia","185,5"
"Córrego do Ouro","Santa Helena de Goiás","208"
"Córrego do Ouro","Anápolis","209,7"
"Córrego do Ouro","Pirenópolis","217,7"
"Córrego do Ouro","Jataí","259"
"Córrego do Ouro","Jataí","259"
"Córrego do Ouro","Uruaçu","297,6"
"Córrego do Ouro","Águas Lindas de Goiás","299,4"
"Córrego do Ouro","Itumbiara","329,8"
"Córrego do Ouro","Itumbiara","329,8"
"Córrego do Ouro","Luziânia","333,1"
"Córrego do Ouro","Catalão","415,7"
"Córrego do Ouro","Catalão","415,7"
"Córrego do Ouro","Catalão","415,7"
"Córrego do Ouro","Catalão","415,7"
"Córrego do Ouro","Formosa","417,2"
"Damianópolis","Formosa","203,4"
"Damianópolis","Águas Lindas de Goiás","314,8"
"Damianópolis","Luziânia","320,9"
"Damianópolis","Uruaçu","382,6"
"Damianópolis","Pirenópolis","397,2"
"Damianópolis","Anápolis","420,7"
"Damianópolis","Jaraguá","429,3"
"Damianópolis","Ceres","444,7"
"Damianópolis","Ceres","444,7"
"Damianópolis","Goiânia","479,4"
"Damianópolis","Goiânia","479,4"
"Damianópolis","Goiânia","479,4"
"Damianópolis","Goiânia","479,4"
"Damianópolis","Goiânia","479,4"
"Damianópolis","Goiânia","479,4"
"Damianópolis","Goiânia","479,4"
"Damianópolis","Goiânia","479,4"
"Damianópolis","Goiânia","479,4"
"Damianópolis","Goiânia","479,4"
"Damianópolis","Goiânia","479,4"
"Damianópolis","Goiânia","479,4"
"Damianópolis","Aparecida de Goiânia","488"
"Damianópolis","Trindade","500,8"
"Damianópolis","Trindade","500,8"
"Damianópolis","Catalão","522,6"
"Damianópolis","Catalão","522,6"
"Damianópolis","Catalão","522,6"
"Damianópolis","Catalão","522,6"
"Damianópolis","Goiás","532,9"
"Damianópolis","São Luís de Montes Belos","589,3"
"Damianópolis","Itumbiara","633,3"
"Damianópolis","Itumbiara","633,3"
"Damianópolis","Santa Helena de Goiás","701,4"
"Damianópolis","Jataí","822,7"
"Damianópolis","Jataí","822,7"
"Damolândia","Anápolis","58,7"
"Damolândia","Trindade","61,1"
"Damolândia","Trindade","61,1"
"Damolândia","Goiânia","64,9"
"Damolândia","Goiânia","64,9"
"Damolândia","Goiânia","64,9"
"Damolândia","Goiânia","64,9"
"Damolândia","Goiânia","64,9"
"Damolândia","Goiânia","64,9"
"Damolândia","Goiânia","64,9"
"Damolândia","Goiânia","64,9"
"Damolândia","Goiânia","64,9"
"Damolândia","Goiânia","64,9"
"Damolândia","Goiânia","64,9"
"Damolândia","Goiânia","64,9"
"Damolândia","Goiânia","64,9"
"Damolândia","Goiânia","64,9"
"Damolândia","Goiânia","64,9"
"Damolândia","Jaraguá","70,9"
"Damolândia","Pirenópolis","79,1"
"Damolândia","Aparecida de Goiânia","81,4"
"Damolândia","Goiás","114,8"
"Damolândia","Ceres","133,5"
"Damolândia","Ceres","133,5"
"Damolândia","São Luís de Montes Belos","137,4"
"Damolândia","Águas Lindas de Goiás","157,3"
"Damolândia","Luziânia","185,5"
"Damolândia","Uruaçu","238,5"
"Damolândia","Santa Helena de Goiás","260,8"
"Damolândia","Formosa","277"
"Damolândia","Itumbiara","288,1"
"Damolândia","Itumbiara","288,1"
"Damolândia","Catalão","312,6"
"Damolândia","Catalão","312,6"
"Damolândia","Catalão","312,6"
"Damolândia","Catalão","312,6"
"Damolândia","Jataí","370,7"
"Damolândia","Jataí","370,7"
"Davinópolis","Catalão","54"
"Davinópolis","Catalão","54"
"Davinópolis","Catalão","54"
"Davinópolis","Catalão","54"
"Davinópolis","Caldas Novas","167"
"Davinópolis","Itumbiara","218,3"
"Davinópolis","Itumbiara","218,3"
"Davinópolis","Luziânia","258"
"Davinópolis","Aparecida de Goiânia","278,9"
"Davinópolis","Goiânia","292,2"
"Davinópolis","Goiânia","292,2"
"Davinópolis","Goiânia","292,2"
"Davinópolis","Goiânia","292,2"
"Davinópolis","Goiânia","292,2"
"Davinópolis","Goiânia","292,2"
"Davinópolis","Goiânia","292,2"
"Davinópolis","Goiânia","292,2"
"Davinópolis","Goiânia","292,2"
"Davinópolis","Goiânia","292,2"
"Davinópolis","Goiânia","292,2"
"Davinópolis","Goiânia","292,2"
"Davinópolis","Anápolis","301,3"
"Davinópolis","Trindade","317,4"
"Davinópolis","Trindade","317,4"
"Davinópolis","Águas Lindas de Goiás","331,8"
"Davinópolis","Formosa","349,4"
"Davinópolis","Pirenópolis","355,1"
"Davinópolis","Santa Helena de Goiás","388,6"
"Davinópolis","Jaraguá","392,2"
"Davinópolis","São Luís de Montes Belos","419,4"
"Davinópolis","Goiás","435,4"
"Davinópolis","Ceres","452,9"
"Davinópolis","Ceres","452,9"
"Davinópolis","Uruaçu","515,9"
"Davinópolis","Jataí","520,7"
"Davinópolis","Jataí","520,7"
"Diorama","São Luís de Montes Belos","126,2"
"Diorama","Goiás","152"
"Diorama","Santa Helena de Goiás","232,3"
"Diorama","Jataí","233,2"
"Diorama","Jataí","233,2"
"Diorama","Trindade","238,1"
"Diorama","Trindade","238,1"
"Diorama","Ceres","245,8"
"Diorama","Ceres","245,8"
"Diorama","Jaraguá","254,4"
"Diorama","Goiânia","261,7"
"Diorama","Goiânia","261,7"
"Diorama","Goiânia","261,7"
"Diorama","Goiânia","261,7"
"Diorama","Goiânia","261,7"
"Diorama","Goiânia","261,7"
"Diorama","Goiânia","261,7"
"Diorama","Goiânia","261,7"
"Diorama","Goiânia","261,7"
"Diorama","Goiânia","261,7"
"Diorama","Goiânia","261,7"
"Diorama","Goiânia","261,7"
"Diorama","Aparecida de Goiânia","268,4"
"Diorama","Anápolis","295,1"
"Diorama","Pirenópolis","298,8"
"Diorama","Uruaçu","355"
"Diorama","Águas Lindas de Goiás","386,4"
"Diorama","Itumbiara","389,5"
"Diorama","Itumbiara","389,5"
"Diorama","Luziânia","416,3"
"Diorama","Catalão","486,3"
"Diorama","Catalão","486,3"
"Diorama","Catalão","486,3"
"Diorama","Catalão","486,3"
"Diorama","Formosa","502,7"
"Divinópolis de Goiás","Formosa","324,4"
"Divinópolis de Goiás","Uruaçu","391,4"
"Divinópolis de Goiás","Águas Lindas de Goiás","410,2"
"Divinópolis de Goiás","Luziânia","436,2"
"Divinópolis de Goiás","Pirenópolis","467,9"
"Divinópolis de Goiás","Ceres","485,6"
"Divinópolis de Goiás","Ceres","485,6"
"Divinópolis de Goiás","Jaraguá","493,7"
"Divinópolis de Goiás","Anápolis","514"
"Divinópolis de Goiás","Goiânia","575,2"
"Divinópolis de Goiás","Goiânia","575,2"
"Divinópolis de Goiás","Goiânia","575,2"
"Divinópolis de Goiás","Goiânia","575,2"
"Divinópolis de Goiás","Goiânia","575,2"
"Divinópolis de Goiás","Goiânia","575,2"
"Divinópolis de Goiás","Goiânia","575,2"
"Divinópolis de Goiás","Goiânia","575,2"
"Divinópolis de Goiás","Goiânia","575,2"
"Divinópolis de Goiás","Goiânia","575,2"
"Divinópolis de Goiás","Goiânia","575,2"
"Divinópolis de Goiás","Goiânia","575,2"
"Divinópolis de Goiás","Aparecida de Goiânia","587,5"
"Divinópolis de Goiás","Goiás","588,3"
"Divinópolis de Goiás","Trindade","590,6"
"Divinópolis de Goiás","Trindade","590,6"
"Divinópolis de Goiás","São Luís de Montes Belos","658,7"
"Divinópolis de Goiás","Catalão","669,4"
"Divinópolis de Goiás","Catalão","669,4"
"Divinópolis de Goiás","Catalão","669,4"
"Divinópolis de Goiás","Catalão","669,4"
"Divinópolis de Goiás","Itumbiara","760,4"
"Divinópolis de Goiás","Itumbiara","760,4"
"Divinópolis de Goiás","Santa Helena de Goiás","796,3"
"Divinópolis de Goiás","Jataí","902,8"
"Divinópolis de Goiás","Jataí","902,8"
"Doverlândia","Mineiros","151"
"Doverlândia","Jataí","176,8"
"Doverlândia","Jataí","176,8"
"Doverlândia","São Luís de Montes Belos","250,2"
"Doverlândia","Santa Helena de Goiás","263,4"
"Doverlândia","Goiás","298,1"
"Doverlândia","Trindade","361,3"
"Doverlândia","Trindade","361,3"
"Doverlândia","Goiânia","390,4"
"Doverlândia","Goiânia","390,4"
"Doverlândia","Goiânia","390,4"
"Doverlândia","Goiânia","390,4"
"Doverlândia","Goiânia","390,4"
"Doverlândia","Goiânia","390,4"
"Doverlândia","Goiânia","390,4"
"Doverlândia","Goiânia","390,4"
"Doverlândia","Goiânia","390,4"
"Doverlândia","Goiânia","390,4"
"Doverlândia","Goiânia","390,4"
"Doverlândia","Goiânia","390,4"
"Doverlândia","Aparecida de Goiânia","392,8"
"Doverlândia","Ceres","396,4"
"Doverlândia","Ceres","396,4"
"Doverlândia","Jaraguá","403,4"
"Doverlândia","Anápolis","426,5"
"Doverlândia","Pirenópolis","438,3"
"Doverlândia","Itumbiara","447,1"
"Doverlândia","Itumbiara","447,1"
"Doverlândia","Uruaçu","494,3"
"Doverlândia","Águas Lindas de Goiás","523,8"
"Doverlândia","Luziânia","553,1"
"Doverlândia","Catalão","579,6"
"Doverlândia","Catalão","579,6"
"Doverlândia","Catalão","579,6"
"Doverlândia","Catalão","579,6"
"Doverlândia","Formosa","646,6"
"Edealina","Aparecida de Goiânia","102,2"
"Edealina","Trindade","111,5"
"Edealina","Trindade","111,5"
"Edealina","Goiânia","117,3"
"Edealina","Goiânia","117,3"
"Edealina","Goiânia","117,3"
"Edealina","Goiânia","117,3"
"Edealina","Goiânia","117,3"
"Edealina","Goiânia","117,3"
"Edealina","Goiânia","117,3"
"Edealina","Goiânia","117,3"
"Edealina","Goiânia","117,3"
"Edealina","Goiânia","117,3"
"Edealina","Goiânia","117,3"
"Edealina","Goiânia","117,3"
"Edealina","Santa Helena de Goiás","132,7"
"Edealina","Itumbiara","146,9"
"Edealina","Itumbiara","146,9"
"Edealina","São Luís de Montes Belos","154,4"
"Edealina","Senador Canedo","162"
"Edealina","Anápolis","176,4"
"Edealina","Goiás","213,2"
"Edealina","Jaraguá","232,6"
"Edealina","Pirenópolis","234,2"
"Edealina","Catalão","245,9"
"Edealina","Catalão","245,9"
"Edealina","Catalão","245,9"
"Edealina","Catalão","245,9"
"Edealina","Jataí","268,3"
"Edealina","Jataí","268,3"
"Edealina","Luziânia","268,9"
"Edealina","Ceres","282,7"
"Edealina","Ceres","282,7"
"Edealina","Águas Lindas de Goiás","283,7"
"Edealina","Formosa","389,6"
"Edealina","Uruaçu","392,8"
"Edéia","Santa Helena de Goiás","111,9"
"Edéia","Trindade","113,8"
"Edéia","Trindade","113,8"
"Edéia","Aparecida de Goiânia","117,9"
"Edéia","Goiânia","124,8"
"Edéia","Goiânia","124,8"
"Edéia","Goiânia","124,8"
"Edéia","Goiânia","124,8"
"Edéia","Goiânia","124,8"
"Edéia","Goiânia","124,8"
"Edéia","Goiânia","124,8"
"Edéia","Goiânia","124,8"
"Edéia","Goiânia","124,8"
"Edéia","Goiânia","124,8"
"Edéia","Goiânia","124,8"
"Edéia","Goiânia","124,8"
"Edéia","São Luís de Montes Belos","126,2"
"Edéia","Senador Canedo","147"
"Edéia","Itumbiara","173,2"
"Edéia","Itumbiara","173,2"
"Edéia","Anápolis","188,4"
"Edéia","Goiás","194,5"
"Edéia","Jaraguá","230,7"
"Edéia","Pirenópolis","240,2"
"Edéia","Jataí","244,8"
"Edéia","Jataí","244,8"
"Edéia","Ceres","274,7"
"Edéia","Ceres","274,7"
"Edéia","Catalão","275,3"
"Edéia","Catalão","275,3"
"Edéia","Catalão","275,3"
"Edéia","Catalão","275,3"
"Edéia","Luziânia","291,6"
"Edéia","Águas Lindas de Goiás","298"
"Edéia","Uruaçu","389,3"
"Edéia","Formosa","409,7"
"Estrela do Norte","Porangatu","57,4"
"Estrela do Norte","Uruaçu","93,3"
"Estrela do Norte","Ceres","209"
"Estrela do Norte","Ceres","209"
"Estrela do Norte","Jaraguá","254"
"Estrela do Norte","Pirenópolis","265,2"
"Estrela do Norte","Águas Lindas de Goiás","272,6"
"Estrela do Norte","Goiás","308,3"
"Estrela do Norte","Formosa","316,2"
"Estrela do Norte","Anápolis","328,8"
"Estrela do Norte","Luziânia","349,7"
"Estrela do Norte","Trindade","375,6"
"Estrela do Norte","Trindade","375,6"
"Estrela do Norte","Goiânia","377"
"Estrela do Norte","Goiânia","377"
"Estrela do Norte","Goiânia","377"
"Estrela do Norte","Goiânia","377"
"Estrela do Norte","Goiânia","377"
"Estrela do Norte","Goiânia","377"
"Estrela do Norte","Goiânia","377"
"Estrela do Norte","Goiânia","377"
"Estrela do Norte","Goiânia","377"
"Estrela do Norte","Goiânia","377"
"Estrela do Norte","Goiânia","377"
"Estrela do Norte","Goiânia","377"
"Estrela do Norte","São Luís de Montes Belos","391,8"
"Estrela do Norte","Aparecida de Goiânia","394,7"
"Estrela do Norte","Santa Helena de Goiás","552,2"
"Estrela do Norte","Catalão","581,7"
"Estrela do Norte","Catalão","581,7"
"Estrela do Norte","Catalão","581,7"
"Estrela do Norte","Catalão","581,7"
"Estrela do Norte","Itumbiara","596,4"
"Estrela do Norte","Itumbiara","596,4"
"Estrela do Norte","Jataí","623,5"
"Estrela do Norte","Jataí","623,5"
"Faina","Goiás","74,9"
"Faina","Ceres","105,7"
"Faina","Ceres","105,7"
"Faina","Jaraguá","141,7"
"Faina","São Luís de Montes Belos","146,9"
"Faina","Pirenópolis","193"
"Faina","Trindade","200,5"
"Faina","Trindade","200,5"
"Faina","Uruaçu","205"
"Faina","Anápolis","221"
"Faina","Goiânia","222,6"
"Faina","Goiânia","222,6"
"Faina","Goiânia","222,6"
"Faina","Goiânia","222,6"
"Faina","Goiânia","222,6"
"Faina","Goiânia","222,6"
"Faina","Goiânia","222,6"
"Faina","Goiânia","222,6"
"Faina","Goiânia","222,6"
"Faina","Goiânia","222,6"
"Faina","Goiânia","222,6"
"Faina","Goiânia","222,6"
"Faina","Aparecida de Goiânia","238,1"
"Faina","Águas Lindas de Goiás","270,6"
"Faina","Santa Helena de Goiás","316,9"
"Faina","Luziânia","327,7"
"Faina","Jataí","367,9"
"Faina","Jataí","367,9"
"Faina","Formosa","389,2"
"Faina","Itumbiara","414,4"
"Faina","Itumbiara","414,4"
"Faina","Catalão","468,5"
"Faina","Catalão","468,5"
"Faina","Catalão","468,5"
"Faina","Catalão","468,5"
"Fazenda Nova","São Luís de Montes Belos","72,8"
"Fazenda Nova","Goiás","93,5"
"Fazenda Nova","Trindade","180,4"
"Fazenda Nova","Trindade","180,4"
"Fazenda Nova","Ceres","196,1"
"Fazenda Nova","Ceres","196,1"
"Fazenda Nova","Jaraguá","198,8"
"Fazenda Nova","Goiânia","210,2"
"Fazenda Nova","Goiânia","210,2"
"Fazenda Nova","Goiânia","210,2"
"Fazenda Nova","Goiânia","210,2"
"Fazenda Nova","Goiânia","210,2"
"Fazenda Nova","Goiânia","210,2"
"Fazenda Nova","Goiânia","210,2"
"Fazenda Nova","Goiânia","210,2"
"Fazenda Nova","Goiânia","210,2"
"Fazenda Nova","Goiânia","210,2"
"Fazenda Nova","Goiânia","210,2"
"Fazenda Nova","Goiânia","210,2"
"Fazenda Nova","Aparecida de Goiânia","218,8"
"Fazenda Nova","Santa Helena de Goiás","224"
"Fazenda Nova","Anápolis","240,5"
"Fazenda Nova","Pirenópolis","243,5"
"Fazenda Nova","Jataí","256,1"
"Fazenda Nova","Jataí","256,1"
"Fazenda Nova","Uruaçu","305,8"
"Fazenda Nova","Águas Lindas de Goiás","325,2"
"Fazenda Nova","Itumbiara","357,5"
"Fazenda Nova","Itumbiara","357,5"
"Fazenda Nova","Luziânia","362,5"
"Fazenda Nova","Catalão","440,3"
"Fazenda Nova","Catalão","440,3"
"Fazenda Nova","Catalão","440,3"
"Fazenda Nova","Catalão","440,3"
"Fazenda Nova","Formosa","442,4"
"Firminópolis","São Luís de Montes Belos","13,4"
"Firminópolis","Goiás","93,7"
"Firminópolis","Trindade","110,2"
"Firminópolis","Trindade","110,2"
"Firminópolis","Goiânia","137"
"Firminópolis","Goiânia","137"
"Firminópolis","Goiânia","137"
"Firminópolis","Goiânia","137"
"Firminópolis","Goiânia","137"
"Firminópolis","Goiânia","137"
"Firminópolis","Goiânia","137"
"Firminópolis","Goiânia","137"
"Firminópolis","Goiânia","137"
"Firminópolis","Goiânia","137"
"Firminópolis","Goiânia","137"
"Firminópolis","Goiânia","137"
"Firminópolis","Aparecida de Goiânia","142,4"
"Firminópolis","Jaraguá","170,1"
"Firminópolis","Santa Helena de Goiás","173,1"
"Firminópolis","Anápolis","180,4"
"Firminópolis","Ceres","197"
"Firminópolis","Ceres","197"
"Firminópolis","Pirenópolis","202,8"
"Firminópolis","Jataí","250,4"
"Firminópolis","Jataí","250,4"
"Firminópolis","Itumbiara","280,9"
"Firminópolis","Itumbiara","280,9"
"Firminópolis","Águas Lindas de Goiás","281,2"
"Firminópolis","Luziânia","304,4"
"Firminópolis","Uruaçu","312,2"
"Firminópolis","Catalão","367,7"
"Firminópolis","Catalão","367,7"
"Firminópolis","Catalão","367,7"
"Firminópolis","Catalão","367,7"
"Firminópolis","Formosa","404,9"
"Flores de Goiás","Formosa","154,7"
"Flores de Goiás","Águas Lindas de Goiás","243,4"
"Flores de Goiás","Luziânia","268,1"
"Flores de Goiás","Uruaçu","271,2"
"Flores de Goiás","Pirenópolis","310,1"
"Flores de Goiás","Jaraguá","343,1"
"Flores de Goiás","Ceres","349,3"
"Flores de Goiás","Ceres","349,3"
"Flores de Goiás","Anápolis","351,6"
"Flores de Goiás","Goiânia","413,5"
"Flores de Goiás","Goiânia","413,5"
"Flores de Goiás","Goiânia","413,5"
"Flores de Goiás","Goiânia","413,5"
"Flores de Goiás","Goiânia","413,5"
"Flores de Goiás","Goiânia","413,5"
"Flores de Goiás","Goiânia","413,5"
"Flores de Goiás","Goiânia","413,5"
"Flores de Goiás","Goiânia","413,5"
"Flores de Goiás","Goiânia","413,5"
"Flores de Goiás","Goiânia","413,5"
"Flores de Goiás","Goiânia","413,5"
"Flores de Goiás","Aparecida de Goiânia","418"
"Flores de Goiás","Trindade","424"
"Flores de Goiás","Trindade","424"
"Flores de Goiás","Goiás","438,3"
"Flores de Goiás","Catalão","501,3"
"Flores de Goiás","Catalão","501,3"
"Flores de Goiás","Catalão","501,3"
"Flores de Goiás","Catalão","501,3"
"Flores de Goiás","São Luís de Montes Belos","501,6"
"Flores de Goiás","Itumbiara","587,6"
"Flores de Goiás","Itumbiara","587,6"
"Flores de Goiás","Santa Helena de Goiás","629,2"
"Flores de Goiás","Jataí","742"
"Flores de Goiás","Jataí","742"
"Formosa","Formosa","0"
"Formosa","Luziânia","126,6"
"Formosa","Águas Lindas de Goiás","128"
"Formosa","Pirenópolis","217,7"
"Formosa","Anápolis","238,3"
"Formosa","Jaraguá","258,2"
"Formosa","Uruaçu","268,9"
"Formosa","Goiânia","290,6"
"Formosa","Goiânia","290,6"
"Formosa","Goiânia","290,6"
"Formosa","Goiânia","290,6"
"Formosa","Goiânia","290,6"
"Formosa","Goiânia","290,6"
"Formosa","Goiânia","290,6"
"Formosa","Goiânia","290,6"
"Formosa","Goiânia","290,6"
"Formosa","Goiânia","290,6"
"Formosa","Goiânia","290,6"
"Formosa","Goiânia","290,6"
"Formosa","Ceres","292,8"
"Formosa","Ceres","292,8"
"Formosa","Aparecida de Goiânia","298,4"
"Formosa","Trindade","313,7"
"Formosa","Trindade","313,7"
"Formosa","Catalão","358,8"
"Formosa","Catalão","358,8"
"Formosa","Catalão","358,8"
"Formosa","Catalão","358,8"
"Formosa","Goiás","363,8"
"Formosa","São Luís de Montes Belos","410,8"
"Formosa","Itumbiara","444,2"
"Formosa","Itumbiara","444,2"
"Formosa","Santa Helena de Goiás","506,7"
"Formosa","Jataí","630,5"
"Formosa","Jataí","630,5"
"Formoso","Porangatu","57,3"
"Formoso","Uruaçu","124,5"
"Formoso","Ceres","245,9"
"Formoso","Ceres","245,9"
"Formoso","Jaraguá","286,8"
"Formoso","Águas Lindas de Goiás","292,1"
"Formoso","Pirenópolis","293,9"
"Formoso","Formosa","321,2"
"Formoso","Goiás","345,5"
"Formoso","Anápolis","357,5"
"Formoso","Luziânia","367,3"
"Formoso","Goiânia","408,2"
"Formoso","Goiânia","408,2"
"Formoso","Goiânia","408,2"
"Formoso","Goiânia","408,2"
"Formoso","Goiânia","408,2"
"Formoso","Goiânia","408,2"
"Formoso","Goiânia","408,2"
"Formoso","Goiânia","408,2"
"Formoso","Goiânia","408,2"
"Formoso","Goiânia","408,2"
"Formoso","Goiânia","408,2"
"Formoso","Goiânia","408,2"
"Formoso","Trindade","408,4"
"Formoso","Trindade","408,4"
"Formoso","Aparecida de Goiânia","418,5"
"Formoso","São Luís de Montes Belos","421,6"
"Formoso","Santa Helena de Goiás","587,6"
"Formoso","Catalão","604"
"Formoso","Catalão","604"
"Formoso","Catalão","604"
"Formoso","Catalão","604"
"Formoso","Itumbiara","626"
"Formoso","Itumbiara","626"
"Formoso","Jataí","660,8"
"Formoso","Jataí","660,8"
"Gameleira de Goiás","Anápolis","52,1"
"Gameleira de Goiás","Anápolis","52,1"
"Gameleira de Goiás","Anápolis","52,1"
"Gameleira de Goiás","Goiânia","88,4"
"Gameleira de Goiás","Goiânia","88,4"
"Gameleira de Goiás","Goiânia","88,4"
"Gameleira de Goiás","Goiânia","88,4"
"Gameleira de Goiás","Goiânia","88,4"
"Gameleira de Goiás","Goiânia","88,4"
"Gameleira de Goiás","Goiânia","88,4"
"Gameleira de Goiás","Goiânia","88,4"
"Gameleira de Goiás","Goiânia","88,4"
"Gameleira de Goiás","Goiânia","88,4"
"Gameleira de Goiás","Goiânia","88,4"
"Gameleira de Goiás","Goiânia","88,4"
"Gameleira de Goiás","Aparecida de Goiânia","94,1"
"Gameleira de Goiás","Pirenópolis","99,2"
"Gameleira de Goiás","Luziânia","99,8"
"Gameleira de Goiás","Águas Lindas de Goiás","113,5"
"Gameleira de Goiás","Trindade","117,1"
"Gameleira de Goiás","Trindade","117,1"
"Gameleira de Goiás","Jaraguá","135,1"
"Gameleira de Goiás","Ceres","204,4"
"Gameleira de Goiás","Ceres","204,4"
"Gameleira de Goiás","Goiás","210,3"
"Gameleira de Goiás","Formosa","215,1"
"Gameleira de Goiás","São Luís de Montes Belos","226,6"
"Gameleira de Goiás","Catalão","241,3"
"Gameleira de Goiás","Catalão","241,3"
"Gameleira de Goiás","Catalão","241,3"
"Gameleira de Goiás","Catalão","241,3"
"Gameleira de Goiás","Itumbiara","266,8"
"Gameleira de Goiás","Itumbiara","266,8"
"Gameleira de Goiás","Uruaçu","269,4"
"Gameleira de Goiás","Santa Helena de Goiás","305,4"
"Gameleira de Goiás","Jataí","426,6"
"Gameleira de Goiás","Jataí","426,6"
"Goiandira","Catalão","21,4"
"Goiandira","Catalão","21,4"
"Goiandira","Catalão","21,4"
"Goiandira","Catalão","21,4"
"Goiandira","Caldas Novas","116"
"Goiandira","Itumbiara","151,3"
"Goiandira","Itumbiara","151,3"
"Goiandira","Aparecida de Goiânia","235,1"
"Goiandira","Goiânia","244,6"
"Goiandira","Goiânia","244,6"
"Goiandira","Goiânia","244,6"
"Goiandira","Goiânia","244,6"
"Goiandira","Goiânia","244,6"
"Goiandira","Goiânia","244,6"
"Goiandira","Goiânia","244,6"
"Goiandira","Goiânia","244,6"
"Goiandira","Goiânia","244,6"
"Goiandira","Goiânia","244,6"
"Goiandira","Goiânia","244,6"
"Goiandira","Goiânia","244,6"
"Goiandira","Luziânia","251,8"
"Goiandira","Anápolis","265,2"
"Goiandira","Trindade","266,9"
"Goiandira","Trindade","266,9"
"Goiandira","Águas Lindas de Goiás","317,6"
"Goiandira","Santa Helena de Goiás","321,5"
"Goiandira","Pirenópolis","324,5"
"Goiandira","Jaraguá","355,4"
"Goiandira","Formosa","359,3"
"Goiandira","São Luís de Montes Belos","362"
"Goiandira","Goiás","393,6"
"Goiandira","Ceres","417"
"Goiandira","Ceres","417"
"Goiandira","Jataí","454,5"
"Goiandira","Jataí","454,5"
"Goiandira","Uruaçu","492,1"
"Goianira","Trindade","25,9"
"Goianira","Trindade","25,9"
"Goianira","Goiânia","36,3"
"Goianira","Goiânia","36,3"
"Goianira","Goiânia","36,3"
"Goianira","Goiânia","36,3"
"Goianira","Goiânia","36,3"
"Goianira","Goiânia","36,3"
"Goianira","Goiânia","36,3"
"Goianira","Goiânia","36,3"
"Goianira","Goiânia","36,3"
"Goianira","Goiânia","36,3"
"Goianira","Goiânia","36,3"
"Goianira","Goiânia","36,3"
"Goianira","Goiânia","36,3"
"Goianira","Goiânia","36,3"
"Goianira","Goiânia","36,3"
"Goianira","Aparecida de Goiânia","54"
"Goianira","Anápolis","68,3"
"Goianira","Jaraguá","105,5"
"Goianira","Pirenópolis","111"
"Goianira","São Luís de Montes Belos","124,1"
"Goianira","Goiás","125"
"Goianira","Ceres","164,2"
"Goianira","Ceres","164,2"
"Goianira","Águas Lindas de Goiás","180,8"
"Goianira","Luziânia","196,6"
"Goianira","Santa Helena de Goiás","236,3"
"Goianira","Itumbiara","256,9"
"Goianira","Itumbiara","256,9"
"Goianira","Uruaçu","265,6"
"Goianira","Catalão","292,2"
"Goianira","Catalão","292,2"
"Goianira","Catalão","292,2"
"Goianira","Catalão","292,2"
"Goianira","Formosa","296,8"
"Goianira","Jataí","345,7"
"Goianira","Jataí","345,7"
"Goianápolis","Anápolis","28,5"
"Goianápolis","Anápolis","28,5"
"Goianápolis","Anápolis","28,5"
"Goianápolis","Goiânia","42,6"
"Goianápolis","Goiânia","42,6"
"Goianápolis","Goiânia","42,6"
"Goianápolis","Goiânia","42,6"
"Goianápolis","Goiânia","42,6"
"Goianápolis","Goiânia","42,6"
"Goianápolis","Goiânia","42,6"
"Goianápolis","Goiânia","42,6"
"Goianápolis","Goiânia","42,6"
"Goianápolis","Goiânia","42,6"
"Goianápolis","Goiânia","42,6"
"Goianápolis","Goiânia","42,6"
"Goianápolis","Aparecida de Goiânia","55,3"
"Goianápolis","Trindade","66,5"
"Goianápolis","Trindade","66,5"
"Goianápolis","Pirenópolis","93,5"
"Goianápolis","Jaraguá","114,9"
"Goianápolis","Águas Lindas de Goiás","141,3"
"Goianápolis","Luziânia","145,1"
"Goianápolis","Goiás","166,5"
"Goianápolis","São Luís de Montes Belos","176,9"
"Goianápolis","Ceres","181,3"
"Goianápolis","Ceres","181,3"
"Goianápolis","Formosa","252"
"Goianápolis","Itumbiara","254,6"
"Goianápolis","Itumbiara","254,6"
"Goianápolis","Catalão","260,3"
"Goianápolis","Catalão","260,3"
"Goianápolis","Catalão","260,3"
"Goianápolis","Catalão","260,3"
"Goianápolis","Santa Helena de Goiás","265,4"
"Goianápolis","Uruaçu","265,4"
"Goianápolis","Jataí","389,3"
"Goianápolis","Jataí","389,3"
"Goianésia","Ceres","65,9"
"Goianésia","Ceres","65,9"
"Goianésia","Jaraguá","69"
"Goianésia","Pirenópolis","79,1"
"Goianésia","Uruaçu","111,4"
"Goianésia","Águas Lindas de Goiás","126,1"
"Goianésia","Anápolis","140,6"
"Goianésia","Goiás","159,4"
"Goianésia","Goiânia","189,1"
"Goianésia","Goiânia","189,1"
"Goianésia","Goiânia","189,1"
"Goianésia","Goiânia","189,1"
"Goianésia","Goiânia","189,1"
"Goianésia","Goiânia","189,1"
"Goianésia","Goiânia","189,1"
"Goianésia","Goiânia","189,1"
"Goianésia","Goiânia","189,1"
"Goianésia","Goiânia","189,1"
"Goianésia","Goiânia","189,1"
"Goianésia","Goiânia","189,1"
"Goianésia","Trindade","189,8"
"Goianésia","Trindade","189,8"
"Goianésia","Luziânia","200,4"
"Goianésia","Aparecida de Goiânia","207"
"Goianésia","São Luís de Montes Belos","233,8"
"Goianésia","Formosa","236,7"
"Goianésia","Santa Helena de Goiás","383,6"
"Goianésia","Catalão","409,2"
"Goianésia","Catalão","409,2"
"Goianésia","Catalão","409,2"
"Goianésia","Catalão","409,2"
"Goianésia","Itumbiara","413,5"
"Goianésia","Itumbiara","413,5"
"Goianésia","Jataí","469,8"
"Goianésia","Jataí","469,8"
"Goiatuba","Itumbiara","62,2"
"Goiatuba","Itumbiara","62,2"
"Goiatuba","Itumbiara","62,2"
"Goiatuba","Santa Helena de Goiás","162,6"
"Goiatuba","Aparecida de Goiânia","163,6"
"Goiatuba","Goiânia","181,5"
"Goiatuba","Goiânia","181,5"
"Goiatuba","Goiânia","181,5"
"Goiatuba","Goiânia","181,5"
"Goiatuba","Goiânia","181,5"
"Goiatuba","Goiânia","181,5"
"Goiatuba","Goiânia","181,5"
"Goiatuba","Goiânia","181,5"
"Goiatuba","Goiânia","181,5"
"Goiatuba","Goiânia","181,5"
"Goiatuba","Goiânia","181,5"
"Goiatuba","Goiânia","181,5"
"Goiatuba","Catalão","186,1"
"Goiatuba","Catalão","186,1"
"Goiatuba","Catalão","186,1"
"Goiatuba","Catalão","186,1"
"Goiatuba","Trindade","186,6"
"Goiatuba","Trindade","186,6"
"Goiatuba","Anápolis","236,3"
"Goiatuba","São Luís de Montes Belos","242,4"
"Goiatuba","Pirenópolis","292,8"
"Goiatuba","Goiás","294,2"
"Goiatuba","Luziânia","295,9"
"Goiatuba","Jataí","299,4"
"Goiatuba","Jataí","299,4"
"Goiatuba","Jaraguá","301,3"
"Goiatuba","Águas Lindas de Goiás","330,5"
"Goiatuba","Ceres","362"
"Goiatuba","Ceres","362"
"Goiatuba","Formosa","419,3"
"Goiatuba","Uruaçu","458,4"
"Goiás","Goiás","0"
"Goiás","São Luís de Montes Belos","88,8"
"Goiás","Jaraguá","112,4"
"Goiás","Ceres","115,1"
"Goiás","Ceres","115,1"
"Goiás","Trindade","129,9"
"Goiás","Trindade","129,9"
"Goiás","Goiânia","154,4"
"Goiás","Goiânia","154,4"
"Goiás","Goiânia","154,4"
"Goiás","Goiânia","154,4"
"Goiás","Goiânia","154,4"
"Goiás","Goiânia","154,4"
"Goiás","Goiânia","154,4"
"Goiás","Goiânia","154,4"
"Goiás","Goiânia","154,4"
"Goiás","Goiânia","154,4"
"Goiás","Goiânia","154,4"
"Goiás","Goiânia","154,4"
"Goiás","Pirenópolis","155,8"
"Goiás","Anápolis","165,1"
"Goiás","Aparecida de Goiânia","168,6"
"Goiás","Uruaçu","233,7"
"Goiás","Águas Lindas de Goiás","245,6"
"Goiás","Santa Helena de Goiás","257,3"
"Goiás","Luziânia","284"
"Goiás","Jataí","328,7"
"Goiás","Jataí","328,7"
"Goiás","Itumbiara","350,8"
"Goiás","Itumbiara","350,8"
"Goiás","Formosa","363,8"
"Goiás","Catalão","408,8"
"Goiás","Catalão","408,8"
"Goiás","Catalão","408,8"
"Goiás","Catalão","408,8"
"Goiânia","Goiânia","0"
"Goiânia","Goiânia","0"
"Goiânia","Goiânia","0"
"Goiânia","Goiânia","0"
"Goiânia","Goiânia","0"
"Goiânia","Goiânia","0"
"Goiânia","Goiânia","0"
"Goiânia","Goiânia","0"
"Goiânia","Goiânia","0"
"Goiânia","Goiânia","0"
"Goiânia","Goiânia","0"
"Goiânia","Goiânia","0"
"Goiânia","Goiânia","0"
"Goiânia","Goiânia","0"
"Goiânia","Goiânia","0"
"Goiânia","Aparecida de Goiânia","20,6"
"Goiânia","Trindade","32,5"
"Goiânia","Trindade","32,5"
"Goiânia","Anápolis","65,9"
"Goiânia","Pirenópolis","125,1"
"Goiânia","Jaraguá","128"
"Goiânia","São Luís de Montes Belos","147"
"Goiânia","Goiás","154,4"
"Goiânia","Águas Lindas de Goiás","180,7"
"Goiânia","Luziânia","182,3"
"Goiânia","Ceres","193,8"
"Goiânia","Ceres","193,8"
"Goiânia","Santa Helena de Goiás","232,3"
"Goiânia","Itumbiara","235,7"
"Goiânia","Itumbiara","235,7"
"Goiânia","Catalão","259,2"
"Goiânia","Catalão","259,2"
"Goiânia","Catalão","259,2"
"Goiânia","Catalão","259,2"
"Goiânia","Uruaçu","289"
"Goiânia","Formosa","290,6"
"Goiânia","Jataí","351"
"Goiânia","Jataí","351"
"Gouvelândia","Itumbiara","119,6"
"Gouvelândia","Itumbiara","119,6"
"Gouvelândia","Itumbiara","119,6"
"Gouvelândia","Santa Helena de Goiás","129,9"
"Gouvelândia","Jataí","236,2"
"Gouvelândia","Jataí","236,2"
"Gouvelândia","Aparecida de Goiânia","263"
"Gouvelândia","Trindade","273,6"
"Gouvelândia","Trindade","273,6"
"Gouvelândia","Catalão","277,3"
"Gouvelândia","Catalão","277,3"
"Gouvelândia","Catalão","277,3"
"Gouvelândia","Catalão","277,3"
"Gouvelândia","Goiânia","278,5"
"Gouvelândia","Goiânia","278,5"
"Gouvelândia","Goiânia","278,5"
"Gouvelândia","Goiânia","278,5"
"Gouvelândia","Goiânia","278,5"
"Gouvelândia","Goiânia","278,5"
"Gouvelândia","Goiânia","278,5"
"Gouvelândia","Goiânia","278,5"
"Gouvelândia","Goiânia","278,5"
"Gouvelândia","Goiânia","278,5"
"Gouvelândia","Goiânia","278,5"
"Gouvelândia","Goiânia","278,5"
"Gouvelândia","São Luís de Montes Belos","283,1"
"Gouvelândia","Anápolis","338,3"
"Gouvelândia","Goiás","359"
"Gouvelândia","Jaraguá","394,7"
"Gouvelândia","Pirenópolis","396,7"
"Gouvelândia","Luziânia","416,6"
"Gouvelândia","Águas Lindas de Goiás","438"
"Gouvelândia","Ceres","439,4"
"Gouvelândia","Ceres","439,4"
"Gouvelândia","Formosa","531,1"
"Gouvelândia","Uruaçu","550,8"
"Guapó","Trindade","26,8"
"Guapó","Trindade","26,8"
"Guapó","Aparecida de Goiânia","40,4"
"Guapó","Goiânia","43,4"
"Guapó","Goiânia","43,4"
"Guapó","Goiânia","43,4"
"Guapó","Goiânia","43,4"
"Guapó","Goiânia","43,4"
"Guapó","Goiânia","43,4"
"Guapó","Goiânia","43,4"
"Guapó","Goiânia","43,4"
"Guapó","Goiânia","43,4"
"Guapó","Goiânia","43,4"
"Guapó","Goiânia","43,4"
"Guapó","Goiânia","43,4"
"Guapó","Goiânia","43,4"
"Guapó","Goiânia","43,4"
"Guapó","Goiânia","43,4"
"Guapó","Anápolis","105,9"
"Guapó","São Luís de Montes Belos","121,4"
"Guapó","Goiás","146,1"
"Guapó","Jaraguá","149,6"
"Guapó","Pirenópolis","153,8"
"Guapó","Santa Helena de Goiás","193,1"
"Guapó","Ceres","208,6"
"Guapó","Ceres","208,6"
"Guapó","Águas Lindas de Goiás","219,9"
"Guapó","Itumbiara","220"
"Guapó","Itumbiara","220"
"Guapó","Luziânia","222,3"
"Guapó","Catalão","269,8"
"Guapó","Catalão","269,8"
"Guapó","Catalão","269,8"
"Guapó","Catalão","269,8"
"Guapó","Jataí","311,5"
"Guapó","Jataí","311,5"
"Guapó","Uruaçu","311,9"
"Guapó","Formosa","330"
"Guarani de Goiás","Formosa","245,8"
"Guarani de Goiás","Águas Lindas de Goiás","335,4"
"Guarani de Goiás","Uruaçu","351,7"
"Guarani de Goiás","Luziânia","361,4"
"Guarani de Goiás","Pirenópolis","408"
"Guarani de Goiás","Jaraguá","432,2"
"Guarani de Goiás","Ceres","433,9"
"Guarani de Goiás","Ceres","433,9"
"Guarani de Goiás","Anápolis","442,3"
"Guarani de Goiás","Goiânia","503,2"
"Guarani de Goiás","Goiânia","503,2"
"Guarani de Goiás","Goiânia","503,2"
"Guarani de Goiás","Goiânia","503,2"
"Guarani de Goiás","Goiânia","503,2"
"Guarani de Goiás","Goiânia","503,2"
"Guarani de Goiás","Goiânia","503,2"
"Guarani de Goiás","Goiânia","503,2"
"Guarani de Goiás","Goiânia","503,2"
"Guarani de Goiás","Goiânia","503,2"
"Guarani de Goiás","Goiânia","503,2"
"Guarani de Goiás","Goiânia","503,2"
"Guarani de Goiás","Aparecida de Goiânia","514,2"
"Guarani de Goiás","Trindade","520,6"
"Guarani de Goiás","Trindade","520,6"
"Guarani de Goiás","Goiás","531,7"
"Guarani de Goiás","Catalão","583,9"
"Guarani de Goiás","Catalão","583,9"
"Guarani de Goiás","Catalão","583,9"
"Guarani de Goiás","Catalão","583,9"
"Guarani de Goiás","São Luís de Montes Belos","597,1"
"Guarani de Goiás","Itumbiara","679,6"
"Guarani de Goiás","Itumbiara","679,6"
"Guarani de Goiás","Santa Helena de Goiás","725,8"
"Guarani de Goiás","Jataí","838,3"
"Guarani de Goiás","Jataí","838,3"
"Guaraíta","Goiás","49,8"
"Guaraíta","Ceres","72,4"
"Guaraíta","Ceres","72,4"
"Guaraíta","Jaraguá","96,1"
"Guaraíta","São Luís de Montes Belos","132,3"
"Guaraíta","Pirenópolis","144,4"
"Guaraíta","Trindade","158,5"
"Guaraíta","Trindade","158,5"
"Guaraíta","Anápolis","171,8"
"Guaraíta","Goiânia","177,9"
"Guaraíta","Goiânia","177,9"
"Guaraíta","Goiânia","177,9"
"Guaraíta","Goiânia","177,9"
"Guaraíta","Goiânia","177,9"
"Guaraíta","Goiânia","177,9"
"Guaraíta","Goiânia","177,9"
"Guaraíta","Goiânia","177,9"
"Guaraíta","Goiânia","177,9"
"Guaraíta","Goiânia","177,9"
"Guaraíta","Goiânia","177,9"
"Guaraíta","Goiânia","177,9"
"Guaraíta","Uruaçu","189,4"
"Guaraíta","Aparecida de Goiânia","194,3"
"Guaraíta","Águas Lindas de Goiás","230,6"
"Guaraíta","Luziânia","279,8"
"Guaraíta","Santa Helena de Goiás","302,4"
"Guaraíta","Formosa","345,8"
"Guaraíta","Jataí","371,9"
"Guaraíta","Jataí","371,9"
"Guaraíta","Itumbiara","387,4"
"Guaraíta","Itumbiara","387,4"
"Guaraíta","Catalão","424,9"
"Guaraíta","Catalão","424,9"
"Guaraíta","Catalão","424,9"
"Guaraíta","Catalão","424,9"
"Guarinos","Uruaçu","81,9"
"Guarinos","Ceres","82,7"
"Guarinos","Ceres","82,7"
"Guarinos","Jaraguá","148,1"
"Guarinos","Goiás","174,5"
"Guarinos","Pirenópolis","181,9"
"Guarinos","Águas Lindas de Goiás","234,6"
"Guarinos","Anápolis","239,8"
"Guarinos","São Luís de Montes Belos","254,2"
"Guarinos","Trindade","257,9"
"Guarinos","Trindade","257,9"
"Guarinos","Goiânia","267,1"
"Guarinos","Goiânia","267,1"
"Guarinos","Goiânia","267,1"
"Guarinos","Goiânia","267,1"
"Guarinos","Goiânia","267,1"
"Guarinos","Goiânia","267,1"
"Guarinos","Goiânia","267,1"
"Guarinos","Goiânia","267,1"
"Guarinos","Goiânia","267,1"
"Guarinos","Goiânia","267,1"
"Guarinos","Goiânia","267,1"
"Guarinos","Goiânia","267,1"
"Guarinos","Aparecida de Goiânia","285"
"Guarinos","Luziânia","303,4"
"Guarinos","Formosa","323"
"Guarinos","Santa Helena de Goiás","420"
"Guarinos","Jataí","485,2"
"Guarinos","Jataí","485,2"
"Guarinos","Itumbiara","486,8"
"Guarinos","Itumbiara","486,8"
"Guarinos","Catalão","502,1"
"Guarinos","Catalão","502,1"
"Guarinos","Catalão","502,1"
"Guarinos","Catalão","502,1"
"Heitoraí","Goiás","54,3"
"Heitoraí","Ceres","65,9"
"Heitoraí","Ceres","65,9"
"Heitoraí","Jaraguá","67,1"
"Heitoraí","Pirenópolis","119,5"
"Heitoraí","São Luís de Montes Belos","131,1"
"Heitoraí","Trindade","134,9"
"Heitoraí","Trindade","134,9"
"Heitoraí","Anápolis","141,9"
"Heitoraí","Goiânia","151,5"
"Heitoraí","Goiânia","151,5"
"Heitoraí","Goiânia","151,5"
"Heitoraí","Goiânia","151,5"
"Heitoraí","Goiânia","151,5"
"Heitoraí","Goiânia","151,5"
"Heitoraí","Goiânia","151,5"
"Heitoraí","Goiânia","151,5"
"Heitoraí","Goiânia","151,5"
"Heitoraí","Goiânia","151,5"
"Heitoraí","Goiânia","151,5"
"Heitoraí","Goiânia","151,5"
"Heitoraí","Aparecida de Goiânia","168,8"
"Heitoraí","Uruaçu","187"
"Heitoraí","Águas Lindas de Goiás","203,4"
"Heitoraí","Luziânia","251"
"Heitoraí","Santa Helena de Goiás","296"
"Heitoraí","Formosa","320,9"
"Heitoraí","Itumbiara","367,3"
"Heitoraí","Itumbiara","367,3"
"Heitoraí","Jataí","376,2"
"Heitoraí","Jataí","376,2"
"Heitoraí","Catalão","405,4"
"Heitoraí","Catalão","405,4"
"Heitoraí","Catalão","405,4"
"Heitoraí","Catalão","405,4"
"Hidrolina","Uruaçu","54,8"
"Hidrolina","Ceres","83,9"
"Hidrolina","Ceres","83,9"
"Hidrolina","Jaraguá","141,4"
"Hidrolina","Pirenópolis","167,6"
"Hidrolina","Goiás","187,7"
"Hidrolina","Águas Lindas de Goiás","210,7"
"Hidrolina","Anápolis","229,1"
"Hidrolina","Trindade","256,9"
"Hidrolina","Trindade","256,9"
"Hidrolina","Goiânia","262,8"
"Hidrolina","Goiânia","262,8"
"Hidrolina","Goiânia","262,8"
"Hidrolina","Goiânia","262,8"
"Hidrolina","Goiânia","262,8"
"Hidrolina","Goiânia","262,8"
"Hidrolina","Goiânia","262,8"
"Hidrolina","Goiânia","262,8"
"Hidrolina","Goiânia","262,8"
"Hidrolina","Goiânia","262,8"
"Hidrolina","Goiânia","262,8"
"Hidrolina","Goiânia","262,8"
"Hidrolina","São Luís de Montes Belos","266,5"
"Hidrolina","Aparecida de Goiânia","280,8"
"Hidrolina","Luziânia","281,8"
"Hidrolina","Formosa","294,6"
"Hidrolina","Santa Helena de Goiás","429,3"
"Hidrolina","Itumbiara","484,3"
"Hidrolina","Itumbiara","484,3"
"Hidrolina","Catalão","490,2"
"Hidrolina","Catalão","490,2"
"Hidrolina","Catalão","490,2"
"Hidrolina","Catalão","490,2"
"Hidrolina","Jataí","501,9"
"Hidrolina","Jataí","501,9"
"Hidrolândia","Aparecida de Goiânia","22,1"
"Hidrolândia","Goiânia","40,9"
"Hidrolândia","Goiânia","40,9"
"Hidrolândia","Goiânia","40,9"
"Hidrolândia","Goiânia","40,9"
"Hidrolândia","Goiânia","40,9"
"Hidrolândia","Goiânia","40,9"
"Hidrolândia","Goiânia","40,9"
"Hidrolândia","Goiânia","40,9"
"Hidrolândia","Goiânia","40,9"
"Hidrolândia","Goiânia","40,9"
"Hidrolândia","Goiânia","40,9"
"Hidrolândia","Goiânia","40,9"
"Hidrolândia","Senador Canedo","46,8"
"Hidrolândia","Trindade","59"
"Hidrolândia","Trindade","59"
"Hidrolândia","Anápolis","96,9"
"Hidrolândia","Pirenópolis","156,1"
"Hidrolândia","São Luís de Montes Belos","161,7"
"Hidrolândia","Jaraguá","166,1"
"Hidrolândia","Goiás","184,9"
"Hidrolândia","Luziânia","193,4"
"Hidrolândia","Itumbiara","197,9"
"Hidrolândia","Itumbiara","197,9"
"Hidrolândia","Águas Lindas de Goiás","205,8"
"Hidrolândia","Santa Helena de Goiás","213,3"
"Hidrolândia","Ceres","231,9"
"Hidrolândia","Ceres","231,9"
"Hidrolândia","Catalão","234,6"
"Hidrolândia","Catalão","234,6"
"Hidrolândia","Catalão","234,6"
"Hidrolândia","Catalão","234,6"
"Hidrolândia","Formosa","307,6"
"Hidrolândia","Uruaçu","325,6"
"Hidrolândia","Jataí","340,2"
"Hidrolândia","Jataí","340,2"
"Iaciara","Formosa","217,7"
"Iaciara","Águas Lindas de Goiás","307"
"Iaciara","Uruaçu","328,9"
"Iaciara","Luziânia","333,5"
"Iaciara","Pirenópolis","379,9"
"Iaciara","Jaraguá","412,1"
"Iaciara","Anápolis","414,3"
"Iaciara","Ceres","415,2"
"Iaciara","Ceres","415,2"
"Iaciara","Goiânia","475,2"
"Iaciara","Goiânia","475,2"
"Iaciara","Goiânia","475,2"
"Iaciara","Goiânia","475,2"
"Iaciara","Goiânia","475,2"
"Iaciara","Goiânia","475,2"
"Iaciara","Goiânia","475,2"
"Iaciara","Goiânia","475,2"
"Iaciara","Goiânia","475,2"
"Iaciara","Goiânia","475,2"
"Iaciara","Goiânia","475,2"
"Iaciara","Goiânia","475,2"
"Iaciara","Aparecida de Goiânia","486,3"
"Iaciara","Trindade","492,8"
"Iaciara","Trindade","492,8"
"Iaciara","Goiás","505,2"
"Iaciara","Catalão","558,3"
"Iaciara","Catalão","558,3"
"Iaciara","Catalão","558,3"
"Iaciara","Catalão","558,3"
"Iaciara","São Luís de Montes Belos","569,8"
"Iaciara","Itumbiara","652,2"
"Iaciara","Itumbiara","652,2"
"Iaciara","Santa Helena de Goiás","697,9"
"Iaciara","Jataí","810,7"
"Iaciara","Jataí","810,7"
"Inaciolândia","Itumbiara","104,1"
"Inaciolândia","Itumbiara","104,1"
"Inaciolândia","Itumbiara","104,1"
"Inaciolândia","Santa Helena de Goiás","125,6"
"Inaciolândia","Jataí","239,8"
"Inaciolândia","Jataí","239,8"
"Inaciolândia","Aparecida de Goiânia","241,7"
"Inaciolândia","Trindade","252,8"
"Inaciolândia","Trindade","252,8"
"Inaciolândia","Goiânia","257,3"
"Inaciolândia","Goiânia","257,3"
"Inaciolândia","Goiânia","257,3"
"Inaciolândia","Goiânia","257,3"
"Inaciolândia","Goiânia","257,3"
"Inaciolândia","Goiânia","257,3"
"Inaciolândia","Goiânia","257,3"
"Inaciolândia","Goiânia","257,3"
"Inaciolândia","Goiânia","257,3"
"Inaciolândia","Goiânia","257,3"
"Inaciolândia","Goiânia","257,3"
"Inaciolândia","Goiânia","257,3"
"Inaciolândia","Catalão","262,6"
"Inaciolândia","Catalão","262,6"
"Inaciolândia","Catalão","262,6"
"Inaciolândia","Catalão","262,6"
"Inaciolândia","São Luís de Montes Belos","266,8"
"Inaciolândia","Anápolis","316,8"
"Inaciolândia","Goiás","341,3"
"Inaciolândia","Jaraguá","374,3"
"Inaciolândia","Pirenópolis","375,5"
"Inaciolândia","Luziânia","395,3"
"Inaciolândia","Águas Lindas de Goiás","416,8"
"Inaciolândia","Ceres","420,2"
"Inaciolândia","Ceres","420,2"
"Inaciolândia","Formosa","510,1"
"Inaciolândia","Uruaçu","530,9"
"Indiara","Trindade","95,8"
"Indiara","Trindade","95,8"
"Indiara","São Luís de Montes Belos","101,6"
"Indiara","Aparecida de Goiânia","109,5"
"Indiara","Goiânia","116,6"
"Indiara","Goiânia","116,6"
"Indiara","Goiânia","116,6"
"Indiara","Goiânia","116,6"
"Indiara","Goiânia","116,6"
"Indiara","Goiânia","116,6"
"Indiara","Goiânia","116,6"
"Indiara","Goiânia","116,6"
"Indiara","Goiânia","116,6"
"Indiara","Goiânia","116,6"
"Indiara","Goiânia","116,6"
"Indiara","Goiânia","116,6"
"Indiara","Senador Canedo","121"
"Indiara","Santa Helena de Goiás","125,7"
"Indiara","Goiás","166,1"
"Indiara","Anápolis","174,9"
"Indiara","Itumbiara","200,6"
"Indiara","Itumbiara","200,6"
"Indiara","Jaraguá","207,9"
"Indiara","Pirenópolis","221,8"
"Indiara","Jataí","241,8"
"Indiara","Jataí","241,8"
"Indiara","Ceres","249,5"
"Indiara","Ceres","249,5"
"Indiara","Águas Lindas de Goiás","285,2"
"Indiara","Luziânia","285,8"
"Indiara","Catalão","293,6"
"Indiara","Catalão","293,6"
"Indiara","Catalão","293,6"
"Indiara","Catalão","293,6"
"Indiara","Uruaçu","365,4"
"Indiara","Formosa","400,7"
"Inhumas","Trindade","42,6"
"Inhumas","Trindade","42,6"
"Inhumas","Goiânia","58,1"
"Inhumas","Goiânia","58,1"
"Inhumas","Goiânia","58,1"
"Inhumas","Goiânia","58,1"
"Inhumas","Goiânia","58,1"
"Inhumas","Goiânia","58,1"
"Inhumas","Goiânia","58,1"
"Inhumas","Goiânia","58,1"
"Inhumas","Goiânia","58,1"
"Inhumas","Goiânia","58,1"
"Inhumas","Goiânia","58,1"
"Inhumas","Goiânia","58,1"
"Inhumas","Goiânia","58,1"
"Inhumas","Goiânia","58,1"
"Inhumas","Goiânia","58,1"
"Inhumas","Aparecida de Goiânia","73,3"
"Inhumas","Anápolis","74,3"
"Inhumas","Jaraguá","88,8"
"Inhumas","Pirenópolis","103"
"Inhumas","Goiás","105,8"
"Inhumas","São Luís de Montes Belos","120,3"
"Inhumas","Ceres","144,9"
"Inhumas","Ceres","144,9"
"Inhumas","Águas Lindas de Goiás","179,9"
"Inhumas","Luziânia","204,1"
"Inhumas","Santa Helena de Goiás","244,8"
"Inhumas","Uruaçu","249,5"
"Inhumas","Itumbiara","275,6"
"Inhumas","Itumbiara","275,6"
"Inhumas","Formosa","298,3"
"Inhumas","Catalão","311,9"
"Inhumas","Catalão","311,9"
"Inhumas","Catalão","311,9"
"Inhumas","Catalão","311,9"
"Inhumas","Jataí","348,1"
"Inhumas","Jataí","348,1"
"Ipameri","Caldas Novas","60,8"
"Ipameri","Catalão","69"
"Ipameri","Catalão","69"
"Ipameri","Catalão","69"
"Ipameri","Catalão","69"
"Ipameri","Itumbiara","166,7"
"Ipameri","Itumbiara","166,7"
"Ipameri","Aparecida de Goiânia","188,2"
"Ipameri","Goiânia","202,3"
"Ipameri","Goiânia","202,3"
"Ipameri","Goiânia","202,3"
"Ipameri","Goiânia","202,3"
"Ipameri","Goiânia","202,3"
"Ipameri","Goiânia","202,3"
"Ipameri","Goiânia","202,3"
"Ipameri","Goiânia","202,3"
"Ipameri","Goiânia","202,3"
"Ipameri","Goiânia","202,3"
"Ipameri","Goiânia","202,3"
"Ipameri","Goiânia","202,3"
"Ipameri","Luziânia","202,7"
"Ipameri","Anápolis","217,1"
"Ipameri","Trindade","227,7"
"Ipameri","Trindade","227,7"
"Ipameri","Águas Lindas de Goiás","262"
"Ipameri","Pirenópolis","269,8"
"Ipameri","Jaraguá","302,6"
"Ipameri","Formosa","309,5"
"Ipameri","Santa Helena de Goiás","310,2"
"Ipameri","São Luís de Montes Belos","324,6"
"Ipameri","Goiás","347,9"
"Ipameri","Ceres","371,4"
"Ipameri","Ceres","371,4"
"Ipameri","Uruaçu","437,4"
"Ipameri","Jataí","445,4"
"Ipameri","Jataí","445,4"
"Ipiranga de Goiás","Ceres","23,5"
"Ipiranga de Goiás","Ceres","23,5"
"Ipiranga de Goiás","Jaraguá","94,2"
"Ipiranga de Goiás","Uruaçu","116,3"
"Ipiranga de Goiás","Goiás","125,5"
"Ipiranga de Goiás","Pirenópolis","132,2"
"Ipiranga de Goiás","Anápolis","184,5"
"Ipiranga de Goiás","Águas Lindas de Goiás","200,1"
"Ipiranga de Goiás","Trindade","204,2"
"Ipiranga de Goiás","Trindade","204,2"
"Ipiranga de Goiás","São Luís de Montes Belos","206,8"
"Ipiranga de Goiás","Goiânia","214,3"
"Ipiranga de Goiás","Goiânia","214,3"
"Ipiranga de Goiás","Goiânia","214,3"
"Ipiranga de Goiás","Goiânia","214,3"
"Ipiranga de Goiás","Goiânia","214,3"
"Ipiranga de Goiás","Goiânia","214,3"
"Ipiranga de Goiás","Goiânia","214,3"
"Ipiranga de Goiás","Goiânia","214,3"
"Ipiranga de Goiás","Goiânia","214,3"
"Ipiranga de Goiás","Goiânia","214,3"
"Ipiranga de Goiás","Goiânia","214,3"
"Ipiranga de Goiás","Goiânia","214,3"
"Ipiranga de Goiás","Aparecida de Goiânia","232,5"
"Ipiranga de Goiás","Luziânia","264"
"Ipiranga de Goiás","Formosa","304,2"
"Ipiranga de Goiás","Santa Helena de Goiás","372,1"
"Ipiranga de Goiás","Itumbiara","428,9"
"Ipiranga de Goiás","Itumbiara","428,9"
"Ipiranga de Goiás","Jataí","439,2"
"Ipiranga de Goiás","Jataí","439,2"
"Ipiranga de Goiás","Catalão","449"
"Ipiranga de Goiás","Catalão","449"
"Ipiranga de Goiás","Catalão","449"
"Ipiranga de Goiás","Catalão","449"
"Iporá","São Luís de Montes Belos","101,6"
"Iporá","Goiás","146"
"Iporá","Santa Helena de Goiás","199,5"
"Iporá","Jataí","211,9"
"Iporá","Jataí","211,9"
"Iporá","Trindade","215"
"Iporá","Trindade","215"
"Iporá","Aparecida de Goiânia","244,6"
"Iporá","Goiânia","245,4"
"Iporá","Goiânia","245,4"
"Iporá","Goiânia","245,4"
"Iporá","Goiânia","245,4"
"Iporá","Goiânia","245,4"
"Iporá","Goiânia","245,4"
"Iporá","Goiânia","245,4"
"Iporá","Goiânia","245,4"
"Iporá","Goiânia","245,4"
"Iporá","Goiânia","245,4"
"Iporá","Goiânia","245,4"
"Iporá","Goiânia","245,4"
"Iporá","Jaraguá","246,4"
"Iporá","Ceres","246,6"
"Iporá","Ceres","246,6"
"Iporá","Anápolis","277,6"
"Iporá","Pirenópolis","287,8"
"Iporá","Itumbiara","357,4"
"Iporá","Itumbiara","357,4"
"Iporá","Uruaçu","360,7"
"Iporá","Águas Lindas de Goiás","374,8"
"Iporá","Luziânia","406,4"
"Iporá","Catalão","457,6"
"Iporá","Catalão","457,6"
"Iporá","Catalão","457,6"
"Iporá","Catalão","457,6"
"Iporá","Formosa","491,4"
"Israelândia","São Luís de Montes Belos","78,2"
"Israelândia","Goiás","117,3"
"Israelândia","Trindade","191,4"
"Israelândia","Trindade","191,4"
"Israelândia","Santa Helena de Goiás","208,7"
"Israelândia","Ceres","220,7"
"Israelândia","Ceres","220,7"
"Israelândia","Jaraguá","220,8"
"Israelândia","Goiânia","221,5"
"Israelândia","Goiânia","221,5"
"Israelândia","Goiânia","221,5"
"Israelândia","Goiânia","221,5"
"Israelândia","Goiânia","221,5"
"Israelândia","Goiânia","221,5"
"Israelândia","Goiânia","221,5"
"Israelândia","Goiânia","221,5"
"Israelândia","Goiânia","221,5"
"Israelândia","Goiânia","221,5"
"Israelândia","Goiânia","221,5"
"Israelândia","Goiânia","221,5"
"Israelândia","Aparecida de Goiânia","228,5"
"Israelândia","Jataí","238,7"
"Israelândia","Jataí","238,7"
"Israelândia","Anápolis","250,4"
"Israelândia","Pirenópolis","257,6"
"Israelândia","Uruaçu","330"
"Israelândia","Águas Lindas de Goiás","344,9"
"Israelândia","Itumbiara","353"
"Israelândia","Itumbiara","353"
"Israelândia","Luziânia","379,1"
"Israelândia","Catalão","443,8"
"Israelândia","Catalão","443,8"
"Israelândia","Catalão","443,8"
"Israelândia","Catalão","443,8"
"Israelândia","Formosa","462"
"Itaberaí","Goiás","48,8"
"Itaberaí","Jaraguá","74,4"
"Itaberaí","Trindade","98,7"
"Itaberaí","Trindade","98,7"
"Itaberaí","São Luís de Montes Belos","104,4"
"Itaberaí","Ceres","104,8"
"Itaberaí","Ceres","104,8"
"Itaberaí","Pirenópolis","117,6"
"Itaberaí","Goiânia","119,3"
"Itaberaí","Goiânia","119,3"
"Itaberaí","Goiânia","119,3"
"Itaberaí","Goiânia","119,3"
"Itaberaí","Goiânia","119,3"
"Itaberaí","Goiânia","119,3"
"Itaberaí","Goiânia","119,3"
"Itaberaí","Goiânia","119,3"
"Itaberaí","Goiânia","119,3"
"Itaberaí","Goiânia","119,3"
"Itaberaí","Goiânia","119,3"
"Itaberaí","Goiânia","119,3"
"Itaberaí","Anápolis","123,6"
"Itaberaí","Aparecida de Goiânia","131,6"
"Itaberaí","Águas Lindas de Goiás","203,6"
"Itaberaí","Uruaçu","222,8"
"Itaberaí","Luziânia","245,9"
"Itaberaí","Santa Helena de Goiás","259,4"
"Itaberaí","Formosa","323,4"
"Itaberaí","Itumbiara","327,5"
"Itaberaí","Itumbiara","327,5"
"Itaberaí","Jataí","348,1"
"Itaberaí","Jataí","348,1"
"Itaberaí","Catalão","371,9"
"Itaberaí","Catalão","371,9"
"Itaberaí","Catalão","371,9"
"Itaberaí","Catalão","371,9"
"Itaguari","Jaraguá","45,5"
"Itaguari","Goiás","72,4"
"Itaguari","Ceres","86,4"
"Itaguari","Ceres","86,4"
"Itaguari","Pirenópolis","88,6"
"Itaguari","Trindade","104,8"
"Itaguari","Trindade","104,8"
"Itaguari","Anápolis","105,9"
"Itaguari","Goiânia","118"
"Itaguari","Goiânia","118"
"Itaguari","Goiânia","118"
"Itaguari","Goiânia","118"
"Itaguari","Goiânia","118"
"Itaguari","Goiânia","118"
"Itaguari","Goiânia","118"
"Itaguari","Goiânia","118"
"Itaguari","Goiânia","118"
"Itaguari","Goiânia","118"
"Itaguari","Goiânia","118"
"Itaguari","Goiânia","118"
"Itaguari","Goiânia","118"
"Itaguari","Goiânia","118"
"Itaguari","Goiânia","118"
"Itaguari","São Luís de Montes Belos","130"
"Itaguari","Aparecida de Goiânia","132,1"
"Itaguari","Águas Lindas de Goiás","175,8"
"Itaguari","Uruaçu","200,4"
"Itaguari","Luziânia","222,5"
"Itaguari","Santa Helena de Goiás","282,6"
"Itaguari","Formosa","295,9"
"Itaguari","Itumbiara","336,1"
"Itaguari","Itumbiara","336,1"
"Itaguari","Catalão","367,3"
"Itaguari","Catalão","367,3"
"Itaguari","Catalão","367,3"
"Itaguari","Catalão","367,3"
"Itaguari","Jataí","375,8"
"Itaguari","Jataí","375,8"
"Itaguaru","Jaraguá","42,5"
"Itaguaru","Ceres","63,8"
"Itaguaru","Ceres","63,8"
"Itaguaru","Goiás","72,9"
"Itaguaru","Pirenópolis","93"
"Itaguaru","Anápolis","122,8"
"Itaguaru","Trindade","123,9"
"Itaguaru","Trindade","123,9"
"Itaguaru","Goiânia","136,2"
"Itaguaru","Goiânia","136,2"
"Itaguaru","Goiânia","136,2"
"Itaguaru","Goiânia","136,2"
"Itaguaru","Goiânia","136,2"
"Itaguaru","Goiânia","136,2"
"Itaguaru","Goiânia","136,2"
"Itaguaru","Goiânia","136,2"
"Itaguaru","Goiânia","136,2"
"Itaguaru","Goiânia","136,2"
"Itaguaru","Goiânia","136,2"
"Itaguaru","Goiânia","136,2"
"Itaguaru","São Luís de Montes Belos","142,6"
"Itaguaru","Aparecida de Goiânia","154,1"
"Itaguaru","Águas Lindas de Goiás","178,2"
"Itaguaru","Uruaçu","180,8"
"Itaguaru","Luziânia","231,7"
"Itaguaru","Formosa","296,8"
"Itaguaru","Santa Helena de Goiás","300,5"
"Itaguaru","Itumbiara","358"
"Itaguaru","Itumbiara","358"
"Itaguaru","Catalão","387,2"
"Itaguaru","Catalão","387,2"
"Itaguaru","Catalão","387,2"
"Itaguaru","Catalão","387,2"
"Itaguaru","Jataí","388,7"
"Itaguaru","Jataí","388,7"
"Itajá","Jataí","164,1"
"Itajá","Jataí","164,1"
"Itajá","Rio Verde","181"
"Itajá","Rio Verde","181"
"Itajá","Santa Helena de Goiás","211,6"
"Itajá","Itumbiara","307,7"
"Itajá","Itumbiara","307,7"
"Itajá","São Luís de Montes Belos","371,2"
"Itajá","Trindade","414,8"
"Itajá","Trindade","414,8"
"Itajá","Aparecida de Goiânia","418,8"
"Itajá","Goiânia","423,1"
"Itajá","Goiânia","423,1"
"Itajá","Goiânia","423,1"
"Itajá","Goiânia","423,1"
"Itajá","Goiânia","423,1"
"Itajá","Goiânia","423,1"
"Itajá","Goiânia","423,1"
"Itajá","Goiânia","423,1"
"Itajá","Goiânia","423,1"
"Itajá","Goiânia","423,1"
"Itajá","Goiânia","423,1"
"Itajá","Goiânia","423,1"
"Itajá","Goiás","447,5"
"Itajá","Catalão","463,6"
"Itajá","Catalão","463,6"
"Itajá","Catalão","463,6"
"Itajá","Catalão","463,6"
"Itajá","Anápolis","484,3"
"Itajá","Jaraguá","515,8"
"Itajá","Pirenópolis","532,2"
"Itajá","Ceres","550,7"
"Itajá","Ceres","550,7"
"Itajá","Luziânia","582,1"
"Itajá","Águas Lindas de Goiás","596,1"
"Itajá","Uruaçu","668,6"
"Itajá","Formosa","701,9"
"Itapaci","Ceres","52,4"
"Itapaci","Ceres","52,4"
"Itapaci","Uruaçu","82,5"
"Itapaci","Jaraguá","116,8"
"Itapaci","Pirenópolis","145,6"
"Itapaci","Goiás","155"
"Itapaci","Águas Lindas de Goiás","200,7"
"Itapaci","Anápolis","204,1"
"Itapaci","Trindade","232,6"
"Itapaci","Trindade","232,6"
"Itapaci","Goiânia","240,2"
"Itapaci","Goiânia","240,2"
"Itapaci","Goiânia","240,2"
"Itapaci","Goiânia","240,2"
"Itapaci","Goiânia","240,2"
"Itapaci","Goiânia","240,2"
"Itapaci","Goiânia","240,2"
"Itapaci","Goiânia","240,2"
"Itapaci","Goiânia","240,2"
"Itapaci","Goiânia","240,2"
"Itapaci","Goiânia","240,2"
"Itapaci","Goiânia","240,2"
"Itapaci","São Luís de Montes Belos","240,3"
"Itapaci","Aparecida de Goiânia","252,2"
"Itapaci","Luziânia","269,2"
"Itapaci","Formosa","295,7"
"Itapaci","Santa Helena de Goiás","404,4"
"Itapaci","Itumbiara","455,6"
"Itapaci","Itumbiara","455,6"
"Itapaci","Catalão","467,5"
"Itapaci","Catalão","467,5"
"Itapaci","Catalão","467,5"
"Itapaci","Catalão","467,5"
"Itapaci","Jataí","471,1"
"Itapaci","Jataí","471,1"
"Itapirapuã","Goiás","65,7"
"Itapirapuã","São Luís de Montes Belos","104"
"Itapirapuã","Ceres","150,4"
"Itapirapuã","Ceres","150,4"
"Itapirapuã","Jaraguá","168"
"Itapirapuã","Trindade","185,5"
"Itapirapuã","Trindade","185,5"
"Itapirapuã","Goiânia","212,7"
"Itapirapuã","Goiânia","212,7"
"Itapirapuã","Goiânia","212,7"
"Itapirapuã","Goiânia","212,7"
"Itapirapuã","Goiânia","212,7"
"Itapirapuã","Goiânia","212,7"
"Itapirapuã","Goiânia","212,7"
"Itapirapuã","Goiânia","212,7"
"Itapirapuã","Goiânia","212,7"
"Itapirapuã","Goiânia","212,7"
"Itapirapuã","Goiânia","212,7"
"Itapirapuã","Goiânia","212,7"
"Itapirapuã","Pirenópolis","217,2"
"Itapirapuã","Aparecida de Goiânia","225,1"
"Itapirapuã","Anápolis","228,5"
"Itapirapuã","Uruaçu","256,4"
"Itapirapuã","Santa Helena de Goiás","265,7"
"Itapirapuã","Águas Lindas de Goiás","299"
"Itapirapuã","Jataí","309,1"
"Itapirapuã","Jataí","309,1"
"Itapirapuã","Luziânia","345,8"
"Itapirapuã","Itumbiara","388,4"
"Itapirapuã","Itumbiara","388,4"
"Itapirapuã","Formosa","415"
"Itapirapuã","Catalão","454,4"
"Itapirapuã","Catalão","454,4"
"Itapirapuã","Catalão","454,4"
"Itapirapuã","Catalão","454,4"
"Itapuranga","Goiás","61"
"Itapuranga","Ceres","61,9"
"Itapuranga","Ceres","61,9"
"Itapuranga","Jaraguá","87,9"
"Itapuranga","Pirenópolis","136,3"
"Itapuranga","São Luís de Montes Belos","142,7"
"Itapuranga","Trindade","160,9"
"Itapuranga","Trindade","160,9"
"Itapuranga","Anápolis","167,9"
"Itapuranga","Uruaçu","177,6"
"Itapuranga","Goiânia","178,3"
"Itapuranga","Goiânia","178,3"
"Itapuranga","Goiânia","178,3"
"Itapuranga","Goiânia","178,3"
"Itapuranga","Goiânia","178,3"
"Itapuranga","Goiânia","178,3"
"Itapuranga","Goiânia","178,3"
"Itapuranga","Goiânia","178,3"
"Itapuranga","Goiânia","178,3"
"Itapuranga","Goiânia","178,3"
"Itapuranga","Goiânia","178,3"
"Itapuranga","Goiânia","178,3"
"Itapuranga","Aparecida de Goiânia","195,3"
"Itapuranga","Águas Lindas de Goiás","221,3"
"Itapuranga","Luziânia","272,6"
"Itapuranga","Santa Helena de Goiás","311,5"
"Itapuranga","Formosa","335,8"
"Itapuranga","Jataí","383,3"
"Itapuranga","Jataí","383,3"
"Itapuranga","Itumbiara","391,4"
"Itapuranga","Itumbiara","391,4"
"Itapuranga","Catalão","424,4"
"Itapuranga","Catalão","424,4"
"Itapuranga","Catalão","424,4"
"Itapuranga","Catalão","424,4"
"Itarumã","Jataí","130,5"
"Itarumã","Jataí","130,5"
"Itarumã","Rio Verde","138"
"Itarumã","Rio Verde","138"
"Itarumã","Santa Helena de Goiás","162,7"
"Itarumã","Itumbiara","273,8"
"Itarumã","Itumbiara","273,8"
"Itarumã","São Luís de Montes Belos","324"
"Itarumã","Trindade","367,6"
"Itarumã","Trindade","367,6"
"Itarumã","Aparecida de Goiânia","372,4"
"Itarumã","Goiânia","383,5"
"Itarumã","Goiânia","383,5"
"Itarumã","Goiânia","383,5"
"Itarumã","Goiânia","383,5"
"Itarumã","Goiânia","383,5"
"Itarumã","Goiânia","383,5"
"Itarumã","Goiânia","383,5"
"Itarumã","Goiânia","383,5"
"Itarumã","Goiânia","383,5"
"Itarumã","Goiânia","383,5"
"Itarumã","Goiânia","383,5"
"Itarumã","Goiânia","383,5"
"Itarumã","Goiás","407,9"
"Itarumã","Catalão","430,9"
"Itarumã","Catalão","430,9"
"Itarumã","Catalão","430,9"
"Itarumã","Catalão","430,9"
"Itarumã","Anápolis","438,1"
"Itarumã","Jaraguá","468,8"
"Itarumã","Pirenópolis","485,6"
"Itarumã","Ceres","504"
"Itarumã","Ceres","504"
"Itarumã","Luziânia","538"
"Itarumã","Águas Lindas de Goiás","550,4"
"Itarumã","Uruaçu","621,9"
"Itarumã","Formosa","657,1"
"Itauçu","Trindade","65,4"
"Itauçu","Trindade","65,4"
"Itauçu","Jaraguá","73,8"
"Itauçu","Goiás","81,3"
"Itauçu","Goiânia","82,8"
"Itauçu","Goiânia","82,8"
"Itauçu","Goiânia","82,8"
"Itauçu","Goiânia","82,8"
"Itauçu","Goiânia","82,8"
"Itauçu","Goiânia","82,8"
"Itauçu","Goiânia","82,8"
"Itauçu","Goiânia","82,8"
"Itauçu","Goiânia","82,8"
"Itauçu","Goiânia","82,8"
"Itauçu","Goiânia","82,8"
"Itauçu","Goiânia","82,8"
"Itauçu","Goiânia","82,8"
"Itauçu","Goiânia","82,8"
"Itauçu","Goiânia","82,8"
"Itauçu","Anápolis","90,9"
"Itauçu","Aparecida de Goiânia","100,1"
"Itauçu","Pirenópolis","101,6"
"Itauçu","São Luís de Montes Belos","112,5"
"Itauçu","Ceres","126,6"
"Itauçu","Ceres","126,6"
"Itauçu","Águas Lindas de Goiás","184,9"
"Itauçu","Luziânia","218,2"
"Itauçu","Uruaçu","237,9"
"Itauçu","Santa Helena de Goiás","248,9"
"Itauçu","Itumbiara","298,7"
"Itauçu","Itumbiara","298,7"
"Itauçu","Formosa","304,9"
"Itauçu","Catalão","337,2"
"Itauçu","Catalão","337,2"
"Itauçu","Catalão","337,2"
"Itauçu","Catalão","337,2"
"Itauçu","Jataí","349,9"
"Itauçu","Jataí","349,9"
"Itumbiara","Itumbiara","0"
"Itumbiara","Itumbiara","0"
"Itumbiara","Itumbiara","0"
"Itumbiara","Catalão","168,5"
"Itumbiara","Catalão","168,5"
"Itumbiara","Catalão","168,5"
"Itumbiara","Catalão","168,5"
"Itumbiara","Santa Helena de Goiás","197,4"
"Itumbiara","Aparecida de Goiânia","217,5"
"Itumbiara","Goiânia","235,7"
"Itumbiara","Goiânia","235,7"
"Itumbiara","Goiânia","235,7"
"Itumbiara","Goiânia","235,7"
"Itumbiara","Goiânia","235,7"
"Itumbiara","Goiânia","235,7"
"Itumbiara","Goiânia","235,7"
"Itumbiara","Goiânia","235,7"
"Itumbiara","Goiânia","235,7"
"Itumbiara","Goiânia","235,7"
"Itumbiara","Goiânia","235,7"
"Itumbiara","Goiânia","235,7"
"Itumbiara","Trindade","243"
"Itumbiara","Trindade","243"
"Itumbiara","Anápolis","279,7"
"Itumbiara","São Luís de Montes Belos","291,8"
"Itumbiara","Jataí","325,4"
"Itumbiara","Jataí","325,4"
"Itumbiara","Luziânia","329,8"
"Itumbiara","Pirenópolis","343"
"Itumbiara","Goiás","350,8"
"Itumbiara","Jaraguá","354,7"
"Itumbiara","Águas Lindas de Goiás","372,8"
"Itumbiara","Ceres","417"
"Itumbiara","Ceres","417"
"Itumbiara","Formosa","444,2"
"Itumbiara","Uruaçu","509,9"
"Ivolândia","São Luís de Montes Belos","60,2"
"Ivolândia","Goiás","125,1"
"Ivolândia","Santa Helena de Goiás","167,6"
"Ivolândia","Trindade","170,5"
"Ivolândia","Trindade","170,5"
"Ivolândia","Goiânia","200,6"
"Ivolândia","Goiânia","200,6"
"Ivolândia","Goiânia","200,6"
"Ivolândia","Goiânia","200,6"
"Ivolândia","Goiânia","200,6"
"Ivolândia","Goiânia","200,6"
"Ivolândia","Goiânia","200,6"
"Ivolândia","Goiânia","200,6"
"Ivolândia","Goiânia","200,6"
"Ivolândia","Goiânia","200,6"
"Ivolândia","Goiânia","200,6"
"Ivolândia","Goiânia","200,6"
"Ivolândia","Aparecida de Goiânia","204,7"
"Ivolândia","Jataí","212,8"
"Ivolândia","Jataí","212,8"
"Ivolândia","Jaraguá","223,7"
"Ivolândia","Ceres","236,4"
"Ivolândia","Ceres","236,4"
"Ivolândia","Anápolis","244"
"Ivolândia","Pirenópolis","255,2"
"Ivolândia","Itumbiara","313,9"
"Ivolândia","Itumbiara","313,9"
"Ivolândia","Águas Lindas de Goiás","340,6"
"Ivolândia","Uruaçu","349,1"
"Ivolândia","Luziânia","366,7"
"Ivolândia","Catalão","418,6"
"Ivolândia","Catalão","418,6"
"Ivolândia","Catalão","418,6"
"Ivolândia","Catalão","418,6"
"Ivolândia","Formosa","457,2"
"Jandaia","São Luís de Montes Belos","80,5"
"Jandaia","Trindade","104,5"
"Jandaia","Trindade","104,5"
"Jandaia","Santa Helena de Goiás","123,8"
"Jandaia","Goiânia","125,5"
"Jandaia","Goiânia","125,5"
"Jandaia","Goiânia","125,5"
"Jandaia","Goiânia","125,5"
"Jandaia","Goiânia","125,5"
"Jandaia","Goiânia","125,5"
"Jandaia","Goiânia","125,5"
"Jandaia","Goiânia","125,5"
"Jandaia","Goiânia","125,5"
"Jandaia","Goiânia","125,5"
"Jandaia","Goiânia","125,5"
"Jandaia","Goiânia","125,5"
"Jandaia","Aparecida de Goiânia","125,6"
"Jandaia","Senador Canedo","142"
"Jandaia","Goiás","152,5"
"Jandaia","Anápolis","184,6"
"Jandaia","Jaraguá","206,6"
"Jandaia","Itumbiara","222,1"
"Jandaia","Itumbiara","222,1"
"Jandaia","Pirenópolis","226"
"Jandaia","Jataí","234,8"
"Jandaia","Jataí","234,8"
"Jandaia","Ceres","242,8"
"Jandaia","Ceres","242,8"
"Jandaia","Águas Lindas de Goiás","293,9"
"Jandaia","Luziânia","300"
"Jandaia","Catalão","317,2"
"Jandaia","Catalão","317,2"
"Jandaia","Catalão","317,2"
"Jandaia","Catalão","317,2"
"Jandaia","Uruaçu","360,7"
"Jandaia","Formosa","412,1"
"Jaraguá","Jaraguá","0"
"Jaraguá","Pirenópolis","55"
"Jaraguá","Ceres","72,8"
"Jaraguá","Ceres","72,8"
"Jaraguá","Anápolis","96,3"
"Jaraguá","Goiás","112,4"
"Jaraguá","Trindade","124,7"
"Jaraguá","Trindade","124,7"
"Jaraguá","Goiânia","128"
"Jaraguá","Goiânia","128"
"Jaraguá","Goiânia","128"
"Jaraguá","Goiânia","128"
"Jaraguá","Goiânia","128"
"Jaraguá","Goiânia","128"
"Jaraguá","Goiânia","128"
"Jaraguá","Goiânia","128"
"Jaraguá","Goiânia","128"
"Jaraguá","Goiânia","128"
"Jaraguá","Goiânia","128"
"Jaraguá","Goiânia","128"
"Jaraguá","Águas Lindas de Goiás","138,6"
"Jaraguá","Aparecida de Goiânia","146,4"
"Jaraguá","Uruaçu","170,1"
"Jaraguá","São Luís de Montes Belos","172,2"
"Jaraguá","Luziânia","194,5"
"Jaraguá","Formosa","258,2"
"Jaraguá","Santa Helena de Goiás","318,6"
"Jaraguá","Itumbiara","354,7"
"Jaraguá","Itumbiara","354,7"
"Jaraguá","Catalão","367,6"
"Jaraguá","Catalão","367,6"
"Jaraguá","Catalão","367,6"
"Jaraguá","Catalão","367,6"
"Jaraguá","Jataí","416,3"
"Jaraguá","Jataí","416,3"
"Jataí","Jataí","0"
"Jataí","Jataí","0"
"Jataí","Mineiros","108"
"Jataí","Santa Helena de Goiás","146,5"
"Jataí","São Luís de Montes Belos","249,6"
"Jataí","Itumbiara","325,4"
"Jataí","Itumbiara","325,4"
"Jataí","Trindade","327,7"
"Jataí","Trindade","327,7"
"Jataí","Goiás","328,7"
"Jataí","Aparecida de Goiânia","345,2"
"Jataí","Goiânia","351"
"Jataí","Goiânia","351"
"Jataí","Goiânia","351"
"Jataí","Goiânia","351"
"Jataí","Goiânia","351"
"Jataí","Goiânia","351"
"Jataí","Goiânia","351"
"Jataí","Goiânia","351"
"Jataí","Goiânia","351"
"Jataí","Goiânia","351"
"Jataí","Goiânia","351"
"Jataí","Goiânia","351"
"Jataí","Anápolis","409,1"
"Jataí","Jaraguá","416,3"
"Jataí","Ceres","430,1"
"Jataí","Ceres","430,1"
"Jataí","Pirenópolis","437,1"
"Jataí","Catalão","472,7"
"Jataí","Catalão","472,7"
"Jataí","Catalão","472,7"
"Jataí","Catalão","472,7"
"Jataí","Águas Lindas de Goiás","513,4"
"Jataí","Luziânia","518,7"
"Jataí","Uruaçu","547,2"
"Jataí","Formosa","630,5"
"Jaupaci","São Luís de Montes Belos","92,2"
"Jaupaci","Goiás","115,3"
"Jaupaci","Trindade","202"
"Jaupaci","Trindade","202"
"Jaupaci","Ceres","214"
"Jaupaci","Ceres","214"
"Jaupaci","Jaraguá","220,3"
"Jaupaci","Santa Helena de Goiás","228,3"
"Jaupaci","Goiânia","232"
"Jaupaci","Goiânia","232"
"Jaupaci","Goiânia","232"
"Jaupaci","Goiânia","232"
"Jaupaci","Goiânia","232"
"Jaupaci","Goiânia","232"
"Jaupaci","Goiânia","232"
"Jaupaci","Goiânia","232"
"Jaupaci","Goiânia","232"
"Jaupaci","Goiânia","232"
"Jaupaci","Goiânia","232"
"Jaupaci","Goiânia","232"
"Jaupaci","Aparecida de Goiânia","240,1"
"Jaupaci","Jataí","247,3"
"Jaupaci","Jataí","247,3"
"Jaupaci","Anápolis","256,7"
"Jaupaci","Pirenópolis","259,2"
"Jaupaci","Uruaçu","320,9"
"Jaupaci","Águas Lindas de Goiás","346,9"
"Jaupaci","Itumbiara","370,9"
"Jaupaci","Itumbiara","370,9"
"Jaupaci","Luziânia","384,6"
"Jaupaci","Catalão","458,4"
"Jaupaci","Catalão","458,4"
"Jaupaci","Catalão","458,4"
"Jaupaci","Catalão","458,4"
"Jaupaci","Formosa","463,7"
"Jesúpolis","Jaraguá","29,2"
"Jesúpolis","Pirenópolis","60,3"
"Jesúpolis","Anápolis","78,4"
"Jesúpolis","Ceres","95,8"
"Jesúpolis","Ceres","95,8"
"Jesúpolis","Trindade","100,6"
"Jesúpolis","Trindade","100,6"
"Jesúpolis","Goiás","104"
"Jesúpolis","Goiânia","105,3"
"Jesúpolis","Goiânia","105,3"
"Jesúpolis","Goiânia","105,3"
"Jesúpolis","Goiânia","105,3"
"Jesúpolis","Goiânia","105,3"
"Jesúpolis","Goiânia","105,3"
"Jesúpolis","Goiânia","105,3"
"Jesúpolis","Goiânia","105,3"
"Jesúpolis","Goiânia","105,3"
"Jesúpolis","Goiânia","105,3"
"Jesúpolis","Goiânia","105,3"
"Jesúpolis","Goiânia","105,3"
"Jesúpolis","Goiânia","105,3"
"Jesúpolis","Goiânia","105,3"
"Jesúpolis","Goiânia","105,3"
"Jesúpolis","Aparecida de Goiânia","124,2"
"Jesúpolis","Águas Lindas de Goiás","146"
"Jesúpolis","São Luís de Montes Belos","152,8"
"Jesúpolis","Luziânia","191,6"
"Jesúpolis","Uruaçu","197,3"
"Jesúpolis","Formosa","267,2"
"Jesúpolis","Santa Helena de Goiás","293,6"
"Jesúpolis","Itumbiara","329"
"Jesúpolis","Itumbiara","329"
"Jesúpolis","Catalão","347,5"
"Jesúpolis","Catalão","347,5"
"Jesúpolis","Catalão","347,5"
"Jesúpolis","Catalão","347,5"
"Jesúpolis","Jataí","395"
"Jesúpolis","Jataí","395"
"Joviânia","Itumbiara","101,5"
"Joviânia","Itumbiara","101,5"
"Joviânia","Itumbiara","101,5"
"Joviânia","Santa Helena de Goiás","127,3"
"Joviânia","Aparecida de Goiânia","142,9"
"Joviânia","Trindade","158,2"
"Joviânia","Trindade","158,2"
"Joviânia","Goiânia","159,5"
"Joviânia","Goiânia","159,5"
"Joviânia","Goiânia","159,5"
"Joviânia","Goiânia","159,5"
"Joviânia","Goiânia","159,5"
"Joviânia","Goiânia","159,5"
"Joviânia","Goiânia","159,5"
"Joviânia","Goiânia","159,5"
"Joviânia","Goiânia","159,5"
"Joviânia","Goiânia","159,5"
"Joviânia","Goiânia","159,5"
"Joviânia","Goiânia","159,5"
"Joviânia","São Luís de Montes Belos","201"
"Joviânia","Anápolis","219,7"
"Joviânia","Catalão","223,6"
"Joviânia","Catalão","223,6"
"Joviânia","Catalão","223,6"
"Joviânia","Catalão","223,6"
"Joviânia","Goiás","258"
"Joviânia","Jataí","267"
"Joviânia","Jataí","267"
"Joviânia","Pirenópolis","273,7"
"Joviânia","Jaraguá","275,9"
"Joviânia","Luziânia","296,8"
"Joviânia","Águas Lindas de Goiás","321,5"
"Joviânia","Ceres","333"
"Joviânia","Ceres","333"
"Joviânia","Formosa","419,8"
"Joviânia","Uruaçu","434,4"
"Jussara","Goiás","99,2"
"Jussara","São Luís de Montes Belos","114,3"
"Jussara","Ceres","183,6"
"Jussara","Ceres","183,6"
"Jussara","Jaraguá","202,2"
"Jussara","Trindade","210"
"Jussara","Trindade","210"
"Jussara","Goiânia","238,5"
"Jussara","Goiânia","238,5"
"Jussara","Goiânia","238,5"
"Jussara","Goiânia","238,5"
"Jussara","Goiânia","238,5"
"Jussara","Goiânia","238,5"
"Jussara","Goiânia","238,5"
"Jussara","Goiânia","238,5"
"Jussara","Goiânia","238,5"
"Jussara","Goiânia","238,5"
"Jussara","Goiânia","238,5"
"Jussara","Goiânia","238,5"
"Jussara","Aparecida de Goiânia","243,4"
"Jussara","Pirenópolis","244,9"
"Jussara","Anápolis","253"
"Jussara","Santa Helena de Goiás","261,8"
"Jussara","Uruaçu","285,6"
"Jussara","Jataí","289,8"
"Jussara","Jataí","289,8"
"Jussara","Águas Lindas de Goiás","332,2"
"Jussara","Luziânia","377,5"
"Jussara","Itumbiara","399,4"
"Jussara","Itumbiara","399,4"
"Jussara","Formosa","447,9"
"Jussara","Catalão","474,8"
"Jussara","Catalão","474,8"
"Jussara","Catalão","474,8"
"Jussara","Catalão","474,8"
"Lagoa Santa","Jataí","183,3"
"Lagoa Santa","Jataí","183,3"
"Lagoa Santa","Rio Verde","199"
"Lagoa Santa","Rio Verde","199"
"Lagoa Santa","Santa Helena de Goiás","214,5"
"Lagoa Santa","Itumbiara","294,6"
"Lagoa Santa","Itumbiara","294,6"
"Lagoa Santa","São Luís de Montes Belos","378,4"
"Lagoa Santa","Trindade","415,6"
"Lagoa Santa","Trindade","415,6"
"Lagoa Santa","Aparecida de Goiânia","417,2"
"Lagoa Santa","Goiânia","422,3"
"Lagoa Santa","Goiânia","422,3"
"Lagoa Santa","Goiânia","422,3"
"Lagoa Santa","Goiânia","422,3"
"Lagoa Santa","Goiânia","422,3"
"Lagoa Santa","Goiânia","422,3"
"Lagoa Santa","Goiânia","422,3"
"Lagoa Santa","Goiânia","422,3"
"Lagoa Santa","Goiânia","422,3"
"Lagoa Santa","Goiânia","422,3"
"Lagoa Santa","Goiânia","422,3"
"Lagoa Santa","Goiânia","422,3"
"Lagoa Santa","Catalão","449,8"
"Lagoa Santa","Catalão","449,8"
"Lagoa Santa","Catalão","449,8"
"Lagoa Santa","Catalão","449,8"
"Lagoa Santa","Goiás","454,7"
"Lagoa Santa","Anápolis","483,6"
"Lagoa Santa","Jaraguá","519"
"Lagoa Santa","Pirenópolis","533,4"
"Lagoa Santa","Ceres","556,5"
"Lagoa Santa","Ceres","556,5"
"Lagoa Santa","Luziânia","577,6"
"Lagoa Santa","Águas Lindas de Goiás","594,8"
"Lagoa Santa","Uruaçu","674"
"Lagoa Santa","Formosa","698,1"
"Leopoldo de Bulhões","Anápolis","52"
"Leopoldo de Bulhões","Senador Canedo","57"
"Leopoldo de Bulhões","Goiânia","71,2"
"Leopoldo de Bulhões","Goiânia","71,2"
"Leopoldo de Bulhões","Goiânia","71,2"
"Leopoldo de Bulhões","Goiânia","71,2"
"Leopoldo de Bulhões","Goiânia","71,2"
"Leopoldo de Bulhões","Goiânia","71,2"
"Leopoldo de Bulhões","Goiânia","71,2"
"Leopoldo de Bulhões","Goiânia","71,2"
"Leopoldo de Bulhões","Goiânia","71,2"
"Leopoldo de Bulhões","Goiânia","71,2"
"Leopoldo de Bulhões","Goiânia","71,2"
"Leopoldo de Bulhões","Goiânia","71,2"
"Leopoldo de Bulhões","Aparecida de Goiânia","73,8"
"Leopoldo de Bulhões","Trindade","101,6"
"Leopoldo de Bulhões","Trindade","101,6"
"Leopoldo de Bulhões","Pirenópolis","112,4"
"Leopoldo de Bulhões","Luziânia","119,1"
"Leopoldo de Bulhões","Águas Lindas de Goiás","132"
"Leopoldo de Bulhões","Jaraguá","141,7"
"Leopoldo de Bulhões","Goiás","206"
"Leopoldo de Bulhões","Ceres","212,1"
"Leopoldo de Bulhões","Ceres","212,1"
"Leopoldo de Bulhões","São Luís de Montes Belos","214"
"Leopoldo de Bulhões","Catalão","235,8"
"Leopoldo de Bulhões","Catalão","235,8"
"Leopoldo de Bulhões","Catalão","235,8"
"Leopoldo de Bulhões","Catalão","235,8"
"Leopoldo de Bulhões","Formosa","236,4"
"Leopoldo de Bulhões","Itumbiara","246,4"
"Leopoldo de Bulhões","Itumbiara","246,4"
"Leopoldo de Bulhões","Uruaçu","284,2"
"Leopoldo de Bulhões","Santa Helena de Goiás","285"
"Leopoldo de Bulhões","Jataí","415"
"Leopoldo de Bulhões","Jataí","415"
"Luziânia","Luziânia","0"
"Luziânia","Águas Lindas de Goiás","82,7"
"Luziânia","Formosa","126,6"
"Luziânia","Anápolis","132,1"
"Luziânia","Pirenópolis","143,5"
"Luziânia","Goiânia","182,3"
"Luziânia","Goiânia","182,3"
"Luziânia","Goiânia","182,3"
"Luziânia","Goiânia","182,3"
"Luziânia","Goiânia","182,3"
"Luziânia","Goiânia","182,3"
"Luziânia","Goiânia","182,3"
"Luziânia","Goiânia","182,3"
"Luziânia","Goiânia","182,3"
"Luziânia","Goiânia","182,3"
"Luziânia","Goiânia","182,3"
"Luziânia","Goiânia","182,3"
"Luziânia","Aparecida de Goiânia","186,8"
"Luziânia","Jaraguá","194,5"
"Luziânia","Trindade","209,6"
"Luziânia","Trindade","209,6"
"Luziânia","Ceres","246,7"
"Luziânia","Ceres","246,7"
"Luziânia","Catalão","255,2"
"Luziânia","Catalão","255,2"
"Luziânia","Catalão","255,2"
"Luziânia","Catalão","255,2"
"Luziânia","Uruaçu","276,8"
"Luziânia","Goiás","284"
"Luziânia","São Luís de Montes Belos","312,2"
"Luziânia","Itumbiara","329,8"
"Luziânia","Itumbiara","329,8"
"Luziânia","Santa Helena de Goiás","396,7"
"Luziânia","Jataí","518,7"
"Luziânia","Jataí","518,7"
"Mairipotaba","Aparecida de Goiânia","75,1"
"Mairipotaba","Trindade","91,2"
"Mairipotaba","Trindade","91,2"
"Mairipotaba","Goiânia","91,6"
"Mairipotaba","Goiânia","91,6"
"Mairipotaba","Goiânia","91,6"
"Mairipotaba","Goiânia","91,6"
"Mairipotaba","Goiânia","91,6"
"Mairipotaba","Goiânia","91,6"
"Mairipotaba","Goiânia","91,6"
"Mairipotaba","Goiânia","91,6"
"Mairipotaba","Goiânia","91,6"
"Mairipotaba","Goiânia","91,6"
"Mairipotaba","Goiânia","91,6"
"Mairipotaba","Goiânia","91,6"
"Mairipotaba","Senador Canedo","111"
"Mairipotaba","Anápolis","150,1"
"Mairipotaba","Itumbiara","156,2"
"Mairipotaba","Itumbiara","156,2"
"Mairipotaba","São Luís de Montes Belos","156,9"
"Mairipotaba","Santa Helena de Goiás","160,6"
"Mairipotaba","Goiás","205,2"
"Mairipotaba","Pirenópolis","209,8"
"Mairipotaba","Jaraguá","212,2"
"Mairipotaba","Catalão","233,8"
"Mairipotaba","Catalão","233,8"
"Mairipotaba","Catalão","233,8"
"Mairipotaba","Catalão","233,8"
"Mairipotaba","Luziânia","241,1"
"Mairipotaba","Águas Lindas de Goiás","256,7"
"Mairipotaba","Ceres","266"
"Mairipotaba","Ceres","266"
"Mairipotaba","Jataí","294,1"
"Mairipotaba","Jataí","294,1"
"Mairipotaba","Formosa","361,8"
"Mairipotaba","Uruaçu","372,8"
"Mambaí","Formosa","216,6"
"Mambaí","Águas Lindas de Goiás","327"
"Mambaí","Luziânia","333,8"
"Mambaí","Uruaçu","390,6"
"Mambaí","Pirenópolis","409"
"Mambaí","Anápolis","432,8"
"Mambaí","Jaraguá","440,4"
"Mambaí","Ceres","454,8"
"Mambaí","Ceres","454,8"
"Mambaí","Goiânia","491,8"
"Mambaí","Goiânia","491,8"
"Mambaí","Goiânia","491,8"
"Mambaí","Goiânia","491,8"
"Mambaí","Goiânia","491,8"
"Mambaí","Goiânia","491,8"
"Mambaí","Goiânia","491,8"
"Mambaí","Goiânia","491,8"
"Mambaí","Goiânia","491,8"
"Mambaí","Goiânia","491,8"
"Mambaí","Goiânia","491,8"
"Mambaí","Goiânia","491,8"
"Mambaí","Aparecida de Goiânia","500,4"
"Mambaí","Trindade","512,9"
"Mambaí","Trindade","512,9"
"Mambaí","Catalão","535,2"
"Mambaí","Catalão","535,2"
"Mambaí","Catalão","535,2"
"Mambaí","Catalão","535,2"
"Mambaí","Goiás","543,9"
"Mambaí","São Luís de Montes Belos","600,9"
"Mambaí","Itumbiara","646,2"
"Mambaí","Itumbiara","646,2"
"Mambaí","Santa Helena de Goiás","713,9"
"Mambaí","Jataí","834,8"
"Mambaí","Jataí","834,8"
"Mara Rosa","Uruaçu","72"
"Mara Rosa","Ceres","185,2"
"Mara Rosa","Ceres","185,2"
"Mara Rosa","Jaraguá","238,6"
"Mara Rosa","Pirenópolis","246,6"
"Mara Rosa","Águas Lindas de Goiás","260,2"
"Mara Rosa","Goiás","284,5"
"Mara Rosa","Anápolis","310,1"
"Mara Rosa","Formosa","312,7"
"Mara Rosa","Luziânia","337,9"
"Mara Rosa","Trindade","354,1"
"Mara Rosa","Trindade","354,1"
"Mara Rosa","Goiânia","356,6"
"Mara Rosa","Goiânia","356,6"
"Mara Rosa","Goiânia","356,6"
"Mara Rosa","Goiânia","356,6"
"Mara Rosa","Goiânia","356,6"
"Mara Rosa","Goiânia","356,6"
"Mara Rosa","Goiânia","356,6"
"Mara Rosa","Goiânia","356,6"
"Mara Rosa","Goiânia","356,6"
"Mara Rosa","Goiânia","356,6"
"Mara Rosa","Goiânia","356,6"
"Mara Rosa","Goiânia","356,6"
"Mara Rosa","São Luís de Montes Belos","368"
"Mara Rosa","Aparecida de Goiânia","374,4"
"Mara Rosa","Santa Helena de Goiás","529,3"
"Mara Rosa","Catalão","566,4"
"Mara Rosa","Catalão","566,4"
"Mara Rosa","Catalão","566,4"
"Mara Rosa","Catalão","566,4"
"Mara Rosa","Itumbiara","576,7"
"Mara Rosa","Itumbiara","576,7"
"Mara Rosa","Jataí","599,9"
"Mara Rosa","Jataí","599,9"
"Marzagão","Caldas Novas","29,1"
"Marzagão","Catalão","97,2"
"Marzagão","Catalão","97,2"
"Marzagão","Catalão","97,2"
"Marzagão","Catalão","97,2"
"Marzagão","Itumbiara","97,8"
"Marzagão","Itumbiara","97,8"
"Marzagão","Aparecida de Goiânia","177,6"
"Marzagão","Goiânia","195,1"
"Marzagão","Goiânia","195,1"
"Marzagão","Goiânia","195,1"
"Marzagão","Goiânia","195,1"
"Marzagão","Goiânia","195,1"
"Marzagão","Goiânia","195,1"
"Marzagão","Goiânia","195,1"
"Marzagão","Goiânia","195,1"
"Marzagão","Goiânia","195,1"
"Marzagão","Goiânia","195,1"
"Marzagão","Goiânia","195,1"
"Marzagão","Goiânia","195,1"
"Marzagão","Trindade","213,3"
"Marzagão","Trindade","213,3"
"Marzagão","Anápolis","230"
"Marzagão","Luziânia","247,1"
"Marzagão","Santa Helena de Goiás","249,5"
"Marzagão","Pirenópolis","287,4"
"Marzagão","São Luís de Montes Belos","294,5"
"Marzagão","Águas Lindas de Goiás","299,9"
"Marzagão","Jaraguá","310,4"
"Marzagão","Goiás","333,7"
"Marzagão","Formosa","366,1"
"Marzagão","Ceres","377,6"
"Marzagão","Ceres","377,6"
"Marzagão","Jataí","391,1"
"Marzagão","Jataí","391,1"
"Marzagão","Uruaçu","458,2"
"Matrinchã","Goiás","108,3"
"Matrinchã","Ceres","152,2"
"Matrinchã","Ceres","152,2"
"Matrinchã","São Luís de Montes Belos","156,6"
"Matrinchã","Jaraguá","190,9"
"Matrinchã","Trindade","234,2"
"Matrinchã","Trindade","234,2"
"Matrinchã","Pirenópolis","242,2"
"Matrinchã","Uruaçu","246"
"Matrinchã","Goiânia","253"
"Matrinchã","Goiânia","253"
"Matrinchã","Goiânia","253"
"Matrinchã","Goiânia","253"
"Matrinchã","Goiânia","253"
"Matrinchã","Goiânia","253"
"Matrinchã","Goiânia","253"
"Matrinchã","Goiânia","253"
"Matrinchã","Goiânia","253"
"Matrinchã","Goiânia","253"
"Matrinchã","Goiânia","253"
"Matrinchã","Goiânia","253"
"Matrinchã","Anápolis","259,2"
"Matrinchã","Aparecida de Goiânia","266,6"
"Matrinchã","Santa Helena de Goiás","317,8"
"Matrinchã","Águas Lindas de Goiás","319,7"
"Matrinchã","Jataí","349,1"
"Matrinchã","Jataí","349,1"
"Matrinchã","Luziânia","375,1"
"Matrinchã","Formosa","431,2"
"Matrinchã","Itumbiara","435,1"
"Matrinchã","Itumbiara","435,1"
"Matrinchã","Catalão","502,2"
"Matrinchã","Catalão","502,2"
"Matrinchã","Catalão","502,2"
"Matrinchã","Catalão","502,2"
"Maurilândia","Santa Helena de Goiás","43,2"
"Maurilândia","Rio Verde","72,6"
"Maurilândia","Rio Verde","72,6"
"Maurilândia","Itumbiara","157,7"
"Maurilândia","Itumbiara","157,7"
"Maurilândia","Jataí","180,2"
"Maurilândia","Jataí","180,2"
"Maurilândia","São Luís de Montes Belos","198,5"
"Maurilândia","Trindade","211,7"
"Maurilândia","Trindade","211,7"
"Maurilândia","Aparecida de Goiânia","212,4"
"Maurilândia","Goiânia","225"
"Maurilândia","Goiânia","225"
"Maurilândia","Goiânia","225"
"Maurilândia","Goiânia","225"
"Maurilândia","Goiânia","225"
"Maurilândia","Goiânia","225"
"Maurilândia","Goiânia","225"
"Maurilândia","Goiânia","225"
"Maurilândia","Goiânia","225"
"Maurilândia","Goiânia","225"
"Maurilândia","Goiânia","225"
"Maurilândia","Goiânia","225"
"Maurilândia","Goiás","273,2"
"Maurilândia","Anápolis","281,6"
"Maurilândia","Catalão","304,9"
"Maurilândia","Catalão","304,9"
"Maurilândia","Catalão","304,9"
"Maurilândia","Catalão","304,9"
"Maurilândia","Jaraguá","322,7"
"Maurilândia","Pirenópolis","333,4"
"Maurilândia","Ceres","368"
"Maurilândia","Ceres","368"
"Maurilândia","Luziânia","381,4"
"Maurilândia","Águas Lindas de Goiás","394,9"
"Maurilândia","Uruaçu","477"
"Maurilândia","Formosa","493,9"
"Mimoso de Goiás","Águas Lindas de Goiás","101,6"
"Mimoso de Goiás","Formosa","127,6"
"Mimoso de Goiás","Uruaçu","148,2"
"Mimoso de Goiás","Pirenópolis","151,7"
"Mimoso de Goiás","Luziânia","166,7"
"Mimoso de Goiás","Jaraguá","182"
"Mimoso de Goiás","Ceres","193,1"
"Mimoso de Goiás","Ceres","193,1"
"Mimoso de Goiás","Anápolis","203,3"
"Mimoso de Goiás","Goiânia","260"
"Mimoso de Goiás","Goiânia","260"
"Mimoso de Goiás","Goiânia","260"
"Mimoso de Goiás","Goiânia","260"
"Mimoso de Goiás","Goiânia","260"
"Mimoso de Goiás","Goiânia","260"
"Mimoso de Goiás","Goiânia","260"
"Mimoso de Goiás","Goiânia","260"
"Mimoso de Goiás","Goiânia","260"
"Mimoso de Goiás","Goiânia","260"
"Mimoso de Goiás","Goiânia","260"
"Mimoso de Goiás","Goiânia","260"
"Mimoso de Goiás","Trindade","273,5"
"Mimoso de Goiás","Trindade","273,5"
"Mimoso de Goiás","Aparecida de Goiânia","274"
"Mimoso de Goiás","Goiás","280,3"
"Mimoso de Goiás","São Luís de Montes Belos","345,1"
"Mimoso de Goiás","Catalão","416,4"
"Mimoso de Goiás","Catalão","416,4"
"Mimoso de Goiás","Catalão","416,4"
"Mimoso de Goiás","Catalão","416,4"
"Mimoso de Goiás","Itumbiara","460,1"
"Mimoso de Goiás","Itumbiara","460,1"
"Mimoso de Goiás","Santa Helena de Goiás","474,5"
"Mimoso de Goiás","Jataí","581,5"
"Mimoso de Goiás","Jataí","581,5"
"Minaçu","Porangatu","170"
"Minaçu","Uruaçu","182,5"
"Minaçu","Formosa","291,5"
"Minaçu","Ceres","296,5"
"Minaçu","Ceres","296,5"
"Minaçu","Águas Lindas de Goiás","297,8"
"Minaçu","Pirenópolis","323,9"
"Minaçu","Jaraguá","329,5"
"Minaçu","Luziânia","364,9"
"Minaçu","Anápolis","385,1"
"Minaçu","Goiás","405,1"
"Minaçu","Goiânia","434,7"
"Minaçu","Goiânia","434,7"
"Minaçu","Goiânia","434,7"
"Minaçu","Goiânia","434,7"
"Minaçu","Goiânia","434,7"
"Minaçu","Goiânia","434,7"
"Minaçu","Goiânia","434,7"
"Minaçu","Goiânia","434,7"
"Minaçu","Goiânia","434,7"
"Minaçu","Goiânia","434,7"
"Minaçu","Goiânia","434,7"
"Minaçu","Goiânia","434,7"
"Minaçu","Trindade","440,1"
"Minaçu","Trindade","440,1"
"Minaçu","Aparecida de Goiânia","450,8"
"Minaçu","São Luís de Montes Belos","477,9"
"Minaçu","Catalão","609,2"
"Minaçu","Catalão","609,2"
"Minaçu","Catalão","609,2"
"Minaçu","Catalão","609,2"
"Minaçu","Santa Helena de Goiás","637"
"Minaçu","Itumbiara","652,3"
"Minaçu","Itumbiara","652,3"
"Minaçu","Jataí","721,7"
"Minaçu","Jataí","721,7"
"Mineiros","Mineiros","0"
"Mineiros","Jataí","120,5"
"Mineiros","Jataí","120,5"
"Mineiros","Santa Helena de Goiás","250,8"
"Mineiros","São Luís de Montes Belos","311,2"
"Mineiros","Goiás","377,5"
"Mineiros","Trindade","409"
"Mineiros","Trindade","409"
"Mineiros","Aparecida de Goiânia","425,9"
"Mineiros","Goiânia","428,2"
"Mineiros","Goiânia","428,2"
"Mineiros","Goiânia","428,2"
"Mineiros","Goiânia","428,2"
"Mineiros","Goiânia","428,2"
"Mineiros","Goiânia","428,2"
"Mineiros","Goiânia","428,2"
"Mineiros","Goiânia","428,2"
"Mineiros","Goiânia","428,2"
"Mineiros","Goiânia","428,2"
"Mineiros","Goiânia","428,2"
"Mineiros","Goiânia","428,2"
"Mineiros","Itumbiara","431,1"
"Mineiros","Itumbiara","431,1"
"Mineiros","Jaraguá","469,4"
"Mineiros","Ceres","475,4"
"Mineiros","Ceres","475,4"
"Mineiros","Anápolis","480,1"
"Mineiros","Pirenópolis","504,7"
"Mineiros","Catalão","581"
"Mineiros","Catalão","581"
"Mineiros","Catalão","581"
"Mineiros","Catalão","581"
"Mineiros","Águas Lindas de Goiás","586,8"
"Mineiros","Uruaçu","586,9"
"Mineiros","Luziânia","603"
"Mineiros","Formosa","707,9"
"Moiporá","São Luís de Montes Belos","51,6"
"Moiporá","Goiás","118,4"
"Moiporá","Trindade","164,1"
"Moiporá","Trindade","164,1"
"Moiporá","Santa Helena de Goiás","174,4"
"Moiporá","Goiânia","194,2"
"Moiporá","Goiânia","194,2"
"Moiporá","Goiânia","194,2"
"Moiporá","Goiânia","194,2"
"Moiporá","Goiânia","194,2"
"Moiporá","Goiânia","194,2"
"Moiporá","Goiânia","194,2"
"Moiporá","Goiânia","194,2"
"Moiporá","Goiânia","194,2"
"Moiporá","Goiânia","194,2"
"Moiporá","Goiânia","194,2"
"Moiporá","Goiânia","194,2"
"Moiporá","Aparecida de Goiânia","199,1"
"Moiporá","Jaraguá","213,9"
"Moiporá","Jataí","223,1"
"Moiporá","Jataí","223,1"
"Moiporá","Ceres","226"
"Moiporá","Ceres","226"
"Moiporá","Anápolis","236,2"
"Moiporá","Pirenópolis","246,1"
"Moiporá","Itumbiara","315,6"
"Moiporá","Itumbiara","315,6"
"Moiporá","Águas Lindas de Goiás","331,8"
"Moiporá","Uruaçu","339"
"Moiporá","Luziânia","359,2"
"Moiporá","Catalão","416,6"
"Moiporá","Catalão","416,6"
"Moiporá","Catalão","416,6"
"Moiporá","Catalão","416,6"
"Moiporá","Formosa","448,8"
"Monte Alegre de Goiás","Formosa","310,2"
"Monte Alegre de Goiás","Uruaçu","336,7"
"Monte Alegre de Goiás","Águas Lindas de Goiás","379,6"
"Monte Alegre de Goiás","Luziânia","415,6"
"Monte Alegre de Goiás","Pirenópolis","429,9"
"Monte Alegre de Goiás","Ceres","437"
"Monte Alegre de Goiás","Ceres","437"
"Monte Alegre de Goiás","Jaraguá","451,2"
"Monte Alegre de Goiás","Anápolis","480,5"
"Monte Alegre de Goiás","Goiânia","541,3"
"Monte Alegre de Goiás","Goiânia","541,3"
"Monte Alegre de Goiás","Goiânia","541,3"
"Monte Alegre de Goiás","Goiânia","541,3"
"Monte Alegre de Goiás","Goiânia","541,3"
"Monte Alegre de Goiás","Goiânia","541,3"
"Monte Alegre de Goiás","Goiânia","541,3"
"Monte Alegre de Goiás","Goiânia","541,3"
"Monte Alegre de Goiás","Goiânia","541,3"
"Monte Alegre de Goiás","Goiânia","541,3"
"Monte Alegre de Goiás","Goiânia","541,3"
"Monte Alegre de Goiás","Goiânia","541,3"
"Monte Alegre de Goiás","Goiás","541,7"
"Monte Alegre de Goiás","Trindade","554,2"
"Monte Alegre de Goiás","Trindade","554,2"
"Monte Alegre de Goiás","Aparecida de Goiânia","554,7"
"Monte Alegre de Goiás","São Luís de Montes Belos","615"
"Monte Alegre de Goiás","Catalão","657,8"
"Monte Alegre de Goiás","Catalão","657,8"
"Monte Alegre de Goiás","Catalão","657,8"
"Monte Alegre de Goiás","Catalão","657,8"
"Monte Alegre de Goiás","Itumbiara","737"
"Monte Alegre de Goiás","Itumbiara","737"
"Monte Alegre de Goiás","Santa Helena de Goiás","759,3"
"Monte Alegre de Goiás","Jataí","860,2"
"Monte Alegre de Goiás","Jataí","860,2"
"Montes Claros de Goiás","São Luís de Montes Belos","151,9"
"Montes Claros de Goiás","Goiás","165,7"
"Montes Claros de Goiás","Ceres","249,1"
"Montes Claros de Goiás","Ceres","249,1"
"Montes Claros de Goiás","Jataí","253,2"
"Montes Claros de Goiás","Jataí","253,2"
"Montes Claros de Goiás","Trindade","258,7"
"Montes Claros de Goiás","Trindade","258,7"
"Montes Claros de Goiás","Santa Helena de Goiás","261,7"
"Montes Claros de Goiás","Jaraguá","267"
"Montes Claros de Goiás","Goiânia","287,9"
"Montes Claros de Goiás","Goiânia","287,9"
"Montes Claros de Goiás","Goiânia","287,9"
"Montes Claros de Goiás","Goiânia","287,9"
"Montes Claros de Goiás","Goiânia","287,9"
"Montes Claros de Goiás","Goiânia","287,9"
"Montes Claros de Goiás","Goiânia","287,9"
"Montes Claros de Goiás","Goiânia","287,9"
"Montes Claros de Goiás","Goiânia","287,9"
"Montes Claros de Goiás","Goiânia","287,9"
"Montes Claros de Goiás","Goiânia","287,9"
"Montes Claros de Goiás","Goiânia","287,9"
"Montes Claros de Goiás","Aparecida de Goiânia","295,9"
"Montes Claros de Goiás","Pirenópolis","313,7"
"Montes Claros de Goiás","Anápolis","316,3"
"Montes Claros de Goiás","Uruaçu","351,6"
"Montes Claros de Goiás","Águas Lindas de Goiás","401,3"
"Montes Claros de Goiás","Itumbiara","417,4"
"Montes Claros de Goiás","Itumbiara","417,4"
"Montes Claros de Goiás","Luziânia","435,8"
"Montes Claros de Goiás","Formosa","516,4"
"Montes Claros de Goiás","Catalão","517,7"
"Montes Claros de Goiás","Catalão","517,7"
"Montes Claros de Goiás","Catalão","517,7"
"Montes Claros de Goiás","Catalão","517,7"
"Montividiu","Rio Verde","49,2"
"Montividiu","Rio Verde","49,2"
"Montividiu","Santa Helena de Goiás","93,2"
"Montividiu","Jataí","95,9"
"Montividiu","Jataí","95,9"
"Montividiu","São Luís de Montes Belos","164"
"Montividiu","Goiás","241"
"Montividiu","Trindade","244,9"
"Montividiu","Trindade","244,9"
"Montividiu","Aparecida de Goiânia","259,3"
"Montividiu","Goiânia","263,6"
"Montividiu","Goiânia","263,6"
"Montividiu","Goiânia","263,6"
"Montividiu","Goiânia","263,6"
"Montividiu","Goiânia","263,6"
"Montividiu","Goiânia","263,6"
"Montividiu","Goiânia","263,6"
"Montividiu","Goiânia","263,6"
"Montividiu","Goiânia","263,6"
"Montividiu","Goiânia","263,6"
"Montividiu","Goiânia","263,6"
"Montividiu","Goiânia","263,6"
"Montividiu","Itumbiara","279,8"
"Montividiu","Itumbiara","279,8"
"Montividiu","Anápolis","320,2"
"Montividiu","Jaraguá","325,8"
"Montividiu","Ceres","349,2"
"Montividiu","Ceres","349,2"
"Montividiu","Pirenópolis","354"
"Montividiu","Catalão","414,3"
"Montividiu","Catalão","414,3"
"Montividiu","Catalão","414,3"
"Montividiu","Catalão","414,3"
"Montividiu","Águas Lindas de Goiás","425,3"
"Montividiu","Luziânia","433,8"
"Montividiu","Uruaçu","461"
"Montividiu","Formosa","543,4"
"Montividiu do Norte","Porangatu","65,4"
"Montividiu do Norte","Uruaçu","171,7"
"Montividiu do Norte","Ceres","286,7"
"Montividiu do Norte","Ceres","286,7"
"Montividiu do Norte","Águas Lindas de Goiás","326,2"
"Montividiu do Norte","Jaraguá","331,6"
"Montividiu do Norte","Pirenópolis","335,8"
"Montividiu do Norte","Formosa","340,4"
"Montividiu do Norte","Goiás","392,8"
"Montividiu do Norte","Luziânia","399"
"Montividiu do Norte","Anápolis","399,1"
"Montividiu do Norte","Goiânia","444"
"Montividiu do Norte","Goiânia","444"
"Montividiu do Norte","Goiânia","444"
"Montividiu do Norte","Goiânia","444"
"Montividiu do Norte","Goiânia","444"
"Montividiu do Norte","Goiânia","444"
"Montividiu do Norte","Goiânia","444"
"Montividiu do Norte","Goiânia","444"
"Montividiu do Norte","Goiânia","444"
"Montividiu do Norte","Goiânia","444"
"Montividiu do Norte","Goiânia","444"
"Montividiu do Norte","Goiânia","444"
"Montividiu do Norte","Trindade","445,3"
"Montividiu do Norte","Trindade","445,3"
"Montividiu do Norte","Aparecida de Goiânia","461"
"Montividiu do Norte","São Luís de Montes Belos","468"
"Montividiu do Norte","Santa Helena de Goiás","633,5"
"Montividiu do Norte","Catalão","639"
"Montividiu do Norte","Catalão","639"
"Montividiu do Norte","Catalão","639"
"Montividiu do Norte","Catalão","639"
"Montividiu do Norte","Itumbiara","667,4"
"Montividiu do Norte","Itumbiara","667,4"
"Montividiu do Norte","Jataí","707,3"
"Montividiu do Norte","Jataí","707,3"
"Morrinhos","Itumbiara","96,5"
"Morrinhos","Itumbiara","96,5"
"Morrinhos","Itumbiara","96,5"
"Morrinhos","Aparecida de Goiânia","126,3"
"Morrinhos","Goiânia","144,6"
"Morrinhos","Goiânia","144,6"
"Morrinhos","Goiânia","144,6"
"Morrinhos","Goiânia","144,6"
"Morrinhos","Goiânia","144,6"
"Morrinhos","Goiânia","144,6"
"Morrinhos","Goiânia","144,6"
"Morrinhos","Goiânia","144,6"
"Morrinhos","Goiânia","144,6"
"Morrinhos","Goiânia","144,6"
"Morrinhos","Goiânia","144,6"
"Morrinhos","Goiânia","144,6"
"Morrinhos","Trindade","156,3"
"Morrinhos","Trindade","156,3"
"Morrinhos","Catalão","162,4"
"Morrinhos","Catalão","162,4"
"Morrinhos","Catalão","162,4"
"Morrinhos","Catalão","162,4"
"Morrinhos","Anápolis","193,2"
"Morrinhos","Santa Helena de Goiás","194,6"
"Morrinhos","São Luís de Montes Belos","234,3"
"Morrinhos","Luziânia","246,5"
"Morrinhos","Pirenópolis","251,9"
"Morrinhos","Jaraguá","265,9"
"Morrinhos","Goiás","274,1"
"Morrinhos","Águas Lindas de Goiás","283,4"
"Morrinhos","Ceres","330"
"Morrinhos","Ceres","330"
"Morrinhos","Jataí","332,8"
"Morrinhos","Jataí","332,8"
"Morrinhos","Formosa","369,8"
"Morrinhos","Uruaçu","421,1"
"Morro Agudo de Goiás","Ceres","64,4"
"Morro Agudo de Goiás","Ceres","64,4"
"Morro Agudo de Goiás","Goiás","87,6"
"Morro Agudo de Goiás","Jaraguá","115,7"
"Morro Agudo de Goiás","Pirenópolis","161,9"
"Morro Agudo de Goiás","Uruaçu","162,6"
"Morro Agudo de Goiás","São Luís de Montes Belos","169,7"
"Morro Agudo de Goiás","Trindade","196,8"
"Morro Agudo de Goiás","Trindade","196,8"
"Morro Agudo de Goiás","Anápolis","200,2"
"Morro Agudo de Goiás","Goiânia","214"
"Morro Agudo de Goiás","Goiânia","214"
"Morro Agudo de Goiás","Goiânia","214"
"Morro Agudo de Goiás","Goiânia","214"
"Morro Agudo de Goiás","Goiânia","214"
"Morro Agudo de Goiás","Goiânia","214"
"Morro Agudo de Goiás","Goiânia","214"
"Morro Agudo de Goiás","Goiânia","214"
"Morro Agudo de Goiás","Goiânia","214"
"Morro Agudo de Goiás","Goiânia","214"
"Morro Agudo de Goiás","Goiânia","214"
"Morro Agudo de Goiás","Goiânia","214"
"Morro Agudo de Goiás","Aparecida de Goiânia","231,2"
"Morro Agudo de Goiás","Águas Lindas de Goiás","241,4"
"Morro Agudo de Goiás","Luziânia","297,7"
"Morro Agudo de Goiás","Santa Helena de Goiás","339,8"
"Morro Agudo de Goiás","Formosa","350,9"
"Morro Agudo de Goiás","Jataí","402,5"
"Morro Agudo de Goiás","Jataí","402,5"
"Morro Agudo de Goiás","Itumbiara","419"
"Morro Agudo de Goiás","Itumbiara","419"
"Morro Agudo de Goiás","Catalão","458,2"
"Morro Agudo de Goiás","Catalão","458,2"
"Morro Agudo de Goiás","Catalão","458,2"
"Morro Agudo de Goiás","Catalão","458,2"
"Mossâmedes","Goiás","29,8"
"Mossâmedes","São Luís de Montes Belos","62,4"
"Mossâmedes","Trindade","122,8"
"Mossâmedes","Trindade","122,8"
"Mossâmedes","Jaraguá","126,3"
"Mossâmedes","Ceres","138"
"Mossâmedes","Ceres","138"
"Mossâmedes","Goiânia","146,4"
"Mossâmedes","Goiânia","146,4"
"Mossâmedes","Goiânia","146,4"
"Mossâmedes","Goiânia","146,4"
"Mossâmedes","Goiânia","146,4"
"Mossâmedes","Goiânia","146,4"
"Mossâmedes","Goiânia","146,4"
"Mossâmedes","Goiânia","146,4"
"Mossâmedes","Goiânia","146,4"
"Mossâmedes","Goiânia","146,4"
"Mossâmedes","Goiânia","146,4"
"Mossâmedes","Goiânia","146,4"
"Mossâmedes","Aparecida de Goiânia","158,5"
"Mossâmedes","Anápolis","167,9"
"Mossâmedes","Pirenópolis","169,2"
"Mossâmedes","Santa Helena de Goiás","236,2"
"Mossâmedes","Águas Lindas de Goiás","252,6"
"Mossâmedes","Uruaçu","254,4"
"Mossâmedes","Luziânia","290,5"
"Mossâmedes","Jataí","302,9"
"Mossâmedes","Jataí","302,9"
"Mossâmedes","Itumbiara","330,4"
"Mossâmedes","Itumbiara","330,4"
"Mossâmedes","Formosa","377,4"
"Mossâmedes","Catalão","397,4"
"Mossâmedes","Catalão","397,4"
"Mossâmedes","Catalão","397,4"
"Mossâmedes","Catalão","397,4"
"Mozarlândia","Ceres","149,4"
"Mozarlândia","Ceres","149,4"
"Mozarlândia","Goiás","172,1"
"Mozarlândia","Uruaçu","191,9"
"Mozarlândia","Jaraguá","213,5"
"Mozarlândia","São Luís de Montes Belos","244,3"
"Mozarlândia","Pirenópolis","254,6"
"Mozarlândia","Trindade","289,6"
"Mozarlândia","Trindade","289,6"
"Mozarlândia","Anápolis","296,4"
"Mozarlândia","Goiânia","308,6"
"Mozarlândia","Goiânia","308,6"
"Mozarlândia","Goiânia","308,6"
"Mozarlândia","Goiânia","308,6"
"Mozarlândia","Goiânia","308,6"
"Mozarlândia","Goiânia","308,6"
"Mozarlândia","Goiânia","308,6"
"Mozarlândia","Goiânia","308,6"
"Mozarlândia","Goiânia","308,6"
"Mozarlândia","Goiânia","308,6"
"Mozarlândia","Goiânia","308,6"
"Mozarlândia","Goiânia","308,6"
"Mozarlândia","Águas Lindas de Goiás","324,5"
"Mozarlândia","Aparecida de Goiânia","324,8"
"Mozarlândia","Luziânia","392,5"
"Mozarlândia","Santa Helena de Goiás","409,1"
"Mozarlândia","Formosa","422,7"
"Mozarlândia","Jataí","435,8"
"Mozarlândia","Jataí","435,8"
"Mozarlândia","Itumbiara","510"
"Mozarlândia","Itumbiara","510"
"Mozarlândia","Catalão","557,3"
"Mozarlândia","Catalão","557,3"
"Mozarlândia","Catalão","557,3"
"Mozarlândia","Catalão","557,3"
"Mundo Novo","Uruaçu","183"
"Mundo Novo","Porangatu","197"
"Mundo Novo","Ceres","228,3"
"Mundo Novo","Ceres","228,3"
"Mundo Novo","Goiás","288,8"
"Mundo Novo","Jaraguá","291,1"
"Mundo Novo","Pirenópolis","325,6"
"Mundo Novo","São Luís de Montes Belos","366,8"
"Mundo Novo","Águas Lindas de Goiás","370,1"
"Mundo Novo","Anápolis","381,5"
"Mundo Novo","Trindade","397,3"
"Mundo Novo","Trindade","397,3"
"Mundo Novo","Goiânia","410,2"
"Mundo Novo","Goiânia","410,2"
"Mundo Novo","Goiânia","410,2"
"Mundo Novo","Goiânia","410,2"
"Mundo Novo","Goiânia","410,2"
"Mundo Novo","Goiânia","410,2"
"Mundo Novo","Goiânia","410,2"
"Mundo Novo","Goiânia","410,2"
"Mundo Novo","Goiânia","410,2"
"Mundo Novo","Goiânia","410,2"
"Mundo Novo","Goiânia","410,2"
"Mundo Novo","Goiânia","410,2"
"Mundo Novo","Aparecida de Goiânia","420,7"
"Mundo Novo","Luziânia","439,5"
"Mundo Novo","Formosa","439,8"
"Mundo Novo","Santa Helena de Goiás","531,4"
"Mundo Novo","Jataí","568,5"
"Mundo Novo","Jataí","568,5"
"Mundo Novo","Itumbiara","623"
"Mundo Novo","Itumbiara","623"
"Mundo Novo","Catalão","647,3"
"Mundo Novo","Catalão","647,3"
"Mundo Novo","Catalão","647,3"
"Mundo Novo","Catalão","647,3"
"Mutunópolis","Porangatu","41,1"
"Mutunópolis","Uruaçu","113,5"
"Mutunópolis","Ceres","219,8"
"Mutunópolis","Ceres","219,8"
"Mutunópolis","Jaraguá","270"
"Mutunópolis","Pirenópolis","285,8"
"Mutunópolis","Águas Lindas de Goiás","299,8"
"Mutunópolis","Goiás","314,4"
"Mutunópolis","Formosa","347,6"
"Mutunópolis","Anápolis","349,1"
"Mutunópolis","Luziânia","377,4"
"Mutunópolis","Trindade","390,8"
"Mutunópolis","Trindade","390,8"
"Mutunópolis","Goiânia","394,4"
"Mutunópolis","Goiânia","394,4"
"Mutunópolis","Goiânia","394,4"
"Mutunópolis","Goiânia","394,4"
"Mutunópolis","Goiânia","394,4"
"Mutunópolis","Goiânia","394,4"
"Mutunópolis","Goiânia","394,4"
"Mutunópolis","Goiânia","394,4"
"Mutunópolis","Goiânia","394,4"
"Mutunópolis","Goiânia","394,4"
"Mutunópolis","Goiânia","394,4"
"Mutunópolis","Goiânia","394,4"
"Mutunópolis","São Luís de Montes Belos","398,4"
"Mutunópolis","Aparecida de Goiânia","412,2"
"Mutunópolis","Santa Helena de Goiás","561"
"Mutunópolis","Catalão","605,7"
"Mutunópolis","Catalão","605,7"
"Mutunópolis","Catalão","605,7"
"Mutunópolis","Catalão","605,7"
"Mutunópolis","Itumbiara","614"
"Mutunópolis","Itumbiara","614"
"Mutunópolis","Jataí","625,8"
"Mutunópolis","Jataí","625,8"
"Nazário","Trindade","55,7"
"Nazário","Trindade","55,7"
"Nazário","São Luís de Montes Belos","66,9"
"Nazário","Goiânia","84,8"
"Nazário","Goiânia","84,8"
"Nazário","Goiânia","84,8"
"Nazário","Goiânia","84,8"
"Nazário","Goiânia","84,8"
"Nazário","Goiânia","84,8"
"Nazário","Goiânia","84,8"
"Nazário","Goiânia","84,8"
"Nazário","Goiânia","84,8"
"Nazário","Goiânia","84,8"
"Nazário","Goiânia","84,8"
"Nazário","Goiânia","84,8"
"Nazário","Goiânia","84,8"
"Nazário","Goiânia","84,8"
"Nazário","Goiânia","84,8"
"Nazário","Aparecida de Goiânia","92,2"
"Nazário","Goiás","97,9"
"Nazário","Anápolis","126,6"
"Nazário","Jaraguá","134,1"
"Nazário","Pirenópolis","157,1"
"Nazário","Ceres","178,2"
"Nazário","Ceres","178,2"
"Nazário","Santa Helena de Goiás","192,6"
"Nazário","Águas Lindas de Goiás","238,1"
"Nazário","Luziânia","251"
"Nazário","Itumbiara","258,2"
"Nazário","Itumbiara","258,2"
"Nazário","Uruaçu","290,5"
"Nazário","Jataí","291,4"
"Nazário","Jataí","291,4"
"Nazário","Catalão","325"
"Nazário","Catalão","325"
"Nazário","Catalão","325"
"Nazário","Catalão","325"
"Nazário","Formosa","354,6"
"Nerópolis","Anápolis","39,6"
"Nerópolis","Goiânia","41,7"
"Nerópolis","Goiânia","41,7"
"Nerópolis","Goiânia","41,7"
"Nerópolis","Goiânia","41,7"
"Nerópolis","Goiânia","41,7"
"Nerópolis","Goiânia","41,7"
"Nerópolis","Goiânia","41,7"
"Nerópolis","Goiânia","41,7"
"Nerópolis","Goiânia","41,7"
"Nerópolis","Goiânia","41,7"
"Nerópolis","Goiânia","41,7"
"Nerópolis","Goiânia","41,7"
"Nerópolis","Goiânia","41,7"
"Nerópolis","Goiânia","41,7"
"Nerópolis","Goiânia","41,7"
"Nerópolis","Trindade","52,5"
"Nerópolis","Trindade","52,5"
"Nerópolis","Aparecida de Goiânia","61"
"Nerópolis","Pirenópolis","86,1"
"Nerópolis","Jaraguá","93,3"
"Nerópolis","Goiás","136,7"
"Nerópolis","São Luís de Montes Belos","151,7"
"Nerópolis","Águas Lindas de Goiás","151,8"
"Nerópolis","Ceres","158,3"
"Nerópolis","Ceres","158,3"
"Nerópolis","Luziânia","168,4"
"Nerópolis","Uruaçu","251,2"
"Nerópolis","Santa Helena de Goiás","256,9"
"Nerópolis","Itumbiara","267,5"
"Nerópolis","Itumbiara","267,5"
"Nerópolis","Formosa","268"
"Nerópolis","Catalão","286"
"Nerópolis","Catalão","286"
"Nerópolis","Catalão","286"
"Nerópolis","Catalão","286"
"Nerópolis","Jataí","374,3"
"Nerópolis","Jataí","374,3"
"Niquelândia","Uruaçu","93,3"
"Niquelândia","Águas Lindas de Goiás","178,7"
"Niquelândia","Ceres","189,5"
"Niquelândia","Ceres","189,5"
"Niquelândia","Pirenópolis","200,5"
"Niquelândia","Formosa","208,7"
"Niquelândia","Jaraguá","210,5"
"Niquelândia","Luziânia","247,3"
"Niquelândia","Anápolis","256,4"
"Niquelândia","Goiás","291,7"
"Niquelândia","Goiânia","313,8"
"Niquelândia","Goiânia","313,8"
"Niquelândia","Goiânia","313,8"
"Niquelândia","Goiânia","313,8"
"Niquelândia","Goiânia","313,8"
"Niquelândia","Goiânia","313,8"
"Niquelândia","Goiânia","313,8"
"Niquelândia","Goiânia","313,8"
"Niquelândia","Goiânia","313,8"
"Niquelândia","Goiânia","313,8"
"Niquelândia","Goiânia","313,8"
"Niquelândia","Goiânia","313,8"
"Niquelândia","Trindade","320,4"
"Niquelândia","Trindade","320,4"
"Niquelândia","Aparecida de Goiânia","329,9"
"Niquelândia","São Luís de Montes Belos","368,3"
"Niquelândia","Catalão","489,7"
"Niquelândia","Catalão","489,7"
"Niquelândia","Catalão","489,7"
"Niquelândia","Catalão","489,7"
"Niquelândia","Santa Helena de Goiás","515,1"
"Niquelândia","Itumbiara","526"
"Niquelândia","Itumbiara","526"
"Niquelândia","Jataí","607,6"
"Niquelândia","Jataí","607,6"
"Nova América","Ceres","59,3"
"Nova América","Ceres","59,3"
"Nova América","Jaraguá","124,5"
"Nova América","Uruaçu","124,8"
"Nova América","Goiás","128,9"
"Nova América","Pirenópolis","167,8"
"Nova América","São Luís de Montes Belos","214,6"
"Nova América","Anápolis","217,7"
"Nova América","Trindade","229,3"
"Nova América","Trindade","229,3"
"Nova América","Águas Lindas de Goiás","235,7"
"Nova América","Goiânia","242,4"
"Nova América","Goiânia","242,4"
"Nova América","Goiânia","242,4"
"Nova América","Goiânia","242,4"
"Nova América","Goiânia","242,4"
"Nova América","Goiânia","242,4"
"Nova América","Goiânia","242,4"
"Nova América","Goiânia","242,4"
"Nova América","Goiânia","242,4"
"Nova América","Goiânia","242,4"
"Nova América","Goiânia","242,4"
"Nova América","Goiânia","242,4"
"Nova América","Aparecida de Goiânia","254"
"Nova América","Luziânia","299,2"
"Nova América","Formosa","336,5"
"Nova América","Santa Helena de Goiás","383"
"Nova América","Jataí","439,7"
"Nova América","Jataí","439,7"
"Nova América","Itumbiara","452,8"
"Nova América","Itumbiara","452,8"
"Nova América","Catalão","480"
"Nova América","Catalão","480"
"Nova América","Catalão","480"
"Nova América","Catalão","480"
"Nova Aurora","Catalão","46,1"
"Nova Aurora","Catalão","46,1"
"Nova Aurora","Catalão","46,1"
"Nova Aurora","Catalão","46,1"
"Nova Aurora","Caldas Novas","94,2"
"Nova Aurora","Itumbiara","133,6"
"Nova Aurora","Itumbiara","133,6"
"Nova Aurora","Aparecida de Goiânia","213,3"
"Nova Aurora","Goiânia","229,4"
"Nova Aurora","Goiânia","229,4"
"Nova Aurora","Goiânia","229,4"
"Nova Aurora","Goiânia","229,4"
"Nova Aurora","Goiânia","229,4"
"Nova Aurora","Goiânia","229,4"
"Nova Aurora","Goiânia","229,4"
"Nova Aurora","Goiânia","229,4"
"Nova Aurora","Goiânia","229,4"
"Nova Aurora","Goiânia","229,4"
"Nova Aurora","Goiânia","229,4"
"Nova Aurora","Goiânia","229,4"
"Nova Aurora","Luziânia","244,2"
"Nova Aurora","Trindade","245,3"
"Nova Aurora","Trindade","245,3"
"Nova Aurora","Anápolis","247,6"
"Nova Aurora","Santa Helena de Goiás","299,2"
"Nova Aurora","Águas Lindas de Goiás","306,6"
"Nova Aurora","Pirenópolis","308,2"
"Nova Aurora","Jaraguá","337,2"
"Nova Aurora","São Luís de Montes Belos","339"
"Nova Aurora","Formosa","356"
"Nova Aurora","Goiás","372"
"Nova Aurora","Ceres","405,6"
"Nova Aurora","Ceres","405,6"
"Nova Aurora","Jataí","433,2"
"Nova Aurora","Jataí","433,2"
"Nova Aurora","Uruaçu","477,1"
"Nova Crixás","Uruaçu","168,3"
"Nova Crixás","Ceres","191,6"
"Nova Crixás","Ceres","191,6"
"Nova Crixás","Goiás","246,4"
"Nova Crixás","Jaraguá","255,7"
"Nova Crixás","Pirenópolis","293,4"
"Nova Crixás","São Luís de Montes Belos","323,6"
"Nova Crixás","Águas Lindas de Goiás","345,2"
"Nova Crixás","Anápolis","346,7"
"Nova Crixás","Trindade","357,7"
"Nova Crixás","Trindade","357,7"
"Nova Crixás","Goiânia","371,9"
"Nova Crixás","Goiânia","371,9"
"Nova Crixás","Goiânia","371,9"
"Nova Crixás","Goiânia","371,9"
"Nova Crixás","Goiânia","371,9"
"Nova Crixás","Goiânia","371,9"
"Nova Crixás","Goiânia","371,9"
"Nova Crixás","Goiânia","371,9"
"Nova Crixás","Goiânia","371,9"
"Nova Crixás","Goiânia","371,9"
"Nova Crixás","Goiânia","371,9"
"Nova Crixás","Goiânia","371,9"
"Nova Crixás","Aparecida de Goiânia","389,3"
"Nova Crixás","Luziânia","413,5"
"Nova Crixás","Formosa","424,3"
"Nova Crixás","Santa Helena de Goiás","488,8"
"Nova Crixás","Jataí","526,4"
"Nova Crixás","Jataí","526,4"
"Nova Crixás","Itumbiara","583,2"
"Nova Crixás","Itumbiara","583,2"
"Nova Crixás","Catalão","612,9"
"Nova Crixás","Catalão","612,9"
"Nova Crixás","Catalão","612,9"
"Nova Crixás","Catalão","612,9"
"Nova Glória","Ceres","25"
"Nova Glória","Ceres","25"
"Nova Glória","Jaraguá","91,8"
"Nova Glória","Uruaçu","105,9"
"Nova Glória","Pirenópolis","126,1"
"Nova Glória","Goiás","131,1"
"Nova Glória","Anápolis","181,3"
"Nova Glória","Águas Lindas de Goiás","190"
"Nova Glória","Trindade","206,4"
"Nova Glória","Trindade","206,4"
"Nova Glória","Goiânia","214,8"
"Nova Glória","Goiânia","214,8"
"Nova Glória","Goiânia","214,8"
"Nova Glória","Goiânia","214,8"
"Nova Glória","Goiânia","214,8"
"Nova Glória","Goiânia","214,8"
"Nova Glória","Goiânia","214,8"
"Nova Glória","Goiânia","214,8"
"Nova Glória","Goiânia","214,8"
"Nova Glória","Goiânia","214,8"
"Nova Glória","Goiânia","214,8"
"Nova Glória","Goiânia","214,8"
"Nova Glória","São Luís de Montes Belos","215,6"
"Nova Glória","Aparecida de Goiânia","233,1"
"Nova Glória","Luziânia","255,6"
"Nova Glória","Formosa","292,6"
"Nova Glória","Santa Helena de Goiás","379,2"
"Nova Glória","Itumbiara","430,7"
"Nova Glória","Itumbiara","430,7"
"Nova Glória","Catalão","446,2"
"Nova Glória","Catalão","446,2"
"Nova Glória","Catalão","446,2"
"Nova Glória","Catalão","446,2"
"Nova Glória","Jataí","449"
"Nova Glória","Jataí","449"
"Nova Iguaçu de Goiás","Uruaçu","49,5"
"Nova Iguaçu de Goiás","Ceres","142,2"
"Nova Iguaçu de Goiás","Ceres","142,2"
"Nova Iguaçu de Goiás","Jaraguá","200,6"
"Nova Iguaçu de Goiás","Pirenópolis","221,3"
"Nova Iguaçu de Goiás","Goiás","240,1"
"Nova Iguaçu de Goiás","Águas Lindas de Goiás","243"
"Nova Iguaçu de Goiás","Anápolis","278"
"Nova Iguaçu de Goiás","Formosa","312,8"
"Nova Iguaçu de Goiás","Trindade","315,8"
"Nova Iguaçu de Goiás","Trindade","315,8"
"Nova Iguaçu de Goiás","Goiânia","320,5"
"Nova Iguaçu de Goiás","Goiânia","320,5"
"Nova Iguaçu de Goiás","Goiânia","320,5"
"Nova Iguaçu de Goiás","Goiânia","320,5"
"Nova Iguaçu de Goiás","Goiânia","320,5"
"Nova Iguaçu de Goiás","Goiânia","320,5"
"Nova Iguaçu de Goiás","Goiânia","320,5"
"Nova Iguaçu de Goiás","Goiânia","320,5"
"Nova Iguaçu de Goiás","Goiânia","320,5"
"Nova Iguaçu de Goiás","Goiânia","320,5"
"Nova Iguaçu de Goiás","Goiânia","320,5"
"Nova Iguaçu de Goiás","Goiânia","320,5"
"Nova Iguaçu de Goiás","Luziânia","321"
"Nova Iguaçu de Goiás","São Luís de Montes Belos","324"
"Nova Iguaçu de Goiás","Aparecida de Goiânia","338,5"
"Nova Iguaçu de Goiás","Santa Helena de Goiás","487"
"Nova Iguaçu de Goiás","Catalão","540,4"
"Nova Iguaçu de Goiás","Catalão","540,4"
"Nova Iguaçu de Goiás","Catalão","540,4"
"Nova Iguaçu de Goiás","Catalão","540,4"
"Nova Iguaçu de Goiás","Itumbiara","541,4"
"Nova Iguaçu de Goiás","Itumbiara","541,4"
"Nova Iguaçu de Goiás","Jataí","555,5"
"Nova Iguaçu de Goiás","Jataí","555,5"
"Nova Roma","Formosa","247,7"
"Nova Roma","Uruaçu","311,4"
"Nova Roma","Águas Lindas de Goiás","325,4"
"Nova Roma","Luziânia","363"
"Nova Roma","Pirenópolis","389,5"
"Nova Roma","Ceres","409,6"
"Nova Roma","Ceres","409,6"
"Nova Roma","Jaraguá","416"
"Nova Roma","Anápolis","430"
"Nova Roma","Goiânia","491,1"
"Nova Roma","Goiânia","491,1"
"Nova Roma","Goiânia","491,1"
"Nova Roma","Goiânia","491,1"
"Nova Roma","Goiânia","491,1"
"Nova Roma","Goiânia","491,1"
"Nova Roma","Goiânia","491,1"
"Nova Roma","Goiânia","491,1"
"Nova Roma","Goiânia","491,1"
"Nova Roma","Goiânia","491,1"
"Nova Roma","Goiânia","491,1"
"Nova Roma","Goiânia","491,1"
"Nova Roma","Aparecida de Goiânia","503,6"
"Nova Roma","Goiás","504,6"
"Nova Roma","Trindade","506"
"Nova Roma","Trindade","506"
"Nova Roma","São Luís de Montes Belos","574,2"
"Nova Roma","Catalão","596,4"
"Nova Roma","Catalão","596,4"
"Nova Roma","Catalão","596,4"
"Nova Roma","Catalão","596,4"
"Nova Roma","Itumbiara","680,3"
"Nova Roma","Itumbiara","680,3"
"Nova Roma","Santa Helena de Goiás","711,8"
"Nova Roma","Jataí","818,1"
"Nova Roma","Jataí","818,1"
"Nova Veneza","Goiânia","47,1"
"Nova Veneza","Goiânia","47,1"
"Nova Veneza","Goiânia","47,1"
"Nova Veneza","Goiânia","47,1"
"Nova Veneza","Goiânia","47,1"
"Nova Veneza","Goiânia","47,1"
"Nova Veneza","Goiânia","47,1"
"Nova Veneza","Goiânia","47,1"
"Nova Veneza","Goiânia","47,1"
"Nova Veneza","Goiânia","47,1"
"Nova Veneza","Goiânia","47,1"
"Nova Veneza","Goiânia","47,1"
"Nova Veneza","Goiânia","47,1"
"Nova Veneza","Goiânia","47,1"
"Nova Veneza","Goiânia","47,1"
"Nova Veneza","Trindade","48,3"
"Nova Veneza","Trindade","48,3"
"Nova Veneza","Anápolis","51,6"
"Nova Veneza","Aparecida de Goiânia","64,3"
"Nova Veneza","Jaraguá","87,1"
"Nova Veneza","Pirenópolis","87,9"
"Nova Veneza","Goiás","123,5"
"Nova Veneza","São Luís de Montes Belos","140,1"
"Nova Veneza","Ceres","150,2"
"Nova Veneza","Ceres","150,2"
"Nova Veneza","Águas Lindas de Goiás","159,4"
"Nova Veneza","Luziânia","180,1"
"Nova Veneza","Uruaçu","247,3"
"Nova Veneza","Santa Helena de Goiás","252,4"
"Nova Veneza","Itumbiara","272,5"
"Nova Veneza","Itumbiara","272,5"
"Nova Veneza","Formosa","277,1"
"Nova Veneza","Catalão","296,8"
"Nova Veneza","Catalão","296,8"
"Nova Veneza","Catalão","296,8"
"Nova Veneza","Catalão","296,8"
"Nova Veneza","Jataí","366,7"
"Nova Veneza","Jataí","366,7"
"Novo Brasil","Goiás","78,7"
"Novo Brasil","São Luís de Montes Belos","83,1"
"Novo Brasil","Ceres","176,8"
"Novo Brasil","Ceres","176,8"
"Novo Brasil","Trindade","181,1"
"Novo Brasil","Trindade","181,1"
"Novo Brasil","Jaraguá","185,1"
"Novo Brasil","Goiânia","210"
"Novo Brasil","Goiânia","210"
"Novo Brasil","Goiânia","210"
"Novo Brasil","Goiânia","210"
"Novo Brasil","Goiânia","210"
"Novo Brasil","Goiânia","210"
"Novo Brasil","Goiânia","210"
"Novo Brasil","Goiânia","210"
"Novo Brasil","Goiânia","210"
"Novo Brasil","Goiânia","210"
"Novo Brasil","Goiânia","210"
"Novo Brasil","Goiânia","210"
"Novo Brasil","Aparecida de Goiânia","220,3"
"Novo Brasil","Pirenópolis","231,9"
"Novo Brasil","Anápolis","234,4"
"Novo Brasil","Santa Helena de Goiás","243,9"
"Novo Brasil","Jataí","278"
"Novo Brasil","Jataí","278"
"Novo Brasil","Uruaçu","285,2"
"Novo Brasil","Águas Lindas de Goiás","313,9"
"Novo Brasil","Luziânia","355,2"
"Novo Brasil","Itumbiara","370,2"
"Novo Brasil","Itumbiara","370,2"
"Novo Brasil","Formosa","430,9"
"Novo Brasil","Catalão","445,9"
"Novo Brasil","Catalão","445,9"
"Novo Brasil","Catalão","445,9"
"Novo Brasil","Catalão","445,9"
"Novo Gama","Luziânia","31,3"
"Novo Gama","Águas Lindas de Goiás","55,3"
"Novo Gama","Formosa","120,7"
"Novo Gama","Pirenópolis","123,9"
"Novo Gama","Anápolis","125,2"
"Novo Gama","Jaraguá","175,2"
"Novo Gama","Goiânia","181,9"
"Novo Gama","Goiânia","181,9"
"Novo Gama","Goiânia","181,9"
"Novo Gama","Goiânia","181,9"
"Novo Gama","Goiânia","181,9"
"Novo Gama","Goiânia","181,9"
"Novo Gama","Goiânia","181,9"
"Novo Gama","Goiânia","181,9"
"Novo Gama","Goiânia","181,9"
"Novo Gama","Goiânia","181,9"
"Novo Gama","Goiânia","181,9"
"Novo Gama","Goiânia","181,9"
"Novo Gama","Aparecida de Goiânia","189,3"
"Novo Gama","Trindade","206,9"
"Novo Gama","Trindade","206,9"
"Novo Gama","Ceres","229,6"
"Novo Gama","Ceres","229,6"
"Novo Gama","Uruaçu","248,9"
"Novo Gama","Goiás","269,6"
"Novo Gama","Catalão","281,4"
"Novo Gama","Catalão","281,4"
"Novo Gama","Catalão","281,4"
"Novo Gama","Catalão","281,4"
"Novo Gama","São Luís de Montes Belos","304,8"
"Novo Gama","Itumbiara","347,4"
"Novo Gama","Itumbiara","347,4"
"Novo Gama","Santa Helena de Goiás","401,4"
"Novo Gama","Jataí","519,7"
"Novo Gama","Jataí","519,7"
"Novo Planalto","Porangatu","52,4"
"Novo Planalto","Uruaçu","181,9"
"Novo Planalto","Ceres","275,6"
"Novo Planalto","Ceres","275,6"
"Novo Planalto","Jaraguá","335,8"
"Novo Planalto","Pirenópolis","355,2"
"Novo Planalto","Goiás","368,3"
"Novo Planalto","Águas Lindas de Goiás","371,5"
"Novo Planalto","Formosa","415,4"
"Novo Planalto","Anápolis","417,8"
"Novo Planalto","Luziânia","441,6"
"Novo Planalto","São Luís de Montes Belos","444"
"Novo Planalto","Trindade","447,3"
"Novo Planalto","Trindade","447,3"
"Novo Planalto","Goiânia","452,9"
"Novo Planalto","Goiânia","452,9"
"Novo Planalto","Goiânia","452,9"
"Novo Planalto","Goiânia","452,9"
"Novo Planalto","Goiânia","452,9"
"Novo Planalto","Goiânia","452,9"
"Novo Planalto","Goiânia","452,9"
"Novo Planalto","Goiânia","452,9"
"Novo Planalto","Goiânia","452,9"
"Novo Planalto","Goiânia","452,9"
"Novo Planalto","Goiânia","452,9"
"Novo Planalto","Goiânia","452,9"
"Novo Planalto","Aparecida de Goiânia","470,6"
"Novo Planalto","Santa Helena de Goiás","615,1"
"Novo Planalto","Jataí","669,5"
"Novo Planalto","Jataí","669,5"
"Novo Planalto","Catalão","675,4"
"Novo Planalto","Catalão","675,4"
"Novo Planalto","Catalão","675,4"
"Novo Planalto","Catalão","675,4"
"Novo Planalto","Itumbiara","679"
"Novo Planalto","Itumbiara","679"
"Orizona","Luziânia","119,8"
"Orizona","Aparecida de Goiânia","127,8"
"Orizona","Anápolis","129,3"
"Orizona","Senador Canedo","132"
"Orizona","Goiânia","135,3"
"Orizona","Goiânia","135,3"
"Orizona","Goiânia","135,3"
"Orizona","Goiânia","135,3"
"Orizona","Goiânia","135,3"
"Orizona","Goiânia","135,3"
"Orizona","Goiânia","135,3"
"Orizona","Goiânia","135,3"
"Orizona","Goiânia","135,3"
"Orizona","Goiânia","135,3"
"Orizona","Goiânia","135,3"
"Orizona","Goiânia","135,3"
"Orizona","Catalão","161,5"
"Orizona","Catalão","161,5"
"Orizona","Catalão","161,5"
"Orizona","Catalão","161,5"
"Orizona","Trindade","165,1"
"Orizona","Trindade","165,1"
"Orizona","Águas Lindas de Goiás","173,9"
"Orizona","Pirenópolis","183,6"
"Orizona","Jaraguá","221,9"
"Orizona","Itumbiara","223,1"
"Orizona","Itumbiara","223,1"
"Orizona","Formosa","240"
"Orizona","São Luís de Montes Belos","274"
"Orizona","Goiás","277,8"
"Orizona","Ceres","284,6"
"Orizona","Ceres","284,6"
"Orizona","Santa Helena de Goiás","310,8"
"Orizona","Uruaçu","352"
"Orizona","Jataí","442,6"
"Orizona","Jataí","442,6"
"Ouro Verde de Goiás","Anápolis","37,6"
"Ouro Verde de Goiás","Pirenópolis","63,4"
"Ouro Verde de Goiás","Goiânia","66,8"
"Ouro Verde de Goiás","Goiânia","66,8"
"Ouro Verde de Goiás","Goiânia","66,8"
"Ouro Verde de Goiás","Goiânia","66,8"
"Ouro Verde de Goiás","Goiânia","66,8"
"Ouro Verde de Goiás","Goiânia","66,8"
"Ouro Verde de Goiás","Goiânia","66,8"
"Ouro Verde de Goiás","Goiânia","66,8"
"Ouro Verde de Goiás","Goiânia","66,8"
"Ouro Verde de Goiás","Goiânia","66,8"
"Ouro Verde de Goiás","Goiânia","66,8"
"Ouro Verde de Goiás","Goiânia","66,8"
"Ouro Verde de Goiás","Goiânia","66,8"
"Ouro Verde de Goiás","Goiânia","66,8"
"Ouro Verde de Goiás","Goiânia","66,8"
"Ouro Verde de Goiás","Jaraguá","68,5"
"Ouro Verde de Goiás","Trindade","73,4"
"Ouro Verde de Goiás","Trindade","73,4"
"Ouro Verde de Goiás","Aparecida de Goiânia","85,2"
"Ouro Verde de Goiás","Goiás","130,3"
"Ouro Verde de Goiás","Águas Lindas de Goiás","135,3"
"Ouro Verde de Goiás","Ceres","135,7"
"Ouro Verde de Goiás","Ceres","135,7"
"Ouro Verde de Goiás","São Luís de Montes Belos","160,1"
"Ouro Verde de Goiás","Luziânia","163,5"
"Ouro Verde de Goiás","Uruaçu","231,9"
"Ouro Verde de Goiás","Formosa","255"
"Ouro Verde de Goiás","Santa Helena de Goiás","277,9"
"Ouro Verde de Goiás","Itumbiara","292,4"
"Ouro Verde de Goiás","Itumbiara","292,4"
"Ouro Verde de Goiás","Catalão","304,8"
"Ouro Verde de Goiás","Catalão","304,8"
"Ouro Verde de Goiás","Catalão","304,8"
"Ouro Verde de Goiás","Catalão","304,8"
"Ouro Verde de Goiás","Jataí","391,1"
"Ouro Verde de Goiás","Jataí","391,1"
"Ouvidor","Catalão","18,5"
"Ouvidor","Catalão","18,5"
"Ouvidor","Catalão","18,5"
"Ouvidor","Catalão","18,5"
"Ouvidor","Caldas Novas","135"
"Ouvidor","Itumbiara","180,9"
"Ouvidor","Itumbiara","180,9"
"Ouvidor","Aparecida de Goiânia","259,9"
"Ouvidor","Luziânia","263,9"
"Ouvidor","Goiânia","274,6"
"Ouvidor","Goiânia","274,6"
"Ouvidor","Goiânia","274,6"
"Ouvidor","Goiânia","274,6"
"Ouvidor","Goiânia","274,6"
"Ouvidor","Goiânia","274,6"
"Ouvidor","Goiânia","274,6"
"Ouvidor","Goiânia","274,6"
"Ouvidor","Goiânia","274,6"
"Ouvidor","Goiânia","274,6"
"Ouvidor","Goiânia","274,6"
"Ouvidor","Goiânia","274,6"
"Ouvidor","Anápolis","290,8"
"Ouvidor","Trindade","297,8"
"Ouvidor","Trindade","297,8"
"Ouvidor","Águas Lindas de Goiás","334"
"Ouvidor","Pirenópolis","348"
"Ouvidor","Santa Helena de Goiás","354,8"
"Ouvidor","Formosa","364,2"
"Ouvidor","Jaraguá","381,6"
"Ouvidor","São Luís de Montes Belos","395,3"
"Ouvidor","Goiás","417,4"
"Ouvidor","Ceres","442,9"
"Ouvidor","Ceres","442,9"
"Ouvidor","Jataí","486,8"
"Ouvidor","Jataí","486,8"
"Ouvidor","Uruaçu","512,9"
"Padre Bernardo","Águas Lindas de Goiás","85"
"Padre Bernardo","Pirenópolis","129,8"
"Padre Bernardo","Formosa","135,2"
"Padre Bernardo","Uruaçu","142,8"
"Padre Bernardo","Luziânia","155,7"
"Padre Bernardo","Jaraguá","160,5"
"Padre Bernardo","Ceres","174,9"
"Padre Bernardo","Ceres","174,9"
"Padre Bernardo","Anápolis","182,4"
"Padre Bernardo","Goiânia","245,4"
"Padre Bernardo","Goiânia","245,4"
"Padre Bernardo","Goiânia","245,4"
"Padre Bernardo","Goiânia","245,4"
"Padre Bernardo","Goiânia","245,4"
"Padre Bernardo","Goiânia","245,4"
"Padre Bernardo","Goiânia","245,4"
"Padre Bernardo","Goiânia","245,4"
"Padre Bernardo","Goiânia","245,4"
"Padre Bernardo","Goiânia","245,4"
"Padre Bernardo","Goiânia","245,4"
"Padre Bernardo","Goiânia","245,4"
"Padre Bernardo","Trindade","252,4"
"Padre Bernardo","Trindade","252,4"
"Padre Bernardo","Aparecida de Goiânia","253,6"
"Padre Bernardo","Goiás","260"
"Padre Bernardo","São Luís de Montes Belos","323,9"
"Padre Bernardo","Catalão","403,3"
"Padre Bernardo","Catalão","403,3"
"Padre Bernardo","Catalão","403,3"
"Padre Bernardo","Catalão","403,3"
"Padre Bernardo","Itumbiara","442"
"Padre Bernardo","Itumbiara","442"
"Padre Bernardo","Santa Helena de Goiás","453,6"
"Padre Bernardo","Jataí","560,4"
"Padre Bernardo","Jataí","560,4"
"Palestina de Goiás","São Luís de Montes Belos","154,7"
"Palestina de Goiás","Jataí","157,8"
"Palestina de Goiás","Jataí","157,8"
"Palestina de Goiás","Santa Helena de Goiás","190,7"
"Palestina de Goiás","Goiás","213,3"
"Palestina de Goiás","Trindade","260,8"
"Palestina de Goiás","Trindade","260,8"
"Palestina de Goiás","Goiânia","289,8"
"Palestina de Goiás","Goiânia","289,8"
"Palestina de Goiás","Goiânia","289,8"
"Palestina de Goiás","Goiânia","289,8"
"Palestina de Goiás","Goiânia","289,8"
"Palestina de Goiás","Goiânia","289,8"
"Palestina de Goiás","Goiânia","289,8"
"Palestina de Goiás","Goiânia","289,8"
"Palestina de Goiás","Goiânia","289,8"
"Palestina de Goiás","Goiânia","289,8"
"Palestina de Goiás","Goiânia","289,8"
"Palestina de Goiás","Goiânia","289,8"
"Palestina de Goiás","Aparecida de Goiânia","292"
"Palestina de Goiás","Jaraguá","310,7"
"Palestina de Goiás","Ceres","312,8"
"Palestina de Goiás","Ceres","312,8"
"Palestina de Goiás","Anápolis","334,3"
"Palestina de Goiás","Pirenópolis","350,2"
"Palestina de Goiás","Itumbiara","369,2"
"Palestina de Goiás","Itumbiara","369,2"
"Palestina de Goiás","Uruaçu","419,3"
"Palestina de Goiás","Águas Lindas de Goiás","428,9"
"Palestina de Goiás","Luziânia","455"
"Palestina de Goiás","Catalão","486,4"
"Palestina de Goiás","Catalão","486,4"
"Palestina de Goiás","Catalão","486,4"
"Palestina de Goiás","Catalão","486,4"
"Palestina de Goiás","Formosa","551,5"
"Palmeiras de Goiás","Trindade","64,7"
"Palmeiras de Goiás","Trindade","64,7"
"Palmeiras de Goiás","São Luís de Montes Belos","72,6"
"Palmeiras de Goiás","Goiânia","90,8"
"Palmeiras de Goiás","Goiânia","90,8"
"Palmeiras de Goiás","Goiânia","90,8"
"Palmeiras de Goiás","Goiânia","90,8"
"Palmeiras de Goiás","Goiânia","90,8"
"Palmeiras de Goiás","Goiânia","90,8"
"Palmeiras de Goiás","Goiânia","90,8"
"Palmeiras de Goiás","Goiânia","90,8"
"Palmeiras de Goiás","Goiânia","90,8"
"Palmeiras de Goiás","Goiânia","90,8"
"Palmeiras de Goiás","Goiânia","90,8"
"Palmeiras de Goiás","Goiânia","90,8"
"Palmeiras de Goiás","Aparecida de Goiânia","91,6"
"Palmeiras de Goiás","Goiás","126,5"
"Palmeiras de Goiás","Anápolis","143"
"Palmeiras de Goiás","Jaraguá","163,3"
"Palmeiras de Goiás","Santa Helena de Goiás","163,5"
"Palmeiras de Goiás","Pirenópolis","181,9"
"Palmeiras de Goiás","Ceres","209,3"
"Palmeiras de Goiás","Ceres","209,3"
"Palmeiras de Goiás","Itumbiara","238,1"
"Palmeiras de Goiás","Itumbiara","238,1"
"Palmeiras de Goiás","Águas Lindas de Goiás","252,2"
"Palmeiras de Goiás","Luziânia","263"
"Palmeiras de Goiás","Jataí","270"
"Palmeiras de Goiás","Jataí","270"
"Palmeiras de Goiás","Catalão","310,7"
"Palmeiras de Goiás","Catalão","310,7"
"Palmeiras de Goiás","Catalão","310,7"
"Palmeiras de Goiás","Catalão","310,7"
"Palmeiras de Goiás","Uruaçu","320,5"
"Palmeiras de Goiás","Formosa","372"
"Palmelo","Caldas Novas","82,7"
"Palmelo","Aparecida de Goiânia","127,7"
"Palmelo","Catalão","130,9"
"Palmelo","Catalão","130,9"
"Palmelo","Catalão","130,9"
"Palmelo","Catalão","130,9"
"Palmelo","Goiânia","140,2"
"Palmelo","Goiânia","140,2"
"Palmelo","Goiânia","140,2"
"Palmelo","Goiânia","140,2"
"Palmelo","Goiânia","140,2"
"Palmelo","Goiânia","140,2"
"Palmelo","Goiânia","140,2"
"Palmelo","Goiânia","140,2"
"Palmelo","Goiânia","140,2"
"Palmelo","Goiânia","140,2"
"Palmelo","Goiânia","140,2"
"Palmelo","Goiânia","140,2"
"Palmelo","Anápolis","152,9"
"Palmelo","Luziânia","159,4"
"Palmelo","Trindade","167,3"
"Palmelo","Trindade","167,3"
"Palmelo","Itumbiara","180,3"
"Palmelo","Itumbiara","180,3"
"Palmelo","Pirenópolis","213,5"
"Palmelo","Águas Lindas de Goiás","214,8"
"Palmelo","Jaraguá","245,9"
"Palmelo","São Luís de Montes Belos","270,7"
"Palmelo","Formosa","276"
"Palmelo","Santa Helena de Goiás","283,8"
"Palmelo","Goiás","287,3"
"Palmelo","Ceres","308,6"
"Palmelo","Ceres","308,6"
"Palmelo","Uruaçu","385"
"Palmelo","Jataí","418,3"
"Palmelo","Jataí","418,3"
"Palminópolis","São Luís de Montes Belos","49,4"
"Palminópolis","Trindade","93,1"
"Palminópolis","Trindade","93,1"
"Palminópolis","Goiás","121,4"
"Palminópolis","Goiânia","122,8"
"Palminópolis","Goiânia","122,8"
"Palminópolis","Goiânia","122,8"
"Palminópolis","Goiânia","122,8"
"Palminópolis","Goiânia","122,8"
"Palminópolis","Goiânia","122,8"
"Palminópolis","Goiânia","122,8"
"Palminópolis","Goiânia","122,8"
"Palminópolis","Goiânia","122,8"
"Palminópolis","Goiânia","122,8"
"Palminópolis","Goiânia","122,8"
"Palminópolis","Goiânia","122,8"
"Palminópolis","Aparecida de Goiânia","124,2"
"Palminópolis","Santa Helena de Goiás","150,4"
"Palminópolis","Anápolis","171,1"
"Palminópolis","Jaraguá","179,2"
"Palminópolis","Pirenópolis","204,2"
"Palminópolis","Ceres","216,5"
"Palminópolis","Ceres","216,5"
"Palminópolis","Jataí","245,4"
"Palminópolis","Jataí","245,4"
"Palminópolis","Itumbiara","247,2"
"Palminópolis","Itumbiara","247,2"
"Palminópolis","Águas Lindas de Goiás","277,7"
"Palminópolis","Luziânia","292,3"
"Palminópolis","Uruaçu","330,1"
"Palminópolis","Catalão","336,8"
"Palminópolis","Catalão","336,8"
"Palminópolis","Catalão","336,8"
"Palminópolis","Catalão","336,8"
"Palminópolis","Formosa","399,1"
"Panamá","Itumbiara","39,1"
"Panamá","Itumbiara","39,1"
"Panamá","Itumbiara","39,1"
"Panamá","Santa Helena de Goiás","169,2"
"Panamá","Catalão","183,4"
"Panamá","Catalão","183,4"
"Panamá","Catalão","183,4"
"Panamá","Catalão","183,4"
"Panamá","Aparecida de Goiânia","186,3"
"Panamá","Goiânia","204,4"
"Panamá","Goiânia","204,4"
"Panamá","Goiânia","204,4"
"Panamá","Goiânia","204,4"
"Panamá","Goiânia","204,4"
"Panamá","Goiânia","204,4"
"Panamá","Goiânia","204,4"
"Panamá","Goiânia","204,4"
"Panamá","Goiânia","204,4"
"Panamá","Goiânia","204,4"
"Panamá","Goiânia","204,4"
"Panamá","Goiânia","204,4"
"Panamá","Trindade","209,6"
"Panamá","Trindade","209,6"
"Panamá","Anápolis","252,1"
"Panamá","São Luís de Montes Belos","256,3"
"Panamá","Jataí","302,8"
"Panamá","Jataí","302,8"
"Panamá","Luziânia","313,2"
"Panamá","Pirenópolis","314,6"
"Panamá","Goiás","315,8"
"Panamá","Jaraguá","323,6"
"Panamá","Águas Lindas de Goiás","350,4"
"Panamá","Ceres","384,5"
"Panamá","Ceres","384,5"
"Panamá","Formosa","429"
"Panamá","Uruaçu","480,3"
"Paranaiguara","Santa Helena de Goiás","150,9"
"Paranaiguara","Rio Verde","162"
"Paranaiguara","Rio Verde","162"
"Paranaiguara","Jataí","198"
"Paranaiguara","Jataí","198"
"Paranaiguara","Itumbiara","198,8"
"Paranaiguara","Itumbiara","198,8"
"Paranaiguara","São Luís de Montes Belos","321,4"
"Paranaiguara","Aparecida de Goiânia","331,7"
"Paranaiguara","Trindade","336"
"Paranaiguara","Trindade","336"
"Paranaiguara","Goiânia","345,7"
"Paranaiguara","Goiânia","345,7"
"Paranaiguara","Goiânia","345,7"
"Paranaiguara","Goiânia","345,7"
"Paranaiguara","Goiânia","345,7"
"Paranaiguara","Goiânia","345,7"
"Paranaiguara","Goiânia","345,7"
"Paranaiguara","Goiânia","345,7"
"Paranaiguara","Goiânia","345,7"
"Paranaiguara","Goiânia","345,7"
"Paranaiguara","Goiânia","345,7"
"Paranaiguara","Goiânia","345,7"
"Paranaiguara","Catalão","357,1"
"Paranaiguara","Catalão","357,1"
"Paranaiguara","Catalão","357,1"
"Paranaiguara","Catalão","357,1"
"Paranaiguara","Goiás","403,1"
"Paranaiguara","Anápolis","407,3"
"Paranaiguara","Jaraguá","446,5"
"Paranaiguara","Pirenópolis","454,5"
"Paranaiguara","Luziânia","486"
"Paranaiguara","Ceres","491,5"
"Paranaiguara","Ceres","491,5"
"Paranaiguara","Águas Lindas de Goiás","509,3"
"Paranaiguara","Uruaçu","606,6"
"Paranaiguara","Formosa","607,2"
"Paraúna","São Luís de Montes Belos","63,4"
"Paraúna","Santa Helena de Goiás","123,8"
"Paraúna","Trindade","131,5"
"Paraúna","Trindade","131,5"
"Paraúna","Goiás","144,3"
"Paraúna","Aparecida de Goiânia","158,2"
"Paraúna","Goiânia","159"
"Paraúna","Goiânia","159"
"Paraúna","Goiânia","159"
"Paraúna","Goiânia","159"
"Paraúna","Goiânia","159"
"Paraúna","Goiânia","159"
"Paraúna","Goiânia","159"
"Paraúna","Goiânia","159"
"Paraúna","Goiânia","159"
"Paraúna","Goiânia","159"
"Paraúna","Goiânia","159"
"Paraúna","Goiânia","159"
"Paraúna","Jataí","209,3"
"Paraúna","Jataí","209,3"
"Paraúna","Anápolis","213,4"
"Paraúna","Jaraguá","219,1"
"Paraúna","Pirenópolis","240,4"
"Paraúna","Ceres","244,4"
"Paraúna","Ceres","244,4"
"Paraúna","Itumbiara","250,3"
"Paraúna","Itumbiara","250,3"
"Paraúna","Águas Lindas de Goiás","319,3"
"Paraúna","Luziânia","332,6"
"Paraúna","Catalão","357,7"
"Paraúna","Catalão","357,7"
"Paraúna","Catalão","357,7"
"Paraúna","Catalão","357,7"
"Paraúna","Uruaçu","364,3"
"Paraúna","Formosa","433,2"
"Perolândia","Jataí","68,1"
"Perolândia","Jataí","68,1"
"Perolândia","Mineiros","70"
"Perolândia","Santa Helena de Goiás","195,2"
"Perolândia","São Luís de Montes Belos","254,2"
"Perolândia","Goiás","325,1"
"Perolândia","Trindade","348,2"
"Perolândia","Trindade","348,2"
"Perolândia","Aparecida de Goiânia","371,4"
"Perolândia","Goiânia","374,3"
"Perolândia","Goiânia","374,3"
"Perolândia","Goiânia","374,3"
"Perolândia","Goiânia","374,3"
"Perolândia","Goiânia","374,3"
"Perolândia","Goiânia","374,3"
"Perolândia","Goiânia","374,3"
"Perolândia","Goiânia","374,3"
"Perolândia","Goiânia","374,3"
"Perolândia","Goiânia","374,3"
"Perolândia","Goiânia","374,3"
"Perolândia","Goiânia","374,3"
"Perolândia","Itumbiara","380,4"
"Perolândia","Itumbiara","380,4"
"Perolândia","Jaraguá","414,7"
"Perolândia","Anápolis","421"
"Perolândia","Ceres","425,5"
"Perolândia","Ceres","425,5"
"Perolândia","Pirenópolis","448"
"Perolândia","Catalão","521,4"
"Perolândia","Catalão","521,4"
"Perolândia","Catalão","521,4"
"Perolândia","Catalão","521,4"
"Perolândia","Águas Lindas de Goiás","528,9"
"Perolândia","Uruaçu","539,6"
"Perolândia","Luziânia","542,9"
"Perolândia","Formosa","649,2"
"Petrolina de Goiás","Jaraguá","50,4"
"Petrolina de Goiás","Anápolis","63,8"
"Petrolina de Goiás","Pirenópolis","64,4"
"Petrolina de Goiás","Trindade","81,2"
"Petrolina de Goiás","Trindade","81,2"
"Petrolina de Goiás","Goiânia","83,8"
"Petrolina de Goiás","Goiânia","83,8"
"Petrolina de Goiás","Goiânia","83,8"
"Petrolina de Goiás","Goiânia","83,8"
"Petrolina de Goiás","Goiânia","83,8"
"Petrolina de Goiás","Goiânia","83,8"
"Petrolina de Goiás","Goiânia","83,8"
"Petrolina de Goiás","Goiânia","83,8"
"Petrolina de Goiás","Goiânia","83,8"
"Petrolina de Goiás","Goiânia","83,8"
"Petrolina de Goiás","Goiânia","83,8"
"Petrolina de Goiás","Goiânia","83,8"
"Petrolina de Goiás","Goiânia","83,8"
"Petrolina de Goiás","Goiânia","83,8"
"Petrolina de Goiás","Goiânia","83,8"
"Petrolina de Goiás","Aparecida de Goiânia","102,9"
"Petrolina de Goiás","Goiás","111,5"
"Petrolina de Goiás","Ceres","117,2"
"Petrolina de Goiás","Ceres","117,2"
"Petrolina de Goiás","Águas Lindas de Goiás","146,1"
"Petrolina de Goiás","São Luís de Montes Belos","147,8"
"Petrolina de Goiás","Luziânia","183,4"
"Petrolina de Goiás","Uruaçu","216,7"
"Petrolina de Goiás","Formosa","267,2"
"Petrolina de Goiás","Santa Helena de Goiás","279,7"
"Petrolina de Goiás","Itumbiara","309"
"Petrolina de Goiás","Itumbiara","309"
"Petrolina de Goiás","Catalão","328,2"
"Petrolina de Goiás","Catalão","328,2"
"Petrolina de Goiás","Catalão","328,2"
"Petrolina de Goiás","Catalão","328,2"
"Petrolina de Goiás","Jataí","386"
"Petrolina de Goiás","Jataí","386"
"Pilar de Goiás","Uruaçu","68,7"
"Pilar de Goiás","Ceres","77,1"
"Pilar de Goiás","Ceres","77,1"
"Pilar de Goiás","Jaraguá","139,5"
"Pilar de Goiás","Pirenópolis","170"
"Pilar de Goiás","Goiás","176,6"
"Pilar de Goiás","Águas Lindas de Goiás","219,2"
"Pilar de Goiás","Anápolis","229,6"
"Pilar de Goiás","Trindade","252,6"
"Pilar de Goiás","Trindade","252,6"
"Pilar de Goiás","São Luís de Montes Belos","256,1"
"Pilar de Goiás","Goiânia","260"
"Pilar de Goiás","Goiânia","260"
"Pilar de Goiás","Goiânia","260"
"Pilar de Goiás","Goiânia","260"
"Pilar de Goiás","Goiânia","260"
"Pilar de Goiás","Goiânia","260"
"Pilar de Goiás","Goiânia","260"
"Pilar de Goiás","Goiânia","260"
"Pilar de Goiás","Goiânia","260"
"Pilar de Goiás","Goiânia","260"
"Pilar de Goiás","Goiânia","260"
"Pilar de Goiás","Goiânia","260"
"Pilar de Goiás","Aparecida de Goiânia","278"
"Pilar de Goiás","Luziânia","289"
"Pilar de Goiás","Formosa","306,8"
"Pilar de Goiás","Santa Helena de Goiás","420,3"
"Pilar de Goiás","Itumbiara","480,8"
"Pilar de Goiás","Itumbiara","480,8"
"Pilar de Goiás","Jataí","489,9"
"Pilar de Goiás","Jataí","489,9"
"Pilar de Goiás","Catalão","491,8"
"Pilar de Goiás","Catalão","491,8"
"Pilar de Goiás","Catalão","491,8"
"Pilar de Goiás","Catalão","491,8"
"Piracanjuba","Aparecida de Goiânia","74,8"
"Piracanjuba","Senador Canedo","80,1"
"Piracanjuba","Goiânia","93,1"
"Piracanjuba","Goiânia","93,1"
"Piracanjuba","Goiânia","93,1"
"Piracanjuba","Goiânia","93,1"
"Piracanjuba","Goiânia","93,1"
"Piracanjuba","Goiânia","93,1"
"Piracanjuba","Goiânia","93,1"
"Piracanjuba","Goiânia","93,1"
"Piracanjuba","Goiânia","93,1"
"Piracanjuba","Goiânia","93,1"
"Piracanjuba","Goiânia","93,1"
"Piracanjuba","Goiânia","93,1"
"Piracanjuba","Trindade","112,1"
"Piracanjuba","Trindade","112,1"
"Piracanjuba","Anápolis","133,5"
"Piracanjuba","Itumbiara","153,6"
"Piracanjuba","Itumbiara","153,6"
"Piracanjuba","Catalão","183"
"Piracanjuba","Catalão","183"
"Piracanjuba","Catalão","183"
"Piracanjuba","Catalão","183"
"Piracanjuba","Pirenópolis","198,6"
"Piracanjuba","Luziânia","200,2"
"Piracanjuba","São Luís de Montes Belos","207"
"Piracanjuba","Jaraguá","215,9"
"Piracanjuba","Santa Helena de Goiás","217,6"
"Piracanjuba","Águas Lindas de Goiás","231,7"
"Piracanjuba","Goiás","238,1"
"Piracanjuba","Ceres","276,6"
"Piracanjuba","Ceres","276,6"
"Piracanjuba","Formosa","318,6"
"Piracanjuba","Jataí","352,3"
"Piracanjuba","Jataí","352,3"
"Piracanjuba","Uruaçu","371"
"Piranhas","São Luís de Montes Belos","190,8"
"Piranhas","Jataí","199,1"
"Piranhas","Jataí","199,1"
"Piranhas","Goiás","231,1"
"Piranhas","Santa Helena de Goiás","242,2"
"Piranhas","Trindade","299,6"
"Piranhas","Trindade","299,6"
"Piranhas","Ceres","322,1"
"Piranhas","Ceres","322,1"
"Piranhas","Goiânia","329,2"
"Piranhas","Goiânia","329,2"
"Piranhas","Goiânia","329,2"
"Piranhas","Goiânia","329,2"
"Piranhas","Goiânia","329,2"
"Piranhas","Goiânia","329,2"
"Piranhas","Goiânia","329,2"
"Piranhas","Goiânia","329,2"
"Piranhas","Goiânia","329,2"
"Piranhas","Goiânia","329,2"
"Piranhas","Goiânia","329,2"
"Piranhas","Goiânia","329,2"
"Piranhas","Jaraguá","331,6"
"Piranhas","Aparecida de Goiânia","333,6"
"Piranhas","Anápolis","367,7"
"Piranhas","Pirenópolis","375,1"
"Piranhas","Itumbiara","417,5"
"Piranhas","Itumbiara","417,5"
"Piranhas","Uruaçu","421,3"
"Piranhas","Águas Lindas de Goiás","454,9"
"Piranhas","Luziânia","488,3"
"Piranhas","Catalão","536,9"
"Piranhas","Catalão","536,9"
"Piranhas","Catalão","536,9"
"Piranhas","Catalão","536,9"
"Piranhas","Formosa","577,7"
"Pirenópolis","Pirenópolis","0"
"Pirenópolis","Jaraguá","55"
"Pirenópolis","Anápolis","67,4"
"Pirenópolis","Anápolis","67,4"
"Pirenópolis","Anápolis","67,4"
"Pirenópolis","Águas Lindas de Goiás","92,8"
"Pirenópolis","Ceres","116,3"
"Pirenópolis","Ceres","116,3"
"Pirenópolis","Goiânia","125,1"
"Pirenópolis","Goiânia","125,1"
"Pirenópolis","Goiânia","125,1"
"Pirenópolis","Goiânia","125,1"
"Pirenópolis","Goiânia","125,1"
"Pirenópolis","Goiânia","125,1"
"Pirenópolis","Goiânia","125,1"
"Pirenópolis","Goiânia","125,1"
"Pirenópolis","Goiânia","125,1"
"Pirenópolis","Goiânia","125,1"
"Pirenópolis","Goiânia","125,1"
"Pirenópolis","Goiânia","125,1"
"Pirenópolis","Trindade","130,1"
"Pirenópolis","Trindade","130,1"
"Pirenópolis","Aparecida de Goiânia","137,9"
"Pirenópolis","Luziânia","143,5"
"Pirenópolis","Goiás","155,8"
"Pirenópolis","Uruaçu","183"
"Pirenópolis","São Luís de Montes Belos","207,1"
"Pirenópolis","Formosa","217,7"
"Pirenópolis","Catalão","334,9"
"Pirenópolis","Catalão","334,9"
"Pirenópolis","Catalão","334,9"
"Pirenópolis","Catalão","334,9"
"Pirenópolis","Santa Helena de Goiás","335"
"Pirenópolis","Itumbiara","343"
"Pirenópolis","Itumbiara","343"
"Pirenópolis","Jataí","437,1"
"Pirenópolis","Jataí","437,1"
"Pires do Rio","Caldas Novas","69,1"
"Pires do Rio","Catalão","125,8"
"Pires do Rio","Catalão","125,8"
"Pires do Rio","Catalão","125,8"
"Pires do Rio","Catalão","125,8"
"Pires do Rio","Aparecida de Goiânia","142,9"
"Pires do Rio","Luziânia","149,7"
"Pires do Rio","Goiânia","154,1"
"Pires do Rio","Goiânia","154,1"
"Pires do Rio","Goiânia","154,1"
"Pires do Rio","Goiânia","154,1"
"Pires do Rio","Goiânia","154,1"
"Pires do Rio","Goiânia","154,1"
"Pires do Rio","Goiânia","154,1"
"Pires do Rio","Goiânia","154,1"
"Pires do Rio","Goiânia","154,1"
"Pires do Rio","Goiânia","154,1"
"Pires do Rio","Goiânia","154,1"
"Pires do Rio","Goiânia","154,1"
"Pires do Rio","Anápolis","159,9"
"Pires do Rio","Trindade","182,2"
"Pires do Rio","Trindade","182,2"
"Pires do Rio","Itumbiara","194,6"
"Pires do Rio","Itumbiara","194,6"
"Pires do Rio","Águas Lindas de Goiás","210,7"
"Pires do Rio","Pirenópolis","217,7"
"Pires do Rio","Jaraguá","247,1"
"Pires do Rio","Formosa","264,1"
"Pires do Rio","São Luís de Montes Belos","287,2"
"Pires do Rio","Goiás","300,1"
"Pires do Rio","Santa Helena de Goiás","303"
"Pires do Rio","Ceres","315,6"
"Pires do Rio","Ceres","315,6"
"Pires do Rio","Uruaçu","386,9"
"Pires do Rio","Jataí","437,3"
"Pires do Rio","Jataí","437,3"
"Planaltina","Formosa","40,5"
"Planaltina","Águas Lindas de Goiás","101,5"
"Planaltina","Luziânia","122,3"
"Planaltina","Pirenópolis","185,9"
"Planaltina","Anápolis","213,5"
"Planaltina","Jaraguá","231"
"Planaltina","Uruaçu","238,7"
"Planaltina","Ceres","256,9"
"Planaltina","Ceres","256,9"
"Planaltina","Goiânia","268,7"
"Planaltina","Goiânia","268,7"
"Planaltina","Goiânia","268,7"
"Planaltina","Goiânia","268,7"
"Planaltina","Goiânia","268,7"
"Planaltina","Goiânia","268,7"
"Planaltina","Goiânia","268,7"
"Planaltina","Goiânia","268,7"
"Planaltina","Goiânia","268,7"
"Planaltina","Goiânia","268,7"
"Planaltina","Goiânia","268,7"
"Planaltina","Goiânia","268,7"
"Planaltina","Aparecida de Goiânia","278,2"
"Planaltina","Trindade","289,8"
"Planaltina","Trindade","289,8"
"Planaltina","Goiás","331,4"
"Planaltina","Catalão","364,6"
"Planaltina","Catalão","364,6"
"Planaltina","Catalão","364,6"
"Planaltina","Catalão","364,6"
"Planaltina","São Luís de Montes Belos","382,1"
"Planaltina","Itumbiara","437,3"
"Planaltina","Itumbiara","437,3"
"Planaltina","Santa Helena de Goiás","486,9"
"Planaltina","Jataí","607"
"Planaltina","Jataí","607"
"Pontalina","Aparecida de Goiânia","102,9"
"Pontalina","Goiânia","120,7"
"Pontalina","Goiânia","120,7"
"Pontalina","Goiânia","120,7"
"Pontalina","Goiânia","120,7"
"Pontalina","Goiânia","120,7"
"Pontalina","Goiânia","120,7"
"Pontalina","Goiânia","120,7"
"Pontalina","Goiânia","120,7"
"Pontalina","Goiânia","120,7"
"Pontalina","Goiânia","120,7"
"Pontalina","Goiânia","120,7"
"Pontalina","Goiânia","120,7"
"Pontalina","Trindade","123,1"
"Pontalina","Trindade","123,1"
"Pontalina","Itumbiara","125"
"Pontalina","Itumbiara","125"
"Pontalina","Senador Canedo","131"
"Pontalina","Santa Helena de Goiás","154,9"
"Pontalina","Anápolis","175,8"
"Pontalina","São Luís de Montes Belos","182,7"
"Pontalina","Catalão","214,8"
"Pontalina","Catalão","214,8"
"Pontalina","Catalão","214,8"
"Pontalina","Catalão","214,8"
"Pontalina","Goiás","235,4"
"Pontalina","Pirenópolis","237,5"
"Pontalina","Jaraguá","242,4"
"Pontalina","Luziânia","255,6"
"Pontalina","Águas Lindas de Goiás","278,3"
"Pontalina","Jataí","292,7"
"Pontalina","Jataí","292,7"
"Pontalina","Ceres","296,4"
"Pontalina","Ceres","296,4"
"Pontalina","Formosa","378,1"
"Pontalina","Uruaçu","402,1"
"Porangatu","Porangatu","0"
"Porangatu","Uruaçu","148,3"
"Porangatu","Ceres","255,8"
"Porangatu","Ceres","255,8"
"Porangatu","Jaraguá","309,6"
"Porangatu","Pirenópolis","322,8"
"Porangatu","Águas Lindas de Goiás","329,6"
"Porangatu","Goiás","356,5"
"Porangatu","Formosa","365,3"
"Porangatu","Anápolis","386,3"
"Porangatu","Luziânia","406,1"
"Porangatu","Trindade","423,7"
"Porangatu","Trindade","423,7"
"Porangatu","Goiânia","426,3"
"Porangatu","Goiânia","426,3"
"Porangatu","Goiânia","426,3"
"Porangatu","Goiânia","426,3"
"Porangatu","Goiânia","426,3"
"Porangatu","Goiânia","426,3"
"Porangatu","Goiânia","426,3"
"Porangatu","Goiânia","426,3"
"Porangatu","Goiânia","426,3"
"Porangatu","Goiânia","426,3"
"Porangatu","Goiânia","426,3"
"Porangatu","Goiânia","426,3"
"Porangatu","São Luís de Montes Belos","433,1"
"Porangatu","Aparecida de Goiânia","443,8"
"Porangatu","Santa Helena de Goiás","602,2"
"Porangatu","Catalão","638,6"
"Porangatu","Catalão","638,6"
"Porangatu","Catalão","638,6"
"Porangatu","Catalão","638,6"
"Porangatu","Itumbiara","652,2"
"Porangatu","Itumbiara","652,2"
"Porangatu","Jataí","666,8"
"Porangatu","Jataí","666,8"
"Porteirão","Santa Helena de Goiás","60,5"
"Porteirão","Rio Verde","93,7"
"Porteirão","Rio Verde","93,7"
"Porteirão","Itumbiara","147,8"
"Porteirão","Itumbiara","147,8"
"Porteirão","São Luís de Montes Belos","179"
"Porteirão","Aparecida de Goiânia","181,3"
"Porteirão","Trindade","181,7"
"Porteirão","Trindade","181,7"
"Porteirão","Goiânia","194"
"Porteirão","Goiânia","194"
"Porteirão","Goiânia","194"
"Porteirão","Goiânia","194"
"Porteirão","Goiânia","194"
"Porteirão","Goiânia","194"
"Porteirão","Goiânia","194"
"Porteirão","Goiânia","194"
"Porteirão","Goiânia","194"
"Porteirão","Goiânia","194"
"Porteirão","Goiânia","194"
"Porteirão","Goiânia","194"
"Porteirão","Jataí","202,7"
"Porteirão","Jataí","202,7"
"Porteirão","Goiás","251"
"Porteirão","Anápolis","251,5"
"Porteirão","Catalão","285,7"
"Porteirão","Catalão","285,7"
"Porteirão","Catalão","285,7"
"Porteirão","Catalão","285,7"
"Porteirão","Jaraguá","294,8"
"Porteirão","Pirenópolis","304"
"Porteirão","Ceres","342,4"
"Porteirão","Ceres","342,4"
"Porteirão","Luziânia","351,1"
"Porteirão","Águas Lindas de Goiás","364,6"
"Porteirão","Uruaçu","450,6"
"Porteirão","Formosa","464,1"
"Portelândia","Mineiros","70"
"Portelândia","Jataí","144"
"Portelândia","Jataí","144"
"Portelândia","Santa Helena de Goiás","271,8"
"Portelândia","São Luís de Montes Belos","314,9"
"Portelândia","Goiás","376,1"
"Portelândia","Trindade","417,4"
"Portelândia","Trindade","417,4"
"Portelândia","Aparecida de Goiânia","436,2"
"Portelândia","Goiânia","437,4"
"Portelândia","Goiânia","437,4"
"Portelândia","Goiânia","437,4"
"Portelândia","Goiânia","437,4"
"Portelândia","Goiânia","437,4"
"Portelândia","Goiânia","437,4"
"Portelândia","Goiânia","437,4"
"Portelândia","Goiânia","437,4"
"Portelândia","Goiânia","437,4"
"Portelândia","Goiânia","437,4"
"Portelândia","Goiânia","437,4"
"Portelândia","Goiânia","437,4"
"Portelândia","Itumbiara","454,1"
"Portelândia","Itumbiara","454,1"
"Portelândia","Jaraguá","470,3"
"Portelândia","Ceres","471,9"
"Portelândia","Ceres","471,9"
"Portelândia","Anápolis","487"
"Portelândia","Pirenópolis","507,9"
"Portelândia","Uruaçu","580,9"
"Portelândia","Águas Lindas de Goiás","591,3"
"Portelândia","Catalão","601,2"
"Portelândia","Catalão","601,2"
"Portelândia","Catalão","601,2"
"Portelândia","Catalão","601,2"
"Portelândia","Luziânia","611,5"
"Portelândia","Formosa","713,2"
"Posse","Formosa","236,4"
"Posse","Águas Lindas de Goiás","332,8"
"Posse","Luziânia","353,5"
"Posse","Uruaçu","362,8"
"Posse","Pirenópolis","408,4"
"Posse","Jaraguá","434,8"
"Posse","Anápolis","439,8"
"Posse","Ceres","440"
"Posse","Ceres","440"
"Posse","Goiânia","500,4"
"Posse","Goiânia","500,4"
"Posse","Goiânia","500,4"
"Posse","Goiânia","500,4"
"Posse","Goiânia","500,4"
"Posse","Goiânia","500,4"
"Posse","Goiânia","500,4"
"Posse","Goiânia","500,4"
"Posse","Goiânia","500,4"
"Posse","Goiânia","500,4"
"Posse","Goiânia","500,4"
"Posse","Goiânia","500,4"
"Posse","Aparecida de Goiânia","510,8"
"Posse","Trindade","519"
"Posse","Trindade","519"
"Posse","Goiás","535,7"
"Posse","Catalão","570,9"
"Posse","Catalão","570,9"
"Posse","Catalão","570,9"
"Posse","Catalão","570,9"
"Posse","São Luís de Montes Belos","598,9"
"Posse","Itumbiara","670,9"
"Posse","Itumbiara","670,9"
"Posse","Santa Helena de Goiás","723,3"
"Posse","Jataí","838,4"
"Posse","Jataí","838,4"
"Professor Jamil","Aparecida de Goiânia","63,1"
"Professor Jamil","Goiânia","79,6"
"Professor Jamil","Goiânia","79,6"
"Professor Jamil","Goiânia","79,6"
"Professor Jamil","Goiânia","79,6"
"Professor Jamil","Goiânia","79,6"
"Professor Jamil","Goiânia","79,6"
"Professor Jamil","Goiânia","79,6"
"Professor Jamil","Goiânia","79,6"
"Professor Jamil","Goiânia","79,6"
"Professor Jamil","Goiânia","79,6"
"Professor Jamil","Goiânia","79,6"
"Professor Jamil","Goiânia","79,6"
"Professor Jamil","Senador Canedo","80,8"
"Professor Jamil","Trindade","90,9"
"Professor Jamil","Trindade","90,9"
"Professor Jamil","Anápolis","131,7"
"Professor Jamil","Itumbiara","158,7"
"Professor Jamil","Itumbiara","158,7"
"Professor Jamil","São Luís de Montes Belos","178,2"
"Professor Jamil","Santa Helena de Goiás","192,5"
"Professor Jamil","Pirenópolis","195"
"Professor Jamil","Jaraguá","205"
"Professor Jamil","Catalão","210,7"
"Professor Jamil","Catalão","210,7"
"Professor Jamil","Catalão","210,7"
"Professor Jamil","Catalão","210,7"
"Professor Jamil","Goiás","215"
"Professor Jamil","Luziânia","217,5"
"Professor Jamil","Águas Lindas de Goiás","239,5"
"Professor Jamil","Ceres","263,3"
"Professor Jamil","Ceres","263,3"
"Professor Jamil","Jataí","326"
"Professor Jamil","Jataí","326"
"Professor Jamil","Formosa","334,1"
"Professor Jamil","Uruaçu","364"
"Quirinópolis","Santa Helena de Goiás","91,8"
"Quirinópolis","Rio Verde","112"
"Quirinópolis","Rio Verde","112"
"Quirinópolis","Itumbiara","160,9"
"Quirinópolis","Itumbiara","160,9"
"Quirinópolis","Jataí","181,9"
"Quirinópolis","Jataí","181,9"
"Quirinópolis","São Luís de Montes Belos","257,2"
"Quirinópolis","Aparecida de Goiânia","265,9"
"Quirinópolis","Trindade","269"
"Quirinópolis","Trindade","269"
"Quirinópolis","Goiânia","279,5"
"Quirinópolis","Goiânia","279,5"
"Quirinópolis","Goiânia","279,5"
"Quirinópolis","Goiânia","279,5"
"Quirinópolis","Goiânia","279,5"
"Quirinópolis","Goiânia","279,5"
"Quirinópolis","Goiânia","279,5"
"Quirinópolis","Goiânia","279,5"
"Quirinópolis","Goiânia","279,5"
"Quirinópolis","Goiânia","279,5"
"Quirinópolis","Goiânia","279,5"
"Quirinópolis","Goiânia","279,5"
"Quirinópolis","Catalão","320,3"
"Quirinópolis","Catalão","320,3"
"Quirinópolis","Catalão","320,3"
"Quirinópolis","Catalão","320,3"
"Quirinópolis","Goiás","337,8"
"Quirinópolis","Anápolis","341,4"
"Quirinópolis","Jaraguá","386,9"
"Quirinópolis","Pirenópolis","395,5"
"Quirinópolis","Luziânia","425,7"
"Quirinópolis","Ceres","425,9"
"Quirinópolis","Ceres","425,9"
"Quirinópolis","Águas Lindas de Goiás","445,4"
"Quirinópolis","Uruaçu","540,7"
"Quirinópolis","Formosa","546,3"
"Rialma","Ceres","3"
"Rialma","Ceres","3"
"Rialma","Jaraguá","70,5"
"Rialma","Pirenópolis","113,7"
"Rialma","Goiás","115,8"
"Rialma","Uruaçu","126,9"
"Rialma","Anápolis","161,4"
"Rialma","Águas Lindas de Goiás","181,9"
"Rialma","Trindade","183,3"
"Rialma","Trindade","183,3"
"Rialma","Goiânia","192,2"
"Rialma","Goiânia","192,2"
"Rialma","Goiânia","192,2"
"Rialma","Goiânia","192,2"
"Rialma","Goiânia","192,2"
"Rialma","Goiânia","192,2"
"Rialma","Goiânia","192,2"
"Rialma","Goiânia","192,2"
"Rialma","Goiânia","192,2"
"Rialma","Goiânia","192,2"
"Rialma","Goiânia","192,2"
"Rialma","Goiânia","192,2"
"Rialma","São Luís de Montes Belos","195,1"
"Rialma","Aparecida de Goiânia","210,6"
"Rialma","Luziânia","244,1"
"Rialma","Formosa","290,3"
"Rialma","Santa Helena de Goiás","357,6"
"Rialma","Itumbiara","415,6"
"Rialma","Itumbiara","415,6"
"Rialma","Catalão","426,9"
"Rialma","Catalão","426,9"
"Rialma","Catalão","426,9"
"Rialma","Catalão","426,9"
"Rialma","Jataí","430,7"
"Rialma","Jataí","430,7"
"Rianápolis","Ceres","25,1"
"Rianápolis","Ceres","25,1"
"Rianápolis","Jaraguá","51,6"
"Rianápolis","Pirenópolis","94,5"
"Rianápolis","Goiás","109,7"
"Rianápolis","Uruaçu","135,3"
"Rianápolis","Anápolis","141,3"
"Rianápolis","Trindade","164,9"
"Rianápolis","Trindade","164,9"
"Rianápolis","Águas Lindas de Goiás","167,6"
"Rianápolis","Goiânia","172,8"
"Rianápolis","Goiânia","172,8"
"Rianápolis","Goiânia","172,8"
"Rianápolis","Goiânia","172,8"
"Rianápolis","Goiânia","172,8"
"Rianápolis","Goiânia","172,8"
"Rianápolis","Goiânia","172,8"
"Rianápolis","Goiânia","172,8"
"Rianápolis","Goiânia","172,8"
"Rianápolis","Goiânia","172,8"
"Rianápolis","Goiânia","172,8"
"Rianápolis","Goiânia","172,8"
"Rianápolis","São Luís de Montes Belos","185,6"
"Rianápolis","Aparecida de Goiânia","191,1"
"Rianápolis","Luziânia","233,2"
"Rianápolis","Formosa","279,8"
"Rianápolis","Santa Helena de Goiás","344,9"
"Rianápolis","Itumbiara","397,2"
"Rianápolis","Itumbiara","397,2"
"Rianápolis","Catalão","414,5"
"Rianápolis","Catalão","414,5"
"Rianápolis","Catalão","414,5"
"Rianápolis","Catalão","414,5"
"Rianápolis","Jataí","423"
"Rianápolis","Jataí","423"
"Rio Quente","Caldas Novas","32,8"
"Rio Quente","Itumbiara","107,7"
"Rio Quente","Itumbiara","107,7"
"Rio Quente","Catalão","124,3"
"Rio Quente","Catalão","124,3"
"Rio Quente","Catalão","124,3"
"Rio Quente","Catalão","124,3"
"Rio Quente","Aparecida de Goiânia","144,4"
"Rio Quente","Goiânia","162"
"Rio Quente","Goiânia","162"
"Rio Quente","Goiânia","162"
"Rio Quente","Goiânia","162"
"Rio Quente","Goiânia","162"
"Rio Quente","Goiânia","162"
"Rio Quente","Goiânia","162"
"Rio Quente","Goiânia","162"
"Rio Quente","Goiânia","162"
"Rio Quente","Goiânia","162"
"Rio Quente","Goiânia","162"
"Rio Quente","Goiânia","162"
"Rio Quente","Trindade","180,1"
"Rio Quente","Trindade","180,1"
"Rio Quente","Anápolis","199,1"
"Rio Quente","Luziânia","234,2"
"Rio Quente","Santa Helena de Goiás","237,8"
"Rio Quente","Pirenópolis","257,8"
"Rio Quente","São Luís de Montes Belos","263,8"
"Rio Quente","Águas Lindas de Goiás","275,8"
"Rio Quente","Jaraguá","279,1"
"Rio Quente","Goiás","301,3"
"Rio Quente","Ceres","345,8"
"Rio Quente","Ceres","345,8"
"Rio Quente","Formosa","350"
"Rio Quente","Jataí","374,8"
"Rio Quente","Jataí","374,8"
"Rio Quente","Uruaçu","428,9"
"Rio Verde","Rio Verde","0"
"Rio Verde","Rio Verde","0"
"Rio Verde","Santa Helena de Goiás","45"
"Rio Verde","Jataí","108,3"
"Rio Verde","Jataí","108,3"
"Rio Verde","São Luís de Montes Belos","187,9"
"Rio Verde","Itumbiara","237"
"Rio Verde","Itumbiara","237"
"Rio Verde","Trindade","243"
"Rio Verde","Trindade","243"
"Rio Verde","Aparecida de Goiânia","249,5"
"Rio Verde","Goiânia","257,4"
"Rio Verde","Goiânia","257,4"
"Rio Verde","Goiânia","257,4"
"Rio Verde","Goiânia","257,4"
"Rio Verde","Goiânia","257,4"
"Rio Verde","Goiânia","257,4"
"Rio Verde","Goiânia","257,4"
"Rio Verde","Goiânia","257,4"
"Rio Verde","Goiânia","257,4"
"Rio Verde","Goiânia","257,4"
"Rio Verde","Goiânia","257,4"
"Rio Verde","Goiânia","257,4"
"Rio Verde","Goiás","267,2"
"Rio Verde","Anápolis","317,9"
"Rio Verde","Jaraguá","339,1"
"Rio Verde","Pirenópolis","360,4"
"Rio Verde","Ceres","372,2"
"Rio Verde","Ceres","372,2"
"Rio Verde","Catalão","380,9"
"Rio Verde","Catalão","380,9"
"Rio Verde","Catalão","380,9"
"Rio Verde","Catalão","380,9"
"Rio Verde","Luziânia","423,7"
"Rio Verde","Águas Lindas de Goiás","425,2"
"Rio Verde","Uruaçu","483,9"
"Rio Verde","Formosa","538,6"
"Rubiataba","Ceres","35,9"
"Rubiataba","Ceres","35,9"
"Rubiataba","Jaraguá","105,2"
"Rubiataba","Goiás","118,1"
"Rubiataba","Uruaçu","123,9"
"Rubiataba","Pirenópolis","146"
"Rubiataba","Anápolis","195"
"Rubiataba","São Luís de Montes Belos","200,4"
"Rubiataba","Trindade","207,9"
"Rubiataba","Trindade","207,9"
"Rubiataba","Águas Lindas de Goiás","216,8"
"Rubiataba","Goiânia","220,3"
"Rubiataba","Goiânia","220,3"
"Rubiataba","Goiânia","220,3"
"Rubiataba","Goiânia","220,3"
"Rubiataba","Goiânia","220,3"
"Rubiataba","Goiânia","220,3"
"Rubiataba","Goiânia","220,3"
"Rubiataba","Goiânia","220,3"
"Rubiataba","Goiânia","220,3"
"Rubiataba","Goiânia","220,3"
"Rubiataba","Goiânia","220,3"
"Rubiataba","Goiânia","220,3"
"Rubiataba","Aparecida de Goiânia","238,4"
"Rubiataba","Luziânia","279,2"
"Rubiataba","Formosa","321,5"
"Rubiataba","Santa Helena de Goiás","367,8"
"Rubiataba","Jataí","430,2"
"Rubiataba","Jataí","430,2"
"Rubiataba","Itumbiara","432,5"
"Rubiataba","Itumbiara","432,5"
"Rubiataba","Catalão","458,3"
"Rubiataba","Catalão","458,3"
"Rubiataba","Catalão","458,3"
"Rubiataba","Catalão","458,3"
"Sanclerlândia","Goiás","45,7"
"Sanclerlândia","São Luís de Montes Belos","48,3"
"Sanclerlândia","Trindade","124,2"
"Sanclerlândia","Trindade","124,2"
"Sanclerlândia","Jaraguá","142,2"
"Sanclerlândia","Goiânia","152,9"
"Sanclerlândia","Goiânia","152,9"
"Sanclerlândia","Goiânia","152,9"
"Sanclerlândia","Goiânia","152,9"
"Sanclerlândia","Goiânia","152,9"
"Sanclerlândia","Goiânia","152,9"
"Sanclerlândia","Goiânia","152,9"
"Sanclerlândia","Goiânia","152,9"
"Sanclerlândia","Goiânia","152,9"
"Sanclerlândia","Goiânia","152,9"
"Sanclerlândia","Goiânia","152,9"
"Sanclerlândia","Goiânia","152,9"
"Sanclerlândia","Ceres","153,8"
"Sanclerlândia","Ceres","153,8"
"Sanclerlândia","Aparecida de Goiânia","163,6"
"Sanclerlândia","Anápolis","179,3"
"Sanclerlândia","Pirenópolis","184,1"
"Sanclerlândia","Santa Helena de Goiás","224"
"Sanclerlândia","Águas Lindas de Goiás","266,9"
"Sanclerlândia","Uruaçu","269,5"
"Sanclerlândia","Jataí","287,4"
"Sanclerlândia","Jataí","287,4"
"Sanclerlândia","Luziânia","302,8"
"Sanclerlândia","Itumbiara","326,5"
"Sanclerlândia","Itumbiara","326,5"
"Sanclerlândia","Formosa","391,8"
"Sanclerlândia","Catalão","400,2"
"Sanclerlândia","Catalão","400,2"
"Sanclerlândia","Catalão","400,2"
"Sanclerlândia","Catalão","400,2"
"Santa Bárbara de Goiás","Trindade","30,9"
"Santa Bárbara de Goiás","Trindade","30,9"
"Santa Bárbara de Goiás","Goiânia","63"
"Santa Bárbara de Goiás","Goiânia","63"
"Santa Bárbara de Goiás","Goiânia","63"
"Santa Bárbara de Goiás","Goiânia","63"
"Santa Bárbara de Goiás","Goiânia","63"
"Santa Bárbara de Goiás","Goiânia","63"
"Santa Bárbara de Goiás","Goiânia","63"
"Santa Bárbara de Goiás","Goiânia","63"
"Santa Bárbara de Goiás","Goiânia","63"
"Santa Bárbara de Goiás","Goiânia","63"
"Santa Bárbara de Goiás","Goiânia","63"
"Santa Bárbara de Goiás","Goiânia","63"
"Santa Bárbara de Goiás","Goiânia","63"
"Santa Bárbara de Goiás","Goiânia","63"
"Santa Bárbara de Goiás","Aparecida de Goiânia","70,1"
"Santa Bárbara de Goiás","São Luís de Montes Belos","91,9"
"Santa Bárbara de Goiás","Anápolis","106,3"
"Santa Bárbara de Goiás","Goiás","108,5"
"Santa Bárbara de Goiás","Jaraguá","125,5"
"Santa Bárbara de Goiás","Pirenópolis","138,1"
"Santa Bárbara de Goiás","Ceres","173,6"
"Santa Bárbara de Goiás","Ceres","173,6"
"Santa Bárbara de Goiás","Santa Helena de Goiás","206,5"
"Santa Bárbara de Goiás","Águas Lindas de Goiás","216,2"
"Santa Bárbara de Goiás","Luziânia","233,1"
"Santa Bárbara de Goiás","Itumbiara","252,7"
"Santa Bárbara de Goiás","Itumbiara","252,7"
"Santa Bárbara de Goiás","Uruaçu","282,4"
"Santa Bárbara de Goiás","Catalão","308,2"
"Santa Bárbara de Goiás","Catalão","308,2"
"Santa Bárbara de Goiás","Catalão","308,2"
"Santa Bárbara de Goiás","Catalão","308,2"
"Santa Bárbara de Goiás","Jataí","311,5"
"Santa Bárbara de Goiás","Jataí","311,5"
"Santa Bárbara de Goiás","Formosa","332,3"
"Santa Cruz de Goiás","Caldas Novas","88,5"
"Santa Cruz de Goiás","Aparecida de Goiânia","124,8"
"Santa Cruz de Goiás","Goiânia","133,8"
"Santa Cruz de Goiás","Goiânia","133,8"
"Santa Cruz de Goiás","Goiânia","133,8"
"Santa Cruz de Goiás","Goiânia","133,8"
"Santa Cruz de Goiás","Goiânia","133,8"
"Santa Cruz de Goiás","Goiânia","133,8"
"Santa Cruz de Goiás","Goiânia","133,8"
"Santa Cruz de Goiás","Goiânia","133,8"
"Santa Cruz de Goiás","Goiânia","133,8"
"Santa Cruz de Goiás","Goiânia","133,8"
"Santa Cruz de Goiás","Goiânia","133,8"
"Santa Cruz de Goiás","Goiânia","133,8"
"Santa Cruz de Goiás","Catalão","135,7"
"Santa Cruz de Goiás","Catalão","135,7"
"Santa Cruz de Goiás","Catalão","135,7"
"Santa Cruz de Goiás","Catalão","135,7"
"Santa Cruz de Goiás","Anápolis","148,5"
"Santa Cruz de Goiás","Trindade","160,5"
"Santa Cruz de Goiás","Trindade","160,5"
"Santa Cruz de Goiás","Luziânia","161,1"
"Santa Cruz de Goiás","Itumbiara","177,6"
"Santa Cruz de Goiás","Itumbiara","177,6"
"Santa Cruz de Goiás","Pirenópolis","209,8"
"Santa Cruz de Goiás","Águas Lindas de Goiás","214,1"
"Santa Cruz de Goiás","Jaraguá","241,2"
"Santa Cruz de Goiás","São Luís de Montes Belos","263,8"
"Santa Cruz de Goiás","Santa Helena de Goiás","277,3"
"Santa Cruz de Goiás","Formosa","278,5"
"Santa Cruz de Goiás","Goiás","281"
"Santa Cruz de Goiás","Ceres","304"
"Santa Cruz de Goiás","Ceres","304"
"Santa Cruz de Goiás","Uruaçu","382"
"Santa Cruz de Goiás","Jataí","418,8"
"Santa Cruz de Goiás","Jataí","418,8"
"Santa Fé de Goiás","Goiás","128,8"
"Santa Fé de Goiás","São Luís de Montes Belos","141"
"Santa Fé de Goiás","Ceres","207,9"
"Santa Fé de Goiás","Ceres","207,9"
"Santa Fé de Goiás","Jaraguá","232,8"
"Santa Fé de Goiás","Trindade","243,8"
"Santa Fé de Goiás","Trindade","243,8"
"Santa Fé de Goiás","Goiânia","265,7"
"Santa Fé de Goiás","Goiânia","265,7"
"Santa Fé de Goiás","Goiânia","265,7"
"Santa Fé de Goiás","Goiânia","265,7"
"Santa Fé de Goiás","Goiânia","265,7"
"Santa Fé de Goiás","Goiânia","265,7"
"Santa Fé de Goiás","Goiânia","265,7"
"Santa Fé de Goiás","Goiânia","265,7"
"Santa Fé de Goiás","Goiânia","265,7"
"Santa Fé de Goiás","Goiânia","265,7"
"Santa Fé de Goiás","Goiânia","265,7"
"Santa Fé de Goiás","Goiânia","265,7"
"Santa Fé de Goiás","Pirenópolis","275,6"
"Santa Fé de Goiás","Aparecida de Goiânia","276,2"
"Santa Fé de Goiás","Santa Helena de Goiás","280,4"
"Santa Fé de Goiás","Anápolis","285,8"
"Santa Fé de Goiás","Jataí","292,6"
"Santa Fé de Goiás","Jataí","292,6"
"Santa Fé de Goiás","Uruaçu","302,5"
"Santa Fé de Goiás","Águas Lindas de Goiás","362,4"
"Santa Fé de Goiás","Luziânia","409,7"
"Santa Fé de Goiás","Itumbiara","419,8"
"Santa Fé de Goiás","Itumbiara","419,8"
"Santa Fé de Goiás","Formosa","476,8"
"Santa Fé de Goiás","Catalão","506,2"
"Santa Fé de Goiás","Catalão","506,2"
"Santa Fé de Goiás","Catalão","506,2"
"Santa Fé de Goiás","Catalão","506,2"
"Santa Helena de Goiás","Santa Helena de Goiás","0"
"Santa Helena de Goiás","Rio Verde","36,2"
"Santa Helena de Goiás","Rio Verde","36,2"
"Santa Helena de Goiás","Jataí","146,5"
"Santa Helena de Goiás","Jataí","146,5"
"Santa Helena de Goiás","São Luís de Montes Belos","179"
"Santa Helena de Goiás","Itumbiara","197,4"
"Santa Helena de Goiás","Itumbiara","197,4"
"Santa Helena de Goiás","Trindade","214,5"
"Santa Helena de Goiás","Trindade","214,5"
"Santa Helena de Goiás","Aparecida de Goiânia","222,5"
"Santa Helena de Goiás","Goiânia","232,3"
"Santa Helena de Goiás","Goiânia","232,3"
"Santa Helena de Goiás","Goiânia","232,3"
"Santa Helena de Goiás","Goiânia","232,3"
"Santa Helena de Goiás","Goiânia","232,3"
"Santa Helena de Goiás","Goiânia","232,3"
"Santa Helena de Goiás","Goiânia","232,3"
"Santa Helena de Goiás","Goiânia","232,3"
"Santa Helena de Goiás","Goiânia","232,3"
"Santa Helena de Goiás","Goiânia","232,3"
"Santa Helena de Goiás","Goiânia","232,3"
"Santa Helena de Goiás","Goiânia","232,3"
"Santa Helena de Goiás","Goiás","257,3"
"Santa Helena de Goiás","Anápolis","288,5"
"Santa Helena de Goiás","Jaraguá","318,6"
"Santa Helena de Goiás","Pirenópolis","335"
"Santa Helena de Goiás","Catalão","340,1"
"Santa Helena de Goiás","Catalão","340,1"
"Santa Helena de Goiás","Catalão","340,1"
"Santa Helena de Goiás","Catalão","340,1"
"Santa Helena de Goiás","Ceres","357,8"
"Santa Helena de Goiás","Ceres","357,8"
"Santa Helena de Goiás","Luziânia","396,7"
"Santa Helena de Goiás","Águas Lindas de Goiás","403"
"Santa Helena de Goiás","Uruaçu","468,8"
"Santa Helena de Goiás","Formosa","506,7"
"Santa Isabel","Ceres","25,8"
"Santa Isabel","Ceres","25,8"
"Santa Isabel","Jaraguá","65,8"
"Santa Isabel","Pirenópolis","101"
"Santa Isabel","Uruaçu","115,8"
"Santa Isabel","Goiás","128,3"
"Santa Isabel","Anápolis","154,2"
"Santa Isabel","Águas Lindas de Goiás","163,7"
"Santa Isabel","Trindade","185,6"
"Santa Isabel","Trindade","185,6"
"Santa Isabel","Goiânia","191,4"
"Santa Isabel","Goiânia","191,4"
"Santa Isabel","Goiânia","191,4"
"Santa Isabel","Goiânia","191,4"
"Santa Isabel","Goiânia","191,4"
"Santa Isabel","Goiânia","191,4"
"Santa Isabel","Goiânia","191,4"
"Santa Isabel","Goiânia","191,4"
"Santa Isabel","Goiânia","191,4"
"Santa Isabel","Goiânia","191,4"
"Santa Isabel","Goiânia","191,4"
"Santa Isabel","Goiânia","191,4"
"Santa Isabel","São Luís de Montes Belos","208,7"
"Santa Isabel","Aparecida de Goiânia","209,7"
"Santa Isabel","Luziânia","234,2"
"Santa Isabel","Formosa","270,7"
"Santa Isabel","Santa Helena de Goiás","367,6"
"Santa Isabel","Itumbiara","416,3"
"Santa Isabel","Itumbiara","416,3"
"Santa Isabel","Catalão","420,1"
"Santa Isabel","Catalão","420,1"
"Santa Isabel","Catalão","420,1"
"Santa Isabel","Catalão","420,1"
"Santa Isabel","Jataí","445,1"
"Santa Isabel","Jataí","445,1"
"Santa Rita do Araguaia","Mineiros","89,1"
"Santa Rita do Araguaia","Jataí","207,3"
"Santa Rita do Araguaia","Jataí","207,3"
"Santa Rita do Araguaia","Santa Helena de Goiás","337,4"
"Santa Rita do Araguaia","São Luís de Montes Belos","376,8"
"Santa Rita do Araguaia","Goiás","426,1"
"Santa Rita do Araguaia","Trindade","473,7"
"Santa Rita do Araguaia","Trindade","473,7"
"Santa Rita do Araguaia","Aparecida de Goiânia","500,4"
"Santa Rita do Araguaia","Goiânia","501"
"Santa Rita do Araguaia","Goiânia","501"
"Santa Rita do Araguaia","Goiânia","501"
"Santa Rita do Araguaia","Goiânia","501"
"Santa Rita do Araguaia","Goiânia","501"
"Santa Rita do Araguaia","Goiânia","501"
"Santa Rita do Araguaia","Goiânia","501"
"Santa Rita do Araguaia","Goiânia","501"
"Santa Rita do Araguaia","Goiânia","501"
"Santa Rita do Araguaia","Goiânia","501"
"Santa Rita do Araguaia","Goiânia","501"
"Santa Rita do Araguaia","Goiânia","501"
"Santa Rita do Araguaia","Itumbiara","517,5"
"Santa Rita do Araguaia","Itumbiara","517,5"
"Santa Rita do Araguaia","Ceres","525,3"
"Santa Rita do Araguaia","Ceres","525,3"
"Santa Rita do Araguaia","Jaraguá","528,4"
"Santa Rita do Araguaia","Anápolis","549,4"
"Santa Rita do Araguaia","Pirenópolis","567,6"
"Santa Rita do Araguaia","Uruaçu","630,7"
"Santa Rita do Araguaia","Águas Lindas de Goiás","651,9"
"Santa Rita do Araguaia","Catalão","666,1"
"Santa Rita do Araguaia","Catalão","666,1"
"Santa Rita do Araguaia","Catalão","666,1"
"Santa Rita do Araguaia","Catalão","666,1"
"Santa Rita do Araguaia","Luziânia","674,5"
"Santa Rita do Araguaia","Formosa","774,3"
"Santa Rita do Novo Destino","Ceres","69,7"
"Santa Rita do Novo Destino","Ceres","69,7"
"Santa Rita do Novo Destino","Uruaçu","86,4"
"Santa Rita do Novo Destino","Jaraguá","91,9"
"Santa Rita do Novo Destino","Pirenópolis","103,4"
"Santa Rita do Novo Destino","Águas Lindas de Goiás","139,9"
"Santa Rita do Novo Destino","Anápolis","164,7"
"Santa Rita do Novo Destino","Goiás","173,2"
"Santa Rita do Novo Destino","Goiânia","213"
"Santa Rita do Novo Destino","Goiânia","213"
"Santa Rita do Novo Destino","Goiânia","213"
"Santa Rita do Novo Destino","Goiânia","213"
"Santa Rita do Novo Destino","Goiânia","213"
"Santa Rita do Novo Destino","Goiânia","213"
"Santa Rita do Novo Destino","Goiânia","213"
"Santa Rita do Novo Destino","Goiânia","213"
"Santa Rita do Novo Destino","Goiânia","213"
"Santa Rita do Novo Destino","Goiânia","213"
"Santa Rita do Novo Destino","Goiânia","213"
"Santa Rita do Novo Destino","Goiânia","213"
"Santa Rita do Novo Destino","Trindade","213,2"
"Santa Rita do Novo Destino","Trindade","213,2"
"Santa Rita do Novo Destino","Luziânia","217,1"
"Santa Rita do Novo Destino","Aparecida de Goiânia","231"
"Santa Rita do Novo Destino","Formosa","241,7"
"Santa Rita do Novo Destino","São Luís de Montes Belos","245"
"Santa Rita do Novo Destino","Santa Helena de Goiás","404"
"Santa Rita do Novo Destino","Catalão","424,2"
"Santa Rita do Novo Destino","Catalão","424,2"
"Santa Rita do Novo Destino","Catalão","424,2"
"Santa Rita do Novo Destino","Catalão","424,2"
"Santa Rita do Novo Destino","Itumbiara","429,8"
"Santa Rita do Novo Destino","Itumbiara","429,8"
"Santa Rita do Novo Destino","Jataí","486,4"
"Santa Rita do Novo Destino","Jataí","486,4"
"Santa Rosa de Goiás","Jaraguá","53,6"
"Santa Rosa de Goiás","Pirenópolis","80"
"Santa Rosa de Goiás","Trindade","80,1"
"Santa Rosa de Goiás","Trindade","80,1"
"Santa Rosa de Goiás","Anápolis","81,3"
"Santa Rosa de Goiás","Goiás","90"
"Santa Rosa de Goiás","Goiânia","90,7"
"Santa Rosa de Goiás","Goiânia","90,7"
"Santa Rosa de Goiás","Goiânia","90,7"
"Santa Rosa de Goiás","Goiânia","90,7"
"Santa Rosa de Goiás","Goiânia","90,7"
"Santa Rosa de Goiás","Goiânia","90,7"
"Santa Rosa de Goiás","Goiânia","90,7"
"Santa Rosa de Goiás","Goiânia","90,7"
"Santa Rosa de Goiás","Goiânia","90,7"
"Santa Rosa de Goiás","Goiânia","90,7"
"Santa Rosa de Goiás","Goiânia","90,7"
"Santa Rosa de Goiás","Goiânia","90,7"
"Santa Rosa de Goiás","Goiânia","90,7"
"Santa Rosa de Goiás","Goiânia","90,7"
"Santa Rosa de Goiás","Goiânia","90,7"
"Santa Rosa de Goiás","Aparecida de Goiânia","109,2"
"Santa Rosa de Goiás","Ceres","110,7"
"Santa Rosa de Goiás","Ceres","110,7"
"Santa Rosa de Goiás","São Luís de Montes Belos","129,8"
"Santa Rosa de Goiás","Águas Lindas de Goiás","165,6"
"Santa Rosa de Goiás","Luziânia","204,3"
"Santa Rosa de Goiás","Uruaçu","218,4"
"Santa Rosa de Goiás","Santa Helena de Goiás","270"
"Santa Rosa de Goiás","Formosa","286,4"
"Santa Rosa de Goiás","Itumbiara","312,4"
"Santa Rosa de Goiás","Itumbiara","312,4"
"Santa Rosa de Goiás","Catalão","341"
"Santa Rosa de Goiás","Catalão","341"
"Santa Rosa de Goiás","Catalão","341"
"Santa Rosa de Goiás","Catalão","341"
"Santa Rosa de Goiás","Jataí","371,4"
"Santa Rosa de Goiás","Jataí","371,4"
"Santa Tereza de Goiás","Porangatu","37,9"
"Santa Tereza de Goiás","Uruaçu","115,7"
"Santa Tereza de Goiás","Ceres","231,1"
"Santa Tereza de Goiás","Ceres","231,1"
"Santa Tereza de Goiás","Jaraguá","275,2"
"Santa Tereza de Goiás","Pirenópolis","285,2"
"Santa Tereza de Goiás","Águas Lindas de Goiás","289,2"
"Santa Tereza de Goiás","Formosa","326"
"Santa Tereza de Goiás","Goiás","329,9"
"Santa Tereza de Goiás","Anápolis","349"
"Santa Tereza de Goiás","Luziânia","365,5"
"Santa Tereza de Goiás","Trindade","396,8"
"Santa Tereza de Goiás","Trindade","396,8"
"Santa Tereza de Goiás","Goiânia","397,9"
"Santa Tereza de Goiás","Goiânia","397,9"
"Santa Tereza de Goiás","Goiânia","397,9"
"Santa Tereza de Goiás","Goiânia","397,9"
"Santa Tereza de Goiás","Goiânia","397,9"
"Santa Tereza de Goiás","Goiânia","397,9"
"Santa Tereza de Goiás","Goiânia","397,9"
"Santa Tereza de Goiás","Goiânia","397,9"
"Santa Tereza de Goiás","Goiânia","397,9"
"Santa Tereza de Goiás","Goiânia","397,9"
"Santa Tereza de Goiás","Goiânia","397,9"
"Santa Tereza de Goiás","Goiânia","397,9"
"Santa Tereza de Goiás","São Luís de Montes Belos","413,4"
"Santa Tereza de Goiás","Aparecida de Goiânia","415,6"
"Santa Tereza de Goiás","Santa Helena de Goiás","573,6"
"Santa Tereza de Goiás","Catalão","599,6"
"Santa Tereza de Goiás","Catalão","599,6"
"Santa Tereza de Goiás","Catalão","599,6"
"Santa Tereza de Goiás","Catalão","599,6"
"Santa Tereza de Goiás","Itumbiara","616,7"
"Santa Tereza de Goiás","Itumbiara","616,7"
"Santa Tereza de Goiás","Jataí","644,4"
"Santa Tereza de Goiás","Jataí","644,4"
"Santa Terezinha de Goiás","Uruaçu","78,9"
"Santa Terezinha de Goiás","Ceres","124,2"
"Santa Terezinha de Goiás","Ceres","124,2"
"Santa Terezinha de Goiás","Jaraguá","187,2"
"Santa Terezinha de Goiás","Goiás","213"
"Santa Terezinha de Goiás","Pirenópolis","217,8"
"Santa Terezinha de Goiás","Águas Lindas de Goiás","255,5"
"Santa Terezinha de Goiás","Anápolis","271"
"Santa Terezinha de Goiás","São Luís de Montes Belos","291,5"
"Santa Terezinha de Goiás","Trindade","297,4"
"Santa Terezinha de Goiás","Trindade","297,4"
"Santa Terezinha de Goiás","Goiânia","306,1"
"Santa Terezinha de Goiás","Goiânia","306,1"
"Santa Terezinha de Goiás","Goiânia","306,1"
"Santa Terezinha de Goiás","Goiânia","306,1"
"Santa Terezinha de Goiás","Goiânia","306,1"
"Santa Terezinha de Goiás","Goiânia","306,1"
"Santa Terezinha de Goiás","Goiânia","306,1"
"Santa Terezinha de Goiás","Goiânia","306,1"
"Santa Terezinha de Goiás","Goiânia","306,1"
"Santa Terezinha de Goiás","Goiânia","306,1"
"Santa Terezinha de Goiás","Goiânia","306,1"
"Santa Terezinha de Goiás","Goiânia","306,1"
"Santa Terezinha de Goiás","Aparecida de Goiânia","324"
"Santa Terezinha de Goiás","Luziânia","332"
"Santa Terezinha de Goiás","Formosa","339,6"
"Santa Terezinha de Goiás","Santa Helena de Goiás","457,2"
"Santa Terezinha de Goiás","Jataí","518,3"
"Santa Terezinha de Goiás","Jataí","518,3"
"Santa Terezinha de Goiás","Itumbiara","525,5"
"Santa Terezinha de Goiás","Itumbiara","525,5"
"Santa Terezinha de Goiás","Catalão","537,8"
"Santa Terezinha de Goiás","Catalão","537,8"
"Santa Terezinha de Goiás","Catalão","537,8"
"Santa Terezinha de Goiás","Catalão","537,8"
"Santo Antônio da Barra","Santa Helena de Goiás","37,5"
"Santo Antônio da Barra","Rio Verde","43,5"
"Santo Antônio da Barra","Rio Verde","43,5"
"Santo Antônio da Barra","São Luís de Montes Belos","146"
"Santo Antônio da Barra","Jataí","148,1"
"Santo Antônio da Barra","Jataí","148,1"
"Santo Antônio da Barra","Trindade","194,1"
"Santo Antônio da Barra","Trindade","194,1"
"Santo Antônio da Barra","Aparecida de Goiânia","207,5"
"Santo Antônio da Barra","Goiânia","215,1"
"Santo Antônio da Barra","Goiânia","215,1"
"Santo Antônio da Barra","Goiânia","215,1"
"Santo Antônio da Barra","Goiânia","215,1"
"Santo Antônio da Barra","Goiânia","215,1"
"Santo Antônio da Barra","Goiânia","215,1"
"Santo Antônio da Barra","Goiânia","215,1"
"Santo Antônio da Barra","Goiânia","215,1"
"Santo Antônio da Barra","Goiânia","215,1"
"Santo Antônio da Barra","Goiânia","215,1"
"Santo Antônio da Barra","Goiânia","215,1"
"Santo Antônio da Barra","Goiânia","215,1"
"Santo Antônio da Barra","Itumbiara","218,2"
"Santo Antônio da Barra","Itumbiara","218,2"
"Santo Antônio da Barra","Goiás","231,5"
"Santo Antônio da Barra","Anápolis","270,2"
"Santo Antônio da Barra","Jaraguá","292,7"
"Santo Antônio da Barra","Pirenópolis","312,7"
"Santo Antônio da Barra","Ceres","328,4"
"Santo Antônio da Barra","Ceres","328,4"
"Santo Antônio da Barra","Catalão","351,1"
"Santo Antônio da Barra","Catalão","351,1"
"Santo Antônio da Barra","Catalão","351,1"
"Santo Antônio da Barra","Catalão","351,1"
"Santo Antônio da Barra","Luziânia","384,5"
"Santo Antônio da Barra","Águas Lindas de Goiás","384,6"
"Santo Antônio da Barra","Uruaçu","440,5"
"Santo Antônio da Barra","Formosa","492,1"
"Santo Antônio de Goiás","Goiânia","30,8"
"Santo Antônio de Goiás","Goiânia","30,8"
"Santo Antônio de Goiás","Goiânia","30,8"
"Santo Antônio de Goiás","Goiânia","30,8"
"Santo Antônio de Goiás","Goiânia","30,8"
"Santo Antônio de Goiás","Goiânia","30,8"
"Santo Antônio de Goiás","Goiânia","30,8"
"Santo Antônio de Goiás","Goiânia","30,8"
"Santo Antônio de Goiás","Goiânia","30,8"
"Santo Antônio de Goiás","Goiânia","30,8"
"Santo Antônio de Goiás","Goiânia","30,8"
"Santo Antônio de Goiás","Goiânia","30,8"
"Santo Antônio de Goiás","Goiânia","30,8"
"Santo Antônio de Goiás","Goiânia","30,8"
"Santo Antônio de Goiás","Goiânia","30,8"
"Santo Antônio de Goiás","Trindade","35,9"
"Santo Antônio de Goiás","Trindade","35,9"
"Santo Antônio de Goiás","Aparecida de Goiânia","50,4"
"Santo Antônio de Goiás","Anápolis","55"
"Santo Antônio de Goiás","Pirenópolis","101"
"Santo Antônio de Goiás","Jaraguá","103"
"Santo Antônio de Goiás","Goiás","132,3"
"Santo Antônio de Goiás","São Luís de Montes Belos","139,5"
"Santo Antônio de Goiás","Ceres","165,2"
"Santo Antônio de Goiás","Ceres","165,2"
"Santo Antônio de Goiás","Águas Lindas de Goiás","167,2"
"Santo Antônio de Goiás","Luziânia","181,2"
"Santo Antônio de Goiás","Santa Helena de Goiás","241,8"
"Santo Antônio de Goiás","Itumbiara","257,5"
"Santo Antônio de Goiás","Itumbiara","257,5"
"Santo Antônio de Goiás","Uruaçu","262,1"
"Santo Antônio de Goiás","Formosa","282,5"
"Santo Antônio de Goiás","Catalão","284,2"
"Santo Antônio de Goiás","Catalão","284,2"
"Santo Antônio de Goiás","Catalão","284,2"
"Santo Antônio de Goiás","Catalão","284,2"
"Santo Antônio de Goiás","Jataí","359,4"
"Santo Antônio de Goiás","Jataí","359,4"
"Santo Antônio do Descoberto","Águas Lindas de Goiás","26,5"
"Santo Antônio do Descoberto","Luziânia","63,1"
"Santo Antônio do Descoberto","Pirenópolis","96"
"Santo Antônio do Descoberto","Anápolis","109"
"Santo Antônio do Descoberto","Formosa","133,1"
"Santo Antônio do Descoberto","Jaraguá","144"
"Santo Antônio do Descoberto","Goiânia","166,9"
"Santo Antônio do Descoberto","Goiânia","166,9"
"Santo Antônio do Descoberto","Goiânia","166,9"
"Santo Antônio do Descoberto","Goiânia","166,9"
"Santo Antônio do Descoberto","Goiânia","166,9"
"Santo Antônio do Descoberto","Goiânia","166,9"
"Santo Antônio do Descoberto","Goiânia","166,9"
"Santo Antônio do Descoberto","Goiânia","166,9"
"Santo Antônio do Descoberto","Goiânia","166,9"
"Santo Antônio do Descoberto","Goiânia","166,9"
"Santo Antônio do Descoberto","Goiânia","166,9"
"Santo Antônio do Descoberto","Goiânia","166,9"
"Santo Antônio do Descoberto","Aparecida de Goiânia","176,9"
"Santo Antônio do Descoberto","Trindade","189,1"
"Santo Antônio do Descoberto","Trindade","189,1"
"Santo Antônio do Descoberto","Ceres","196,9"
"Santo Antônio do Descoberto","Ceres","196,9"
"Santo Antônio do Descoberto","Uruaçu","226,1"
"Santo Antônio do Descoberto","Goiás","241,4"
"Santo Antônio do Descoberto","São Luís de Montes Belos","281,8"
"Santo Antônio do Descoberto","Catalão","299,5"
"Santo Antônio do Descoberto","Catalão","299,5"
"Santo Antônio do Descoberto","Catalão","299,5"
"Santo Antônio do Descoberto","Catalão","299,5"
"Santo Antônio do Descoberto","Itumbiara","351,2"
"Santo Antônio do Descoberto","Itumbiara","351,2"
"Santo Antônio do Descoberto","Santa Helena de Goiás","389,3"
"Santo Antônio do Descoberto","Jataí","503,5"
"Santo Antônio do Descoberto","Jataí","503,5"
"Senador Canedo","Senador Canedo","0"
"Senador Canedo","Goiânia","25,7"
"Senador Canedo","Goiânia","25,7"
"Senador Canedo","Goiânia","25,7"
"Senador Canedo","Goiânia","25,7"
"Senador Canedo","Goiânia","25,7"
"Senador Canedo","Goiânia","25,7"
"Senador Canedo","Goiânia","25,7"
"Senador Canedo","Goiânia","25,7"
"Senador Canedo","Goiânia","25,7"
"Senador Canedo","Goiânia","25,7"
"Senador Canedo","Goiânia","25,7"
"Senador Canedo","Goiânia","25,7"
"Senador Canedo","Aparecida de Goiânia","27,3"
"Senador Canedo","Trindade","57"
"Senador Canedo","Trindade","57"
"Senador Canedo","Anápolis","59,1"
"Senador Canedo","Pirenópolis","122,4"
"Senador Canedo","Jaraguá","134,6"
"Senador Canedo","Luziânia","162,1"
"Senador Canedo","Águas Lindas de Goiás","167,5"
"Senador Canedo","São Luís de Montes Belos","169,9"
"Senador Canedo","Goiás","173,7"
"Senador Canedo","Ceres","203,1"
"Senador Canedo","Ceres","203,1"
"Senador Canedo","Itumbiara","233,2"
"Senador Canedo","Itumbiara","233,2"
"Senador Canedo","Santa Helena de Goiás","241,9"
"Senador Canedo","Catalão","243,2"
"Senador Canedo","Catalão","243,2"
"Senador Canedo","Catalão","243,2"
"Senador Canedo","Catalão","243,2"
"Senador Canedo","Formosa","273,6"
"Senador Canedo","Uruaçu","291,6"
"Senador Canedo","Jataí","369,5"
"Senador Canedo","Jataí","369,5"
"Serranópolis","Jataí","68,5"
"Serranópolis","Jataí","68,5"
"Serranópolis","Mineiros","151"
"Serranópolis","Santa Helena de Goiás","189,4"
"Serranópolis","São Luís de Montes Belos","312,4"
"Serranópolis","Itumbiara","347,6"
"Serranópolis","Itumbiara","347,6"
"Serranópolis","Trindade","383,8"
"Serranópolis","Trindade","383,8"
"Serranópolis","Goiás","392,5"
"Serranópolis","Aparecida de Goiânia","397,9"
"Serranópolis","Goiânia","405,4"
"Serranópolis","Goiânia","405,4"
"Serranópolis","Goiânia","405,4"
"Serranópolis","Goiânia","405,4"
"Serranópolis","Goiânia","405,4"
"Serranópolis","Goiânia","405,4"
"Serranópolis","Goiânia","405,4"
"Serranópolis","Goiânia","405,4"
"Serranópolis","Goiânia","405,4"
"Serranópolis","Goiânia","405,4"
"Serranópolis","Goiânia","405,4"
"Serranópolis","Goiânia","405,4"
"Serranópolis","Anápolis","457,2"
"Serranópolis","Jaraguá","469,8"
"Serranópolis","Ceres","492,6"
"Serranópolis","Ceres","492,6"
"Serranópolis","Pirenópolis","495,4"
"Serranópolis","Catalão","500,7"
"Serranópolis","Catalão","500,7"
"Serranópolis","Catalão","500,7"
"Serranópolis","Catalão","500,7"
"Serranópolis","Águas Lindas de Goiás","569,5"
"Serranópolis","Luziânia","569,9"
"Serranópolis","Uruaçu","610,1"
"Serranópolis","Formosa","684,3"
"Silvânia","Anápolis","66,2"
"Silvânia","Senador Canedo","78,7"
"Silvânia","Goiânia","88,8"
"Silvânia","Goiânia","88,8"
"Silvânia","Goiânia","88,8"
"Silvânia","Goiânia","88,8"
"Silvânia","Goiânia","88,8"
"Silvânia","Goiânia","88,8"
"Silvânia","Goiânia","88,8"
"Silvânia","Goiânia","88,8"
"Silvânia","Goiânia","88,8"
"Silvânia","Goiânia","88,8"
"Silvânia","Goiânia","88,8"
"Silvânia","Goiânia","88,8"
"Silvânia","Aparecida de Goiânia","89,3"
"Silvânia","Luziânia","106"
"Silvânia","Trindade","119,6"
"Silvânia","Trindade","119,6"
"Silvânia","Pirenópolis","123,7"
"Silvânia","Águas Lindas de Goiás","130,1"
"Silvânia","Jaraguá","156,5"
"Silvânia","Catalão","223,4"
"Silvânia","Catalão","223,4"
"Silvânia","Catalão","223,4"
"Silvânia","Catalão","223,4"
"Silvânia","Goiás","224,4"
"Silvânia","Ceres","226,4"
"Silvânia","Ceres","226,4"
"Silvânia","Formosa","226,7"
"Silvânia","São Luís de Montes Belos","232"
"Silvânia","Itumbiara","245,9"
"Silvânia","Itumbiara","245,9"
"Silvânia","Uruaçu","293,2"
"Silvânia","Santa Helena de Goiás","296,4"
"Silvânia","Jataí","421,4"
"Silvânia","Jataí","421,4"
"Simolândia","Formosa","185,2"
"Simolândia","Águas Lindas de Goiás","289,1"
"Simolândia","Luziânia","304,2"
"Simolândia","Uruaçu","343,1"
"Simolândia","Pirenópolis","368,4"
"Simolândia","Anápolis","403,3"
"Simolândia","Jaraguá","405,4"
"Simolândia","Ceres","417,1"
"Simolândia","Ceres","417,1"
"Simolândia","Goiânia","456,5"
"Simolândia","Goiânia","456,5"
"Simolândia","Goiânia","456,5"
"Simolândia","Goiânia","456,5"
"Simolândia","Goiânia","456,5"
"Simolândia","Goiânia","456,5"
"Simolândia","Goiânia","456,5"
"Simolândia","Goiânia","456,5"
"Simolândia","Goiânia","456,5"
"Simolândia","Goiânia","456,5"
"Simolândia","Goiânia","456,5"
"Simolândia","Goiânia","456,5"
"Simolândia","Aparecida de Goiânia","466,1"
"Simolândia","Trindade","476,4"
"Simolândia","Trindade","476,4"
"Simolândia","Goiás","501,4"
"Simolândia","Catalão","519,2"
"Simolândia","Catalão","519,2"
"Simolândia","Catalão","519,2"
"Simolândia","Catalão","519,2"
"Simolândia","São Luís de Montes Belos","560,7"
"Simolândia","Itumbiara","621,3"
"Simolândia","Itumbiara","621,3"
"Simolândia","Santa Helena de Goiás","679,3"
"Simolândia","Jataí","797,3"
"Simolândia","Jataí","797,3"
"São Domingos","Formosa","267,4"
"São Domingos","Uruaçu","332,9"
"São Domingos","Águas Lindas de Goiás","348"
"São Domingos","Luziânia","384,2"
"São Domingos","Pirenópolis","412,7"
"São Domingos","Ceres","425,2"
"São Domingos","Ceres","425,2"
"São Domingos","Jaraguá","431,9"
"São Domingos","Anápolis","452,4"
"São Domingos","Goiânia","513,7"
"São Domingos","Goiânia","513,7"
"São Domingos","Goiânia","513,7"
"São Domingos","Goiânia","513,7"
"São Domingos","Goiânia","513,7"
"São Domingos","Goiânia","513,7"
"São Domingos","Goiânia","513,7"
"São Domingos","Goiânia","513,7"
"São Domingos","Goiânia","513,7"
"São Domingos","Goiânia","513,7"
"São Domingos","Goiânia","513,7"
"São Domingos","Goiânia","513,7"
"São Domingos","Aparecida de Goiânia","526"
"São Domingos","Goiás","527,2"
"São Domingos","Trindade","528,6"
"São Domingos","Trindade","528,6"
"São Domingos","São Luís de Montes Belos","597"
"São Domingos","Catalão","615,3"
"São Domingos","Catalão","615,3"
"São Domingos","Catalão","615,3"
"São Domingos","Catalão","615,3"
"São Domingos","Itumbiara","701,4"
"São Domingos","Itumbiara","701,4"
"São Domingos","Santa Helena de Goiás","734,4"
"São Domingos","Jataí","840,9"
"São Domingos","Jataí","840,9"
"São Francisco de Goiás","Jaraguá","27,5"
"São Francisco de Goiás","Pirenópolis","44,1"
"São Francisco de Goiás","Anápolis","70,5"
"São Francisco de Goiás","Ceres","98,9"
"São Francisco de Goiás","Ceres","98,9"
"São Francisco de Goiás","Trindade","107,3"
"São Francisco de Goiás","Trindade","107,3"
"São Francisco de Goiás","Goiânia","107,4"
"São Francisco de Goiás","Goiânia","107,4"
"São Francisco de Goiás","Goiânia","107,4"
"São Francisco de Goiás","Goiânia","107,4"
"São Francisco de Goiás","Goiânia","107,4"
"São Francisco de Goiás","Goiânia","107,4"
"São Francisco de Goiás","Goiânia","107,4"
"São Francisco de Goiás","Goiânia","107,4"
"São Francisco de Goiás","Goiânia","107,4"
"São Francisco de Goiás","Goiânia","107,4"
"São Francisco de Goiás","Goiânia","107,4"
"São Francisco de Goiás","Goiânia","107,4"
"São Francisco de Goiás","Goiânia","107,4"
"São Francisco de Goiás","Goiânia","107,4"
"São Francisco de Goiás","Goiânia","107,4"
"São Francisco de Goiás","Goiás","119,4"
"São Francisco de Goiás","Aparecida de Goiânia","126,2"
"São Francisco de Goiás","Águas Lindas de Goiás","130,7"
"São Francisco de Goiás","São Luís de Montes Belos","167,3"
"São Francisco de Goiás","Luziânia","178"
"São Francisco de Goiás","Uruaçu","192,4"
"São Francisco de Goiás","Formosa","252,4"
"São Francisco de Goiás","Santa Helena de Goiás","304,1"
"São Francisco de Goiás","Itumbiara","331,4"
"São Francisco de Goiás","Itumbiara","331,4"
"São Francisco de Goiás","Catalão","342,8"
"São Francisco de Goiás","Catalão","342,8"
"São Francisco de Goiás","Catalão","342,8"
"São Francisco de Goiás","Catalão","342,8"
"São Francisco de Goiás","Jataí","408,1"
"São Francisco de Goiás","Jataí","408,1"
"São João d'Aliança","Formosa","120,7"
"São João d'Aliança","Águas Lindas de Goiás","175,9"
"São João d'Aliança","Uruaçu","215,4"
"São João d'Aliança","Luziânia","219,1"
"São João d'Aliança","Pirenópolis","245,9"
"São João d'Aliança","Jaraguá","271,9"
"São João d'Aliança","Ceres","279,5"
"São João d'Aliança","Ceres","279,5"
"São João d'Aliança","Anápolis","284,2"
"São João d'Aliança","Goiânia","346,3"
"São João d'Aliança","Goiânia","346,3"
"São João d'Aliança","Goiânia","346,3"
"São João d'Aliança","Goiânia","346,3"
"São João d'Aliança","Goiânia","346,3"
"São João d'Aliança","Goiânia","346,3"
"São João d'Aliança","Goiânia","346,3"
"São João d'Aliança","Goiânia","346,3"
"São João d'Aliança","Goiânia","346,3"
"São João d'Aliança","Goiânia","346,3"
"São João d'Aliança","Goiânia","346,3"
"São João d'Aliança","Goiânia","346,3"
"São João d'Aliança","Aparecida de Goiânia","358,7"
"São João d'Aliança","Trindade","362,6"
"São João d'Aliança","Trindade","362,6"
"São João d'Aliança","Goiás","374,5"
"São João d'Aliança","São Luís de Montes Belos","431,9"
"São João d'Aliança","Catalão","457,1"
"São João d'Aliança","Catalão","457,1"
"São João d'Aliança","Catalão","457,1"
"São João d'Aliança","Catalão","457,1"
"São João d'Aliança","Itumbiara","530,6"
"São João d'Aliança","Itumbiara","530,6"
"São João d'Aliança","Santa Helena de Goiás","562,3"
"São João d'Aliança","Jataí","672,8"
"São João d'Aliança","Jataí","672,8"
"São João da Paraúna","São Luís de Montes Belos","43"
"São João da Paraúna","Goiás","125,3"
"São João da Paraúna","Trindade","126"
"São João da Paraúna","Trindade","126"
"São João da Paraúna","Santa Helena de Goiás","138,9"
"São João da Paraúna","Goiânia","150,9"
"São João da Paraúna","Goiânia","150,9"
"São João da Paraúna","Goiânia","150,9"
"São João da Paraúna","Goiânia","150,9"
"São João da Paraúna","Goiânia","150,9"
"São João da Paraúna","Goiânia","150,9"
"São João da Paraúna","Goiânia","150,9"
"São João da Paraúna","Goiânia","150,9"
"São João da Paraúna","Goiânia","150,9"
"São João da Paraúna","Goiânia","150,9"
"São João da Paraúna","Goiânia","150,9"
"São João da Paraúna","Goiânia","150,9"
"São João da Paraúna","Aparecida de Goiânia","152,2"
"São João da Paraúna","Anápolis","202,1"
"São João da Paraúna","Jaraguá","202,3"
"São João da Paraúna","Jataí","224,8"
"São João da Paraúna","Jataí","224,8"
"São João da Paraúna","Pirenópolis","231,5"
"São João da Paraúna","Ceres","231,9"
"São João da Paraúna","Ceres","231,9"
"São João da Paraúna","Itumbiara","261,6"
"São João da Paraúna","Itumbiara","261,6"
"São João da Paraúna","Águas Lindas de Goiás","306,5"
"São João da Paraúna","Luziânia","323,3"
"São João da Paraúna","Uruaçu","346,2"
"São João da Paraúna","Catalão","361,9"
"São João da Paraúna","Catalão","361,9"
"São João da Paraúna","Catalão","361,9"
"São João da Paraúna","Catalão","361,9"
"São João da Paraúna","Formosa","421,6"
"São Luiz do Norte","Uruaçu","56,2"
"São Luiz do Norte","Ceres","73"
"São Luiz do Norte","Ceres","73"
"São Luiz do Norte","Jaraguá","126"
"São Luiz do Norte","Pirenópolis","143,9"
"São Luiz do Norte","Goiás","181,5"
"São Luiz do Norte","Águas Lindas de Goiás","185,1"
"São Luiz do Norte","Anápolis","206,6"
"São Luiz do Norte","Goiânia","243,7"
"São Luiz do Norte","Goiânia","243,7"
"São Luiz do Norte","Goiânia","243,7"
"São Luiz do Norte","Goiânia","243,7"
"São Luiz do Norte","Goiânia","243,7"
"São Luiz do Norte","Goiânia","243,7"
"São Luiz do Norte","Goiânia","243,7"
"São Luiz do Norte","Goiânia","243,7"
"São Luiz do Norte","Goiânia","243,7"
"São Luiz do Norte","Goiânia","243,7"
"São Luiz do Norte","Goiânia","243,7"
"São Luiz do Norte","Goiânia","243,7"
"São Luiz do Norte","Trindade","245,9"
"São Luiz do Norte","Trindade","245,9"
"São Luiz do Norte","Luziânia","256,7"
"São Luiz do Norte","São Luís de Montes Belos","259"
"São Luiz do Norte","Aparecida de Goiânia","261,6"
"São Luiz do Norte","Formosa","271,9"
"São Luiz do Norte","Santa Helena de Goiás","418,8"
"São Luiz do Norte","Itumbiara","465,9"
"São Luiz do Norte","Itumbiara","465,9"
"São Luiz do Norte","Catalão","467,3"
"São Luiz do Norte","Catalão","467,3"
"São Luiz do Norte","Catalão","467,3"
"São Luiz do Norte","Catalão","467,3"
"São Luiz do Norte","Jataí","497,4"
"São Luiz do Norte","Jataí","497,4"
"São Luís de Montes Belos","São Luís de Montes Belos","0"
"São Luís de Montes Belos","Goiás","88,8"
"São Luís de Montes Belos","Trindade","120,5"
"São Luís de Montes Belos","Trindade","120,5"
"São Luís de Montes Belos","Goiânia","147"
"São Luís de Montes Belos","Goiânia","147"
"São Luís de Montes Belos","Goiânia","147"
"São Luís de Montes Belos","Goiânia","147"
"São Luís de Montes Belos","Goiânia","147"
"São Luís de Montes Belos","Goiânia","147"
"São Luís de Montes Belos","Goiânia","147"
"São Luís de Montes Belos","Goiânia","147"
"São Luís de Montes Belos","Goiânia","147"
"São Luís de Montes Belos","Goiânia","147"
"São Luís de Montes Belos","Goiânia","147"
"São Luís de Montes Belos","Goiânia","147"
"São Luís de Montes Belos","Aparecida de Goiânia","153"
"São Luís de Montes Belos","Jaraguá","172,2"
"São Luís de Montes Belos","Santa Helena de Goiás","179"
"São Luís de Montes Belos","Anápolis","188,1"
"São Luís de Montes Belos","Ceres","194,8"
"São Luís de Montes Belos","Ceres","194,8"
"São Luís de Montes Belos","Pirenópolis","207,1"
"São Luís de Montes Belos","Jataí","249,6"
"São Luís de Montes Belos","Jataí","249,6"
"São Luís de Montes Belos","Águas Lindas de Goiás","286,6"
"São Luís de Montes Belos","Itumbiara","291,8"
"São Luís de Montes Belos","Itumbiara","291,8"
"São Luís de Montes Belos","Uruaçu","310,1"
"São Luís de Montes Belos","Luziânia","312,2"
"São Luís de Montes Belos","Catalão","379,2"
"São Luís de Montes Belos","Catalão","379,2"
"São Luís de Montes Belos","Catalão","379,2"
"São Luís de Montes Belos","Catalão","379,2"
"São Luís de Montes Belos","Formosa","410,8"
"São Miguel do Araguaia","Porangatu","127"
"São Miguel do Araguaia","Uruaçu","218,4"
"São Miguel do Araguaia","Ceres","280,9"
"São Miguel do Araguaia","Ceres","280,9"
"São Miguel do Araguaia","Jaraguá","347,8"
"São Miguel do Araguaia","Goiás","355"
"São Miguel do Araguaia","Pirenópolis","377,5"
"São Miguel do Araguaia","Águas Lindas de Goiás","411,5"
"São Miguel do Araguaia","São Luís de Montes Belos","427"
"São Miguel do Araguaia","Anápolis","429,3"
"São Miguel do Araguaia","Trindade","451,3"
"São Miguel do Araguaia","Trindade","451,3"
"São Miguel do Araguaia","Goiânia","462,1"
"São Miguel do Araguaia","Goiânia","462,1"
"São Miguel do Araguaia","Goiânia","462,1"
"São Miguel do Araguaia","Goiânia","462,1"
"São Miguel do Araguaia","Goiânia","462,1"
"São Miguel do Araguaia","Goiânia","462,1"
"São Miguel do Araguaia","Goiânia","462,1"
"São Miguel do Araguaia","Goiânia","462,1"
"São Miguel do Araguaia","Goiânia","462,1"
"São Miguel do Araguaia","Goiânia","462,1"
"São Miguel do Araguaia","Goiânia","462,1"
"São Miguel do Araguaia","Goiânia","462,1"
"São Miguel do Araguaia","Formosa","466,3"
"São Miguel do Araguaia","Aparecida de Goiânia","479,7"
"São Miguel do Araguaia","Luziânia","481,3"
"São Miguel do Araguaia","Santa Helena de Goiás","598"
"São Miguel do Araguaia","Jataí","635,4"
"São Miguel do Araguaia","Jataí","635,4"
"São Miguel do Araguaia","Itumbiara","684,4"
"São Miguel do Araguaia","Itumbiara","684,4"
"São Miguel do Araguaia","Catalão","700,4"
"São Miguel do Araguaia","Catalão","700,4"
"São Miguel do Araguaia","Catalão","700,4"
"São Miguel do Araguaia","Catalão","700,4"
"São Miguel do Passa Quatro","Senador Canedo","74,4"
"São Miguel do Passa Quatro","Aparecida de Goiânia","85,9"
"São Miguel do Passa Quatro","Goiânia","96,9"
"São Miguel do Passa Quatro","Goiânia","96,9"
"São Miguel do Passa Quatro","Goiânia","96,9"
"São Miguel do Passa Quatro","Goiânia","96,9"
"São Miguel do Passa Quatro","Goiânia","96,9"
"São Miguel do Passa Quatro","Goiânia","96,9"
"São Miguel do Passa Quatro","Goiânia","96,9"
"São Miguel do Passa Quatro","Goiânia","96,9"
"São Miguel do Passa Quatro","Goiânia","96,9"
"São Miguel do Passa Quatro","Goiânia","96,9"
"São Miguel do Passa Quatro","Goiânia","96,9"
"São Miguel do Passa Quatro","Goiânia","96,9"
"São Miguel do Passa Quatro","Anápolis","110,4"
"São Miguel do Passa Quatro","Trindade","126,1"
"São Miguel do Passa Quatro","Trindade","126,1"
"São Miguel do Passa Quatro","Luziânia","144,3"
"São Miguel do Passa Quatro","Pirenópolis","169,6"
"São Miguel do Passa Quatro","Catalão","178,1"
"São Miguel do Passa Quatro","Catalão","178,1"
"São Miguel do Passa Quatro","Catalão","178,1"
"São Miguel do Passa Quatro","Catalão","178,1"
"São Miguel do Passa Quatro","Águas Lindas de Goiás","184,3"
"São Miguel do Passa Quatro","Itumbiara","198,4"
"São Miguel do Passa Quatro","Itumbiara","198,4"
"São Miguel do Passa Quatro","Jaraguá","199,1"
"São Miguel do Passa Quatro","São Luís de Montes Belos","235,7"
"São Miguel do Passa Quatro","Goiás","241,4"
"São Miguel do Passa Quatro","Ceres","262,9"
"São Miguel do Passa Quatro","Ceres","262,9"
"São Miguel do Passa Quatro","Formosa","264,2"
"São Miguel do Passa Quatro","Santa Helena de Goiás","266,2"
"São Miguel do Passa Quatro","Uruaçu","343,7"
"São Miguel do Passa Quatro","Jataí","404,4"
"São Miguel do Passa Quatro","Jataí","404,4"
"São Patrício","Ceres","31,5"
"São Patrício","Ceres","31,5"
"São Patrício","Jaraguá","87"
"São Patrício","Goiás","93,3"
"São Patrício","Pirenópolis","132,3"
"São Patrício","Uruaçu","144,3"
"São Patrício","Anápolis","175,6"
"São Patrício","São Luís de Montes Belos","176"
"São Patrício","Trindade","183,1"
"São Patrício","Trindade","183,1"
"São Patrício","Goiânia","196,8"
"São Patrício","Goiânia","196,8"
"São Patrício","Goiânia","196,8"
"São Patrício","Goiânia","196,8"
"São Patrício","Goiânia","196,8"
"São Patrício","Goiânia","196,8"
"São Patrício","Goiânia","196,8"
"São Patrício","Goiânia","196,8"
"São Patrício","Goiânia","196,8"
"São Patrício","Goiânia","196,8"
"São Patrício","Goiânia","196,8"
"São Patrício","Goiânia","196,8"
"São Patrício","Águas Lindas de Goiás","210,1"
"São Patrício","Aparecida de Goiânia","214,6"
"São Patrício","Luziânia","268,4"
"São Patrício","Formosa","320"
"São Patrício","Santa Helena de Goiás","343,2"
"São Patrício","Itumbiara","415,4"
"São Patrício","Itumbiara","415,4"
"São Patrício","Jataí","415,9"
"São Patrício","Jataí","415,9"
"São Patrício","Catalão","438"
"São Patrício","Catalão","438"
"São Patrício","Catalão","438"
"São Patrício","Catalão","438"
"São Simão","Santa Helena de Goiás","162,1"
"São Simão","Rio Verde","176"
"São Simão","Rio Verde","176"
"São Simão","Itumbiara","190,2"
"São Simão","Itumbiara","190,2"
"São Simão","Jataí","215,7"
"São Simão","Jataí","215,7"
"São Simão","São Luís de Montes Belos","331"
"São Simão","Aparecida de Goiânia","334"
"São Simão","Trindade","340,3"
"São Simão","Trindade","340,3"
"São Simão","Catalão","347,4"
"São Simão","Catalão","347,4"
"São Simão","Catalão","347,4"
"São Simão","Catalão","347,4"
"São Simão","Goiânia","348,6"
"São Simão","Goiânia","348,6"
"São Simão","Goiânia","348,6"
"São Simão","Goiânia","348,6"
"São Simão","Goiânia","348,6"
"São Simão","Goiânia","348,6"
"São Simão","Goiânia","348,6"
"São Simão","Goiânia","348,6"
"São Simão","Goiânia","348,6"
"São Simão","Goiânia","348,6"
"São Simão","Goiânia","348,6"
"São Simão","Goiânia","348,6"
"São Simão","Anápolis","409,7"
"São Simão","Goiás","412"
"São Simão","Jaraguá","451,8"
"São Simão","Pirenópolis","458,1"
"São Simão","Luziânia","484,7"
"São Simão","Ceres","498,5"
"São Simão","Ceres","498,5"
"São Simão","Águas Lindas de Goiás","510,5"
"São Simão","Formosa","606"
"São Simão","Uruaçu","612,9"
"Sítio d'Abadia","Formosa","175,6"
"Sítio d'Abadia","Águas Lindas de Goiás","291,2"
"Sítio d'Abadia","Luziânia","292,2"
"Sítio d'Abadia","Uruaçu","374,8"
"Sítio d'Abadia","Pirenópolis","375,6"
"Sítio d'Abadia","Anápolis","402,8"
"Sítio d'Abadia","Jaraguá","416,9"
"Sítio d'Abadia","Ceres","429,5"
"Sítio d'Abadia","Ceres","429,5"
"Sítio d'Abadia","Goiânia","454,1"
"Sítio d'Abadia","Goiânia","454,1"
"Sítio d'Abadia","Goiânia","454,1"
"Sítio d'Abadia","Goiânia","454,1"
"Sítio d'Abadia","Goiânia","454,1"
"Sítio d'Abadia","Goiânia","454,1"
"Sítio d'Abadia","Goiânia","454,1"
"Sítio d'Abadia","Goiânia","454,1"
"Sítio d'Abadia","Goiânia","454,1"
"Sítio d'Abadia","Goiânia","454,1"
"Sítio d'Abadia","Goiânia","454,1"
"Sítio d'Abadia","Goiânia","454,1"
"Sítio d'Abadia","Aparecida de Goiânia","461,9"
"Sítio d'Abadia","Trindade","476,1"
"Sítio d'Abadia","Trindade","476,1"
"Sítio d'Abadia","Catalão","490,4"
"Sítio d'Abadia","Catalão","490,4"
"Sítio d'Abadia","Catalão","490,4"
"Sítio d'Abadia","Catalão","490,4"
"Sítio d'Abadia","Goiás","514,1"
"Sítio d'Abadia","São Luís de Montes Belos","567,7"
"Sítio d'Abadia","Itumbiara","602,7"
"Sítio d'Abadia","Itumbiara","602,7"
"Sítio d'Abadia","Santa Helena de Goiás","675,2"
"Sítio d'Abadia","Jataí","798,4"
"Sítio d'Abadia","Jataí","798,4"
"Taquaral de Goiás","Jaraguá","58,1"
"Taquaral de Goiás","Goiás","74,7"
"Taquaral de Goiás","Trindade","86"
"Taquaral de Goiás","Trindade","86"
"Taquaral de Goiás","Pirenópolis","92,2"
"Taquaral de Goiás","Anápolis","96,5"
"Taquaral de Goiás","Goiânia","100,7"
"Taquaral de Goiás","Goiânia","100,7"
"Taquaral de Goiás","Goiânia","100,7"
"Taquaral de Goiás","Goiânia","100,7"
"Taquaral de Goiás","Goiânia","100,7"
"Taquaral de Goiás","Goiânia","100,7"
"Taquaral de Goiás","Goiânia","100,7"
"Taquaral de Goiás","Goiânia","100,7"
"Taquaral de Goiás","Goiânia","100,7"
"Taquaral de Goiás","Goiânia","100,7"
"Taquaral de Goiás","Goiânia","100,7"
"Taquaral de Goiás","Goiânia","100,7"
"Taquaral de Goiás","Goiânia","100,7"
"Taquaral de Goiás","Goiânia","100,7"
"Taquaral de Goiás","Goiânia","100,7"
"Taquaral de Goiás","Ceres","105,4"
"Taquaral de Goiás","Ceres","105,4"
"Taquaral de Goiás","Aparecida de Goiânia","118,7"
"Taquaral de Goiás","São Luís de Montes Belos","123,4"
"Taquaral de Goiás","Águas Lindas de Goiás","178,3"
"Taquaral de Goiás","Uruaçu","217,8"
"Taquaral de Goiás","Luziânia","219,1"
"Taquaral de Goiás","Santa Helena de Goiás","266,9"
"Taquaral de Goiás","Formosa","298,9"
"Taquaral de Goiás","Itumbiara","318,4"
"Taquaral de Goiás","Itumbiara","318,4"
"Taquaral de Goiás","Catalão","352,6"
"Taquaral de Goiás","Catalão","352,6"
"Taquaral de Goiás","Catalão","352,6"
"Taquaral de Goiás","Catalão","352,6"
"Taquaral de Goiás","Jataí","363,8"
"Taquaral de Goiás","Jataí","363,8"
"Teresina de Goiás","Formosa","240,8"
"Teresina de Goiás","Uruaçu","262"
"Teresina de Goiás","Águas Lindas de Goiás","295,1"
"Teresina de Goiás","Luziânia","341,5"
"Teresina de Goiás","Pirenópolis","352,1"
"Teresina de Goiás","Ceres","363,8"
"Teresina de Goiás","Ceres","363,8"
"Teresina de Goiás","Jaraguá","374,9"
"Teresina de Goiás","Anápolis","403,6"
"Teresina de Goiás","Goiânia","457,6"
"Teresina de Goiás","Goiânia","457,6"
"Teresina de Goiás","Goiânia","457,6"
"Teresina de Goiás","Goiânia","457,6"
"Teresina de Goiás","Goiânia","457,6"
"Teresina de Goiás","Goiânia","457,6"
"Teresina de Goiás","Goiânia","457,6"
"Teresina de Goiás","Goiânia","457,6"
"Teresina de Goiás","Goiânia","457,6"
"Teresina de Goiás","Goiânia","457,6"
"Teresina de Goiás","Goiânia","457,6"
"Teresina de Goiás","Goiânia","457,6"
"Teresina de Goiás","Goiás","461,1"
"Teresina de Goiás","Trindade","470,6"
"Teresina de Goiás","Trindade","470,6"
"Teresina de Goiás","Aparecida de Goiânia","471,1"
"Teresina de Goiás","São Luís de Montes Belos","533"
"Teresina de Goiás","Catalão","581,7"
"Teresina de Goiás","Catalão","581,7"
"Teresina de Goiás","Catalão","581,7"
"Teresina de Goiás","Catalão","581,7"
"Teresina de Goiás","Itumbiara","655,3"
"Teresina de Goiás","Itumbiara","655,3"
"Teresina de Goiás","Santa Helena de Goiás","675,8"
"Teresina de Goiás","Jataí","778"
"Teresina de Goiás","Jataí","778"
"Terezópolis de Goiás","Anápolis","26,8"
"Terezópolis de Goiás","Anápolis","26,8"
"Terezópolis de Goiás","Anápolis","26,8"
"Terezópolis de Goiás","Goiânia","50,2"
"Terezópolis de Goiás","Goiânia","50,2"
"Terezópolis de Goiás","Goiânia","50,2"
"Terezópolis de Goiás","Goiânia","50,2"
"Terezópolis de Goiás","Goiânia","50,2"
"Terezópolis de Goiás","Goiânia","50,2"
"Terezópolis de Goiás","Goiânia","50,2"
"Terezópolis de Goiás","Goiânia","50,2"
"Terezópolis de Goiás","Goiânia","50,2"
"Terezópolis de Goiás","Goiânia","50,2"
"Terezópolis de Goiás","Goiânia","50,2"
"Terezópolis de Goiás","Goiânia","50,2"
"Terezópolis de Goiás","Aparecida de Goiânia","64,1"
"Terezópolis de Goiás","Trindade","66,7"
"Terezópolis de Goiás","Trindade","66,7"
"Terezópolis de Goiás","Pirenópolis","78,5"
"Terezópolis de Goiás","Jaraguá","97"
"Terezópolis de Goiás","Águas Lindas de Goiás","136"
"Terezópolis de Goiás","Luziânia","149,6"
"Terezópolis de Goiás","Goiás","152,9"
"Terezópolis de Goiás","Ceres","163,8"
"Terezópolis de Goiás","Ceres","163,8"
"Terezópolis de Goiás","São Luís de Montes Belos","170,5"
"Terezópolis de Goiás","Uruaçu","249,7"
"Terezópolis de Goiás","Formosa","250,9"
"Terezópolis de Goiás","Itumbiara","269,4"
"Terezópolis de Goiás","Itumbiara","269,4"
"Terezópolis de Goiás","Santa Helena de Goiás","270,6"
"Terezópolis de Goiás","Catalão","277,1"
"Terezópolis de Goiás","Catalão","277,1"
"Terezópolis de Goiás","Catalão","277,1"
"Terezópolis de Goiás","Catalão","277,1"
"Terezópolis de Goiás","Jataí","390,6"
"Terezópolis de Goiás","Jataí","390,6"
"Trindade","Trindade","0"
"Trindade","Trindade","0"
"Trindade","Goiânia","32,5"
"Trindade","Goiânia","32,5"
"Trindade","Goiânia","32,5"
"Trindade","Goiânia","32,5"
"Trindade","Goiânia","32,5"
"Trindade","Goiânia","32,5"
"Trindade","Goiânia","32,5"
"Trindade","Goiânia","32,5"
"Trindade","Goiânia","32,5"
"Trindade","Goiânia","32,5"
"Trindade","Goiânia","32,5"
"Trindade","Goiânia","32,5"
"Trindade","Goiânia","32,5"
"Trindade","Goiânia","32,5"
"Trindade","Goiânia","32,5"
"Trindade","Aparecida de Goiânia","42,5"
"Trindade","Anápolis","86,2"
"Trindade","São Luís de Montes Belos","120,5"
"Trindade","Jaraguá","124,7"
"Trindade","Goiás","129,9"
"Trindade","Pirenópolis","130,1"
"Trindade","Ceres","184,6"
"Trindade","Ceres","184,6"
"Trindade","Águas Lindas de Goiás","200,2"
"Trindade","Luziânia","209,6"
"Trindade","Santa Helena de Goiás","214,5"
"Trindade","Itumbiara","243"
"Trindade","Itumbiara","243"
"Trindade","Catalão","282,2"
"Trindade","Catalão","282,2"
"Trindade","Catalão","282,2"
"Trindade","Catalão","282,2"
"Trindade","Uruaçu","287,5"
"Trindade","Formosa","313,7"
"Trindade","Jataí","327,7"
"Trindade","Jataí","327,7"
"Trombas","Porangatu","65,3"
"Trombas","Uruaçu","148,6"
"Trombas","Ceres","264,4"
"Trombas","Ceres","264,4"
"Trombas","Águas Lindas de Goiás","306,6"
"Trombas","Jaraguá","309,1"
"Trombas","Pirenópolis","313,8"
"Trombas","Formosa","326,3"
"Trombas","Goiás","370,6"
"Trombas","Anápolis","377,3"
"Trombas","Luziânia","380,3"
"Trombas","Goiânia","422,3"
"Trombas","Goiânia","422,3"
"Trombas","Goiânia","422,3"
"Trombas","Goiânia","422,3"
"Trombas","Goiânia","422,3"
"Trombas","Goiânia","422,3"
"Trombas","Goiânia","422,3"
"Trombas","Goiânia","422,3"
"Trombas","Goiânia","422,3"
"Trombas","Goiânia","422,3"
"Trombas","Goiânia","422,3"
"Trombas","Goiânia","422,3"
"Trombas","Trindade","423,4"
"Trombas","Trindade","423,4"
"Trombas","Aparecida de Goiânia","439,2"
"Trombas","São Luís de Montes Belos","446,2"
"Trombas","Santa Helena de Goiás","611,4"
"Trombas","Catalão","619,4"
"Trombas","Catalão","619,4"
"Trombas","Catalão","619,4"
"Trombas","Catalão","619,4"
"Trombas","Itumbiara","645,9"
"Trombas","Itumbiara","645,9"
"Trombas","Jataí","685,8"
"Trombas","Jataí","685,8"
"Três Ranchos","Catalão","36,2"
"Três Ranchos","Catalão","36,2"
"Três Ranchos","Catalão","36,2"
"Três Ranchos","Catalão","36,2"
"Três Ranchos","Caldas Novas","150"
"Três Ranchos","Itumbiara","187,1"
"Três Ranchos","Itumbiara","187,1"
"Três Ranchos","Aparecida de Goiânia","277,3"
"Três Ranchos","Luziânia","281,2"
"Três Ranchos","Goiânia","292,2"
"Três Ranchos","Goiânia","292,2"
"Três Ranchos","Goiânia","292,2"
"Três Ranchos","Goiânia","292,2"
"Três Ranchos","Goiânia","292,2"
"Três Ranchos","Goiânia","292,2"
"Três Ranchos","Goiânia","292,2"
"Três Ranchos","Goiânia","292,2"
"Três Ranchos","Goiânia","292,2"
"Três Ranchos","Goiânia","292,2"
"Três Ranchos","Goiânia","292,2"
"Três Ranchos","Goiânia","292,2"
"Três Ranchos","Anápolis","309,1"
"Três Ranchos","Trindade","315,1"
"Três Ranchos","Trindade","315,1"
"Três Ranchos","Águas Lindas de Goiás","351,8"
"Três Ranchos","Santa Helena de Goiás","365,2"
"Três Ranchos","Pirenópolis","366,5"
"Três Ranchos","Formosa","379,7"
"Três Ranchos","Jaraguá","400"
"Três Ranchos","São Luís de Montes Belos","411,1"
"Três Ranchos","Goiás","434,4"
"Três Ranchos","Ceres","460,9"
"Três Ranchos","Ceres","460,9"
"Três Ranchos","Jataí","495,8"
"Três Ranchos","Jataí","495,8"
"Três Ranchos","Uruaçu","531"
"Turvelândia","Santa Helena de Goiás","41,7"
"Turvelândia","Rio Verde","75,8"
"Turvelândia","Rio Verde","75,8"
"Turvelândia","Itumbiara","160,6"
"Turvelândia","Itumbiara","160,6"
"Turvelândia","São Luís de Montes Belos","182"
"Turvelândia","Jataí","184,6"
"Turvelândia","Jataí","184,6"
"Turvelândia","Trindade","195,1"
"Turvelândia","Trindade","195,1"
"Turvelândia","Aparecida de Goiânia","197"
"Turvelândia","Goiânia","209,1"
"Turvelândia","Goiânia","209,1"
"Turvelândia","Goiânia","209,1"
"Turvelândia","Goiânia","209,1"
"Turvelândia","Goiânia","209,1"
"Turvelândia","Goiânia","209,1"
"Turvelândia","Goiânia","209,1"
"Turvelândia","Goiânia","209,1"
"Turvelândia","Goiânia","209,1"
"Turvelândia","Goiânia","209,1"
"Turvelândia","Goiânia","209,1"
"Turvelândia","Goiânia","209,1"
"Turvelândia","Goiás","256,6"
"Turvelândia","Anápolis","266,2"
"Turvelândia","Catalão","302,2"
"Turvelândia","Catalão","302,2"
"Turvelândia","Catalão","302,2"
"Turvelândia","Catalão","302,2"
"Turvelândia","Jaraguá","306"
"Turvelândia","Pirenópolis","317,3"
"Turvelândia","Ceres","351,1"
"Turvelândia","Ceres","351,1"
"Turvelândia","Luziânia","368"
"Turvelândia","Águas Lindas de Goiás","379,8"
"Turvelândia","Uruaçu","460,4"
"Turvelândia","Formosa","480,4"
"Turvânia","São Luís de Montes Belos","35,8"
"Turvânia","Trindade","87,4"
"Turvânia","Trindade","87,4"
"Turvânia","Goiás","95,9"
"Turvânia","Goiânia","118,5"
"Turvânia","Goiânia","118,5"
"Turvânia","Goiânia","118,5"
"Turvânia","Goiânia","118,5"
"Turvânia","Goiânia","118,5"
"Turvânia","Goiânia","118,5"
"Turvânia","Goiânia","118,5"
"Turvânia","Goiânia","118,5"
"Turvânia","Goiânia","118,5"
"Turvânia","Goiânia","118,5"
"Turvânia","Goiânia","118,5"
"Turvânia","Goiânia","118,5"
"Turvânia","Aparecida de Goiânia","123,8"
"Turvânia","Jaraguá","157,9"
"Turvânia","Anápolis","160"
"Turvânia","Santa Helena de Goiás","174,7"
"Turvânia","Pirenópolis","186,6"
"Turvânia","Ceres","192,1"
"Turvânia","Ceres","192,1"
"Turvânia","Jataí","263,2"
"Turvânia","Jataí","263,2"
"Turvânia","Águas Lindas de Goiás","263,4"
"Turvânia","Itumbiara","266,9"
"Turvânia","Itumbiara","266,9"
"Turvânia","Luziânia","283,9"
"Turvânia","Uruaçu","306,7"
"Turvânia","Catalão","347,8"
"Turvânia","Catalão","347,8"
"Turvânia","Catalão","347,8"
"Turvânia","Catalão","347,8"
"Turvânia","Formosa","386,4"
"Uirapuru","Uruaçu","112"
"Uirapuru","Ceres","146,1"
"Uirapuru","Ceres","146,1"
"Uirapuru","Jaraguá","215,4"
"Uirapuru","Goiás","227,5"
"Uirapuru","Pirenópolis","243,1"
"Uirapuru","Águas Lindas de Goiás","289"
"Uirapuru","Anápolis","299,9"
"Uirapuru","São Luís de Montes Belos","304,2"
"Uirapuru","Trindade","320,8"
"Uirapuru","Trindade","320,8"
"Uirapuru","Goiânia","331,6"
"Uirapuru","Goiânia","331,6"
"Uirapuru","Goiânia","331,6"
"Uirapuru","Goiânia","331,6"
"Uirapuru","Goiânia","331,6"
"Uirapuru","Goiânia","331,6"
"Uirapuru","Goiânia","331,6"
"Uirapuru","Goiânia","331,6"
"Uirapuru","Goiânia","331,6"
"Uirapuru","Goiânia","331,6"
"Uirapuru","Goiânia","331,6"
"Uirapuru","Goiânia","331,6"
"Uirapuru","Aparecida de Goiânia","349,3"
"Uirapuru","Luziânia","365,2"
"Uirapuru","Formosa","372,8"
"Uirapuru","Santa Helena de Goiás","470,7"
"Uirapuru","Jataí","523,4"
"Uirapuru","Jataí","523,4"
"Uirapuru","Itumbiara","548,6"
"Uirapuru","Itumbiara","548,6"
"Uirapuru","Catalão","566,9"
"Uirapuru","Catalão","566,9"
"Uirapuru","Catalão","566,9"
"Uirapuru","Catalão","566,9"
"Uruana","Ceres","30,9"
"Uruana","Ceres","30,9"
"Uruana","Jaraguá","62"
"Uruana","Goiás","87"
"Uruana","Pirenópolis","110,7"
"Uruana","Anápolis","148,8"
"Uruana","Uruaçu","151,7"
"Uruana","Trindade","159,7"
"Uruana","Trindade","159,7"
"Uruana","São Luís de Montes Belos","166,4"
"Uruana","Goiânia","171,6"
"Uruana","Goiânia","171,6"
"Uruana","Goiânia","171,6"
"Uruana","Goiânia","171,6"
"Uruana","Goiânia","171,6"
"Uruana","Goiânia","171,6"
"Uruana","Goiânia","171,6"
"Uruana","Goiânia","171,6"
"Uruana","Goiânia","171,6"
"Uruana","Goiânia","171,6"
"Uruana","Goiânia","171,6"
"Uruana","Goiânia","171,6"
"Uruana","Águas Lindas de Goiás","188,4"
"Uruana","Aparecida de Goiânia","189,5"
"Uruana","Luziânia","244,4"
"Uruana","Formosa","302"
"Uruana","Santa Helena de Goiás","329,8"
"Uruana","Itumbiara","392,9"
"Uruana","Itumbiara","392,9"
"Uruana","Jataí","410,3"
"Uruana","Jataí","410,3"
"Uruana","Catalão","419,6"
"Uruana","Catalão","419,6"
"Uruana","Catalão","419,6"
"Uruana","Catalão","419,6"
"Uruaçu","Uruaçu","0"
"Uruaçu","Ceres","123,1"
"Uruaçu","Ceres","123,1"
"Uruaçu","Jaraguá","170,1"
"Uruaçu","Pirenópolis","183"
"Uruaçu","Águas Lindas de Goiás","203,7"
"Uruaçu","Goiás","233,7"
"Uruaçu","Anápolis","241,9"
"Uruaçu","Formosa","268,9"
"Uruaçu","Luziânia","276,8"
"Uruaçu","Trindade","287,5"
"Uruaçu","Trindade","287,5"
"Uruaçu","Goiânia","289"
"Uruaçu","Goiânia","289"
"Uruaçu","Goiânia","289"
"Uruaçu","Goiânia","289"
"Uruaçu","Goiânia","289"
"Uruaçu","Goiânia","289"
"Uruaçu","Goiânia","289"
"Uruaçu","Goiânia","289"
"Uruaçu","Goiânia","289"
"Uruaçu","Goiânia","289"
"Uruaçu","Goiânia","289"
"Uruaçu","Goiânia","289"
"Uruaçu","Aparecida de Goiânia","306,7"
"Uruaçu","São Luís de Montes Belos","310,1"
"Uruaçu","Santa Helena de Goiás","468,8"
"Uruaçu","Catalão","501"
"Uruaçu","Catalão","501"
"Uruaçu","Catalão","501"
"Uruaçu","Catalão","501"
"Uruaçu","Itumbiara","509,9"
"Uruaçu","Itumbiara","509,9"
"Uruaçu","Jataí","547,2"
"Uruaçu","Jataí","547,2"
"Urutaí","Caldas Novas","86,6"
"Urutaí","Catalão","104,8"
"Urutaí","Catalão","104,8"
"Urutaí","Catalão","104,8"
"Urutaí","Catalão","104,8"
"Urutaí","Aparecida de Goiânia","162,6"
"Urutaí","Luziânia","169"
"Urutaí","Goiânia","175"
"Urutaí","Goiânia","175"
"Urutaí","Goiânia","175"
"Urutaí","Goiânia","175"
"Urutaí","Goiânia","175"
"Urutaí","Goiânia","175"
"Urutaí","Goiânia","175"
"Urutaí","Goiânia","175"
"Urutaí","Goiânia","175"
"Urutaí","Goiânia","175"
"Urutaí","Goiânia","175"
"Urutaí","Goiânia","175"
"Urutaí","Anápolis","184"
"Urutaí","Itumbiara","184,6"
"Urutaí","Itumbiara","184,6"
"Urutaí","Trindade","202,2"
"Urutaí","Trindade","202,2"
"Urutaí","Águas Lindas de Goiás","233,2"
"Urutaí","Pirenópolis","242,1"
"Urutaí","Jaraguá","270,5"
"Urutaí","Formosa","279,7"
"Urutaí","São Luís de Montes Belos","304,3"
"Urutaí","Santa Helena de Goiás","308,2"
"Urutaí","Goiás","321,1"
"Urutaí","Ceres","339,1"
"Urutaí","Ceres","339,1"
"Urutaí","Uruaçu","410,5"
"Urutaí","Jataí","443,2"
"Urutaí","Jataí","443,2"
"Valparaíso de Goiás","Luziânia","27,9"
"Valparaíso de Goiás","Águas Lindas de Goiás","62"
"Valparaíso de Goiás","Formosa","114,2"
"Valparaíso de Goiás","Pirenópolis","132,5"
"Valparaíso de Goiás","Anápolis","133,3"
"Valparaíso de Goiás","Jaraguá","183,8"
"Valparaíso de Goiás","Goiânia","189,3"
"Valparaíso de Goiás","Goiânia","189,3"
"Valparaíso de Goiás","Goiânia","189,3"
"Valparaíso de Goiás","Goiânia","189,3"
"Valparaíso de Goiás","Goiânia","189,3"
"Valparaíso de Goiás","Goiânia","189,3"
"Valparaíso de Goiás","Goiânia","189,3"
"Valparaíso de Goiás","Goiânia","189,3"
"Valparaíso de Goiás","Goiânia","189,3"
"Valparaíso de Goiás","Goiânia","189,3"
"Valparaíso de Goiás","Goiânia","189,3"
"Valparaíso de Goiás","Goiânia","189,3"
"Valparaíso de Goiás","Aparecida de Goiânia","196,1"
"Valparaíso de Goiás","Trindade","214,6"
"Valparaíso de Goiás","Trindade","214,6"
"Valparaíso de Goiás","Ceres","237,8"
"Valparaíso de Goiás","Ceres","237,8"
"Valparaíso de Goiás","Uruaçu","254,4"
"Valparaíso de Goiás","Goiás","278,2"
"Valparaíso de Goiás","Catalão","280,3"
"Valparaíso de Goiás","Catalão","280,3"
"Valparaíso de Goiás","Catalão","280,3"
"Valparaíso de Goiás","Catalão","280,3"
"Valparaíso de Goiás","São Luís de Montes Belos","313"
"Valparaíso de Goiás","Itumbiara","350,4"
"Valparaíso de Goiás","Itumbiara","350,4"
"Valparaíso de Goiás","Santa Helena de Goiás","407,8"
"Valparaíso de Goiás","Jataí","526,8"
"Valparaíso de Goiás","Jataí","526,8"
"Varjão","Trindade","61,2"
"Varjão","Trindade","61,2"
"Varjão","Aparecida de Goiânia","63,5"
"Varjão","Goiânia","71,1"
"Varjão","Goiânia","71,1"
"Varjão","Goiânia","71,1"
"Varjão","Goiânia","71,1"
"Varjão","Goiânia","71,1"
"Varjão","Goiânia","71,1"
"Varjão","Goiânia","71,1"
"Varjão","Goiânia","71,1"
"Varjão","Goiânia","71,1"
"Varjão","Goiânia","71,1"
"Varjão","Goiânia","71,1"
"Varjão","Goiânia","71,1"
"Varjão","Senador Canedo","91,8"
"Varjão","São Luís de Montes Belos","124,7"
"Varjão","Anápolis","132,5"
"Varjão","Santa Helena de Goiás","163,8"
"Varjão","Goiás","166,3"
"Varjão","Jaraguá","181,2"
"Varjão","Pirenópolis","185,9"
"Varjão","Itumbiara","194"
"Varjão","Itumbiara","194"
"Varjão","Ceres","238,1"
"Varjão","Ceres","238,1"
"Varjão","Águas Lindas de Goiás","243,5"
"Varjão","Luziânia","245,6"
"Varjão","Catalão","261,4"
"Varjão","Catalão","261,4"
"Varjão","Catalão","261,4"
"Varjão","Catalão","261,4"
"Varjão","Jataí","288,1"
"Varjão","Jataí","288,1"
"Varjão","Uruaçu","342,6"
"Varjão","Formosa","356"
"Vianópolis","Anápolis","83,1"
"Vianópolis","Senador Canedo","86,6"
"Vianópolis","Aparecida de Goiânia","99,4"
"Vianópolis","Goiânia","101,5"
"Vianópolis","Goiânia","101,5"
"Vianópolis","Goiânia","101,5"
"Vianópolis","Goiânia","101,5"
"Vianópolis","Goiânia","101,5"
"Vianópolis","Goiânia","101,5"
"Vianópolis","Goiânia","101,5"
"Vianópolis","Goiânia","101,5"
"Vianópolis","Goiânia","101,5"
"Vianópolis","Goiânia","101,5"
"Vianópolis","Goiânia","101,5"
"Vianópolis","Goiânia","101,5"
"Vianópolis","Luziânia","103"
"Vianópolis","Trindade","128,5"
"Vianópolis","Trindade","128,5"
"Vianópolis","Pirenópolis","134,8"
"Vianópolis","Águas Lindas de Goiás","137,4"
"Vianópolis","Jaraguá","172,6"
"Vianópolis","Catalão","208,7"
"Vianópolis","Catalão","208,7"
"Vianópolis","Catalão","208,7"
"Vianópolis","Catalão","208,7"
"Vianópolis","Formosa","225,7"
"Vianópolis","Goiás","240,1"
"Vianópolis","Ceres","242,4"
"Vianópolis","Ceres","242,4"
"Vianópolis","São Luís de Montes Belos","245,1"
"Vianópolis","Itumbiara","245,8"
"Vianópolis","Itumbiara","245,8"
"Vianópolis","Santa Helena de Goiás","301,3"
"Vianópolis","Uruaçu","306,5"
"Vianópolis","Jataí","428,2"
"Vianópolis","Jataí","428,2"
"Vicentinópolis","Santa Helena de Goiás","107,2"
"Vicentinópolis","Itumbiara","124,1"
"Vicentinópolis","Itumbiara","124,1"
"Vicentinópolis","Aparecida de Goiânia","144,5"
"Vicentinópolis","Trindade","153,3"
"Vicentinópolis","Trindade","153,3"
"Vicentinópolis","Goiânia","159,5"
"Vicentinópolis","Goiânia","159,5"
"Vicentinópolis","Goiânia","159,5"
"Vicentinópolis","Goiânia","159,5"
"Vicentinópolis","Goiânia","159,5"
"Vicentinópolis","Goiânia","159,5"
"Vicentinópolis","Goiânia","159,5"
"Vicentinópolis","Goiânia","159,5"
"Vicentinópolis","Goiânia","159,5"
"Vicentinópolis","Goiânia","159,5"
"Vicentinópolis","Goiânia","159,5"
"Vicentinópolis","Goiânia","159,5"
"Vicentinópolis","São Luís de Montes Belos","181,5"
"Vicentinópolis","Senador Canedo","182"
"Vicentinópolis","Anápolis","222"
"Vicentinópolis","Catalão","243,1"
"Vicentinópolis","Catalão","243,1"
"Vicentinópolis","Catalão","243,1"
"Vicentinópolis","Catalão","243,1"
"Vicentinópolis","Goiás","243,8"
"Vicentinópolis","Jataí","244,2"
"Vicentinópolis","Jataí","244,2"
"Vicentinópolis","Jaraguá","270,8"
"Vicentinópolis","Pirenópolis","273,4"
"Vicentinópolis","Luziânia","308,2"
"Vicentinópolis","Ceres","324,8"
"Vicentinópolis","Ceres","324,8"
"Vicentinópolis","Águas Lindas de Goiás","327,1"
"Vicentinópolis","Formosa","423"
"Vicentinópolis","Uruaçu","429,3"
"Vila Boa","Formosa","80,8"
"Vila Boa","Águas Lindas de Goiás","189,9"
"Vila Boa","Luziânia","203,9"
"Vila Boa","Pirenópolis","268,1"
"Vila Boa","Uruaçu","277,9"
"Vila Boa","Anápolis","298,7"
"Vila Boa","Jaraguá","308,6"
"Vila Boa","Ceres","330,1"
"Vila Boa","Ceres","330,1"
"Vila Boa","Goiânia","359,2"
"Vila Boa","Goiânia","359,2"
"Vila Boa","Goiânia","359,2"
"Vila Boa","Goiânia","359,2"
"Vila Boa","Goiânia","359,2"
"Vila Boa","Goiânia","359,2"
"Vila Boa","Goiânia","359,2"
"Vila Boa","Goiânia","359,2"
"Vila Boa","Goiânia","359,2"
"Vila Boa","Goiânia","359,2"
"Vila Boa","Goiânia","359,2"
"Vila Boa","Goiânia","359,2"
"Vila Boa","Aparecida de Goiânia","368,5"
"Vila Boa","Trindade","380"
"Vila Boa","Trindade","380"
"Vila Boa","Goiás","414,6"
"Vila Boa","Catalão","425,4"
"Vila Boa","Catalão","425,4"
"Vila Boa","Catalão","425,4"
"Vila Boa","Catalão","425,4"
"Vila Boa","São Luís de Montes Belos","462,2"
"Vila Boa","Itumbiara","519,1"
"Vila Boa","Itumbiara","519,1"
"Vila Boa","Santa Helena de Goiás","575,7"
"Vila Boa","Jataí","695,6"
"Vila Boa","Jataí","695,6"
"Vila Propício","Pirenópolis","59,1"
"Vila Propício","Jaraguá","74,7"
"Vila Propício","Águas Lindas de Goiás","92,5"
"Vila Propício","Ceres","99,9"
"Vila Propício","Ceres","99,9"
"Vila Propício","Anápolis","123,8"
"Vila Propício","Uruaçu","131,7"
"Vila Propício","Luziânia","164,2"
"Vila Propício","Goiânia","175,9"
"Vila Propício","Goiânia","175,9"
"Vila Propício","Goiânia","175,9"
"Vila Propício","Goiânia","175,9"
"Vila Propício","Goiânia","175,9"
"Vila Propício","Goiânia","175,9"
"Vila Propício","Goiânia","175,9"
"Vila Propício","Goiânia","175,9"
"Vila Propício","Goiânia","175,9"
"Vila Propício","Goiânia","175,9"
"Vila Propício","Goiânia","175,9"
"Vila Propício","Goiânia","175,9"
"Vila Propício","Goiás","178,1"
"Vila Propício","Trindade","182,4"
"Vila Propício","Trindade","182,4"
"Vila Propício","Aparecida de Goiânia","192,9"
"Vila Propício","Formosa","203,9"
"Vila Propício","São Luís de Montes Belos","244,4"
"Vila Propício","Catalão","381,1"
"Vila Propício","Catalão","381,1"
"Vila Propício","Catalão","381,1"
"Vila Propício","Catalão","381,1"
"Vila Propício","Santa Helena de Goiás","383,5"
"Vila Propício","Itumbiara","396,6"
"Vila Propício","Itumbiara","396,6"
"Vila Propício","Jataí","478"
"Vila Propício","Jataí","478"
"Água Fria de Goiás","Formosa","99,9"
"Água Fria de Goiás","Águas Lindas de Goiás","125,8"
"Água Fria de Goiás","Luziânia","175,8"
"Água Fria de Goiás","Uruaçu","189,9"
"Água Fria de Goiás","Pirenópolis","195,7"
"Água Fria de Goiás","Jaraguá","230,5"
"Água Fria de Goiás","Anápolis","240,6"
"Água Fria de Goiás","Ceres","244,2"
"Água Fria de Goiás","Ceres","244,2"
"Água Fria de Goiás","Goiânia","296,9"
"Água Fria de Goiás","Goiânia","296,9"
"Água Fria de Goiás","Goiânia","296,9"
"Água Fria de Goiás","Goiânia","296,9"
"Água Fria de Goiás","Goiânia","296,9"
"Água Fria de Goiás","Goiânia","296,9"
"Água Fria de Goiás","Goiânia","296,9"
"Água Fria de Goiás","Goiânia","296,9"
"Água Fria de Goiás","Goiânia","296,9"
"Água Fria de Goiás","Goiânia","296,9"
"Água Fria de Goiás","Goiânia","296,9"
"Água Fria de Goiás","Goiânia","296,9"
"Água Fria de Goiás","Aparecida de Goiânia","309,4"
"Água Fria de Goiás","Trindade","313,2"
"Água Fria de Goiás","Trindade","313,2"
"Água Fria de Goiás","Goiás","328,9"
"Água Fria de Goiás","São Luís de Montes Belos","391,2"
"Água Fria de Goiás","Catalão","418,8"
"Água Fria de Goiás","Catalão","418,8"
"Água Fria de Goiás","Catalão","418,8"
"Água Fria de Goiás","Catalão","418,8"
"Água Fria de Goiás","Itumbiara","485"
"Água Fria de Goiás","Itumbiara","485"
"Água Fria de Goiás","Santa Helena de Goiás","513,7"
"Água Fria de Goiás","Jataí","624,8"
"Água Fria de Goiás","Jataí","624,8"
"Água Limpa","Itumbiara","77,1"
"Água Limpa","Itumbiara","77,1"
"Água Limpa","Itumbiara","77,1"
"Água Limpa","Catalão","110,2"
"Água Limpa","Catalão","110,2"
"Água Limpa","Catalão","110,2"
"Água Limpa","Catalão","110,2"
"Água Limpa","Aparecida de Goiânia","183,3"
"Água Limpa","Goiânia","201,2"
"Água Limpa","Goiânia","201,2"
"Água Limpa","Goiânia","201,2"
"Água Limpa","Goiânia","201,2"
"Água Limpa","Goiânia","201,2"
"Água Limpa","Goiânia","201,2"
"Água Limpa","Goiânia","201,2"
"Água Limpa","Goiânia","201,2"
"Água Limpa","Goiânia","201,2"
"Água Limpa","Goiânia","201,2"
"Água Limpa","Goiânia","201,2"
"Água Limpa","Goiânia","201,2"
"Água Limpa","Trindade","217,1"
"Água Limpa","Trindade","217,1"
"Água Limpa","Anápolis","240,6"
"Água Limpa","Santa Helena de Goiás","241,8"
"Água Limpa","Luziânia","264,4"
"Água Limpa","São Luís de Montes Belos","292,1"
"Água Limpa","Pirenópolis","298,2"
"Água Limpa","Águas Lindas de Goiás","314,9"
"Água Limpa","Jaraguá","318,7"
"Água Limpa","Goiás","335,9"
"Água Limpa","Jataí","376,7"
"Água Limpa","Jataí","376,7"
"Água Limpa","Formosa","384,2"
"Água Limpa","Ceres","385"
"Água Limpa","Ceres","385"
"Água Limpa","Uruaçu","468,7"
"Águas Lindas de Goiás","Águas Lindas de Goiás","0"
"Águas Lindas de Goiás","Luziânia","82,7"
"Águas Lindas de Goiás","Pirenópolis","92,8"
"Águas Lindas de Goiás","Anápolis","121,3"
"Águas Lindas de Goiás","Formosa","128"
"Águas Lindas de Goiás","Jaraguá","138,6"
"Águas Lindas de Goiás","Goiânia","180,7"
"Águas Lindas de Goiás","Goiânia","180,7"
"Águas Lindas de Goiás","Goiânia","180,7"
"Águas Lindas de Goiás","Goiânia","180,7"
"Águas Lindas de Goiás","Goiânia","180,7"
"Águas Lindas de Goiás","Goiânia","180,7"
"Águas Lindas de Goiás","Goiânia","180,7"
"Águas Lindas de Goiás","Goiânia","180,7"
"Águas Lindas de Goiás","Goiânia","180,7"
"Águas Lindas de Goiás","Goiânia","180,7"
"Águas Lindas de Goiás","Goiânia","180,7"
"Águas Lindas de Goiás","Goiânia","180,7"
"Águas Lindas de Goiás","Ceres","184,6"
"Águas Lindas de Goiás","Ceres","184,6"
"Águas Lindas de Goiás","Aparecida de Goiânia","192,4"
"Águas Lindas de Goiás","Trindade","200,2"
"Águas Lindas de Goiás","Trindade","200,2"
"Águas Lindas de Goiás","Uruaçu","203,7"
"Águas Lindas de Goiás","Goiás","245,6"
"Águas Lindas de Goiás","São Luís de Montes Belos","286,6"
"Águas Lindas de Goiás","Catalão","323,6"
"Águas Lindas de Goiás","Catalão","323,6"
"Águas Lindas de Goiás","Catalão","323,6"
"Águas Lindas de Goiás","Catalão","323,6"
"Águas Lindas de Goiás","Itumbiara","372,8"
"Águas Lindas de Goiás","Itumbiara","372,8"
"Águas Lindas de Goiás","Santa Helena de Goiás","403"
"Águas Lindas de Goiás","Jataí","513,4"
"Águas Lindas de Goiás","Jataí","513,4"